segmento,n_qubits,dim_hilbert,strain_mean,strain_std,escala_energia,paso,tiempo,fidelidad,entropia_shannon,pureza,concentracion_espectral,frecuencia_dominante,estado_medido
0,8,256,-2.376745e-18,1.647880e-18,4.024626e-18,0,0.000000e+00,1.000000,7.497975,0.006013,0.675350,0,estado estable
0,8,256,-2.376745e-18,1.647880e-18,4.024626e-18,1,1.242352e+17,0.154296,7.497975,0.006013,0.019262,142,sincronizacion de fases
0,8,256,-2.376745e-18,1.647880e-18,4.024626e-18,2,2.484703e+17,0.134064,7.497975,0.006013,0.026144,188,rama secundaria
0,8,256,-2.376745e-18,1.647880e-18,4.024626e-18,3,3.727055e+17,0.051830,7.497975,0.006013,0.027591,226,recuerdo recurrente
0,8,256,-2.376745e-18,1.647880e-18,4.024626e-18,4,4.969406e+17,0.024770,7.497975,0.006013,0.021456,242,recuerdo recurrente
0,8,256,-2.376745e-18,1.647880e-18,4.024626e-18,5,6.211758e+17,0.063163,7.497975,0.006013,0.021639,211,bifurcacion logica
0,8,256,-2.376745e-18,1.647880e-18,4.024626e-18,6,7.454109e+17,0.085434,7.497975,0.006013,0.029724,214,paradoja estable
0,8,256,-2.376745e-18,1.647880e-18,4.024626e-18,7,8.696461e+17,0.105695,7.497975,0.006013,0.018307,224,estado estable
0,8,256,-2.376745e-18,1.647880e-18,4.024626e-18,8,9.938813e+17,0.043977,7.497975,0.006013,0.026491,223,recurrencia completa
0,8,256,-2.376745e-18,1.647880e-18,4.024626e-18,9,1.118116e+18,0.034862,7.497975,0.006013,0.026768,121,evento repetido
0,8,256,-2.376745e-18,1.647880e-18,4.024626e-18,10,1.242352e+18,0.046581,7.497975,0.006013,0.018923,74,interferencia de fase
0,8,256,-2.376745e-18,1.647880e-18,4.024626e-18,11,1.366587e+18,0.055193,7.497975,0.006013,0.021849,66,recuerdo recurrente
0,8,256,-2.376745e-18,1.647880e-18,4.024626e-18,12,1.490822e+18,0.021566,7.497975,0.006013,0.024622,74,interferencia de fase
0,8,256,-2.376745e-18,1.647880e-18,4.024626e-18,13,1.615057e+18,0.038005,7.497975,0.006013,0.021018,74,interferencia de fase
0,8,256,-2.376745e-18,1.647880e-18,4.024626e-18,14,1.739292e+18,0.077676,7.497975,0.006013,0.017151,122,interferencia de fase
0,8,256,-2.376745e-18,1.647880e-18,4.024626e-18,15,1.863527e+18,0.077122,7.497975,0.006013,0.024775,105,evento repetido
0,8,256,-2.376745e-18,1.647880e-18,4.024626e-18,16,1.987763e+18,0.088088,7.497975,0.006013,0.024590,43,reconstruccion simbolica
1,8,256,2.854825e-18,7.510639e-19,3.605889e-18,0,0.000000e+00,1.000000,7.828033,0.004731,0.935266,0,estado estable
1,8,256,2.854825e-18,7.510639e-19,3.605889e-18,1,1.386621e+17,0.039894,7.828033,0.004731,0.024532,233,evento repetido
1,8,256,2.854825e-18,7.510639e-19,3.605889e-18,2,2.773241e+17,0.045470,7.828033,0.004731,0.025020,164,linea alternativa
1,8,256,2.854825e-18,7.510639e-19,3.605889e-18,3,4.159862e+17,0.033805,7.828033,0.004731,0.022351,30,sincronizacion de fases
1,8,256,2.854825e-18,7.510639e-19,3.605889e-18,4,5.546483e+17,0.049291,7.828033,0.004731,0.026986,47,recurrencia completa
1,8,256,2.854825e-18,7.510639e-19,3.605889e-18,5,6.933104e+17,0.073328,7.828033,0.004731,0.019002,123,reconstruccion simbolica
1,8,256,2.854825e-18,7.510639e-19,3.605889e-18,6,8.319724e+17,0.036711,7.828033,0.004731,0.017665,22,paradoja estable
1,8,256,2.854825e-18,7.510639e-19,3.605889e-18,7,9.706345e+17,0.111422,7.828033,0.004731,0.025200,160,estado estable
1,8,256,2.854825e-18,7.510639e-19,3.605889e-18,8,1.109297e+18,0.075772,7.828033,0.004731,0.017608,82,recuerdo recurrente
1,8,256,2.854825e-18,7.510639e-19,3.605889e-18,9,1.247959e+18,0.008287,7.828033,0.004731,0.022958,224,estado estable
1,8,256,2.854825e-18,7.510639e-19,3.605889e-18,10,1.386621e+18,0.096725,7.828033,0.004731,0.021552,182,paradoja estable
1,8,256,2.854825e-18,7.510639e-19,3.605889e-18,11,1.525283e+18,0.066093,7.828033,0.004731,0.031539,110,sincronizacion de fases
1,8,256,2.854825e-18,7.510639e-19,3.605889e-18,12,1.663945e+18,0.038704,7.828033,0.004731,0.027865,29,frontera de informacion
1,8,256,2.854825e-18,7.510639e-19,3.605889e-18,13,1.802607e+18,0.037039,7.828033,0.004731,0.022653,172,rama secundaria
1,8,256,2.854825e-18,7.510639e-19,3.605889e-18,14,1.941269e+18,0.020102,7.828033,0.004731,0.022415,212,linea alternativa
1,8,256,2.854825e-18,7.510639e-19,3.605889e-18,15,2.079931e+18,0.030401,7.828033,0.004731,0.030288,49,eco del pasado
1,8,256,2.854825e-18,7.510639e-19,3.605889e-18,16,2.218593e+18,0.095029,7.828033,0.004731,0.023081,219,reconstruccion simbolica
2,8,256,-2.084515e-18,1.475573e-18,3.560088e-18,0,0.000000e+00,1.000000,7.506308,0.005982,0.666185,0,estado estable
2,8,256,-2.084515e-18,1.475573e-18,3.560088e-18,1,1.404460e+17,0.036264,7.506308,0.005982,0.031377,202,interferencia de fase
2,8,256,-2.084515e-18,1.475573e-18,3.560088e-18,2,2.808919e+17,0.093808,7.506308,0.005982,0.023489,189,frontera de informacion
2,8,256,-2.084515e-18,1.475573e-18,3.560088e-18,3,4.213379e+17,0.140920,7.506308,0.005982,0.019054,71,convergencia de ciclos
2,8,256,-2.084515e-18,1.475573e-18,3.560088e-18,4,5.617839e+17,0.019505,7.506308,0.005982,0.029317,87,convergencia de ciclos
2,8,256,-2.084515e-18,1.475573e-18,3.560088e-18,5,7.022298e+17,0.020149,7.506308,0.005982,0.021471,71,convergencia de ciclos
2,8,256,-2.084515e-18,1.475573e-18,3.560088e-18,6,8.426758e+17,0.046912,7.506308,0.005982,0.031212,47,recurrencia completa
2,8,256,-2.084515e-18,1.475573e-18,3.560088e-18,7,9.831218e+17,0.076646,7.506308,0.005982,0.022283,149,salto de indice
2,8,256,-2.084515e-18,1.475573e-18,3.560088e-18,8,1.123568e+18,0.015755,7.506308,0.005982,0.021081,160,estado estable
2,8,256,-2.084515e-18,1.475573e-18,3.560088e-18,9,1.264014e+18,0.059821,7.506308,0.005982,0.031715,187,reconstruccion simbolica
2,8,256,-2.084515e-18,1.475573e-18,3.560088e-18,10,1.404460e+18,0.021363,7.506308,0.005982,0.018646,157,frontera de informacion
2,8,256,-2.084515e-18,1.475573e-18,3.560088e-18,11,1.544906e+18,0.138628,7.506308,0.005982,0.018180,255,recurrencia completa
2,8,256,-2.084515e-18,1.475573e-18,3.560088e-18,12,1.685352e+18,0.130191,7.506308,0.005982,0.014620,149,salto de indice
2,8,256,-2.084515e-18,1.475573e-18,3.560088e-18,13,1.825798e+18,0.120875,7.506308,0.005982,0.026078,238,sincronizacion de fases
2,8,256,-2.084515e-18,1.475573e-18,3.560088e-18,14,1.966244e+18,0.055279,7.506308,0.005982,0.019722,118,paradoja estable
2,8,256,-2.084515e-18,1.475573e-18,3.560088e-18,15,2.106690e+18,0.059266,7.506308,0.005982,0.027933,185,evento repetido
2,8,256,-2.084515e-18,1.475573e-18,3.560088e-18,16,2.247135e+18,0.052396,7.506308,0.005982,0.019349,228,linea alternativa
3,8,256,2.349799e-19,1.989649e-18,2.224629e-18,0,0.000000e+00,1.000000,7.479375,0.006344,0.329279,1,eco del pasado
3,8,256,2.349799e-19,1.989649e-18,2.224629e-18,1,2.247566e+17,0.054952,7.479375,0.006344,0.022517,247,convergencia de ciclos
3,8,256,2.349799e-19,1.989649e-18,2.224629e-18,2,4.495131e+17,0.078614,7.479375,0.006344,0.018074,45,frontera de informacion
3,8,256,2.349799e-19,1.989649e-18,2.224629e-18,3,6.742697e+17,0.058324,7.479375,0.006344,0.035815,195,bifurcacion logica
3,8,256,2.349799e-19,1.989649e-18,2.224629e-18,4,8.990262e+17,0.060861,7.479375,0.006344,0.020539,201,evento repetido
3,8,256,2.349799e-19,1.989649e-18,2.224629e-18,5,1.123783e+18,0.051324,7.479375,0.006344,0.022547,87,convergencia de ciclos
3,8,256,2.349799e-19,1.989649e-18,2.224629e-18,6,1.348539e+18,0.105656,7.479375,0.006344,0.022396,202,interferencia de fase
3,8,256,2.349799e-19,1.989649e-18,2.224629e-18,7,1.573296e+18,0.061143,7.479375,0.006344,0.016736,162,recuerdo recurrente
3,8,256,2.349799e-19,1.989649e-18,2.224629e-18,8,1.798052e+18,0.084292,7.479375,0.006344,0.042164,194,recuerdo recurrente
3,8,256,2.349799e-19,1.989649e-18,2.224629e-18,9,2.022809e+18,0.020519,7.479375,0.006344,0.021857,48,estado estable
3,8,256,2.349799e-19,1.989649e-18,2.224629e-18,10,2.247566e+18,0.015763,7.479375,0.006344,0.020464,206,sincronizacion de fases
3,8,256,2.349799e-19,1.989649e-18,2.224629e-18,11,2.472322e+18,0.056687,7.479375,0.006344,0.024972,143,recurrencia completa
3,8,256,2.349799e-19,1.989649e-18,2.224629e-18,12,2.697079e+18,0.033169,7.479375,0.006344,0.018333,182,paradoja estable
3,8,256,2.349799e-19,1.989649e-18,2.224629e-18,13,2.921835e+18,0.055228,7.479375,0.006344,0.016464,100,linea alternativa
3,8,256,2.349799e-19,1.989649e-18,2.224629e-18,14,3.146592e+18,0.098634,7.479375,0.006344,0.027247,170,interferencia de fase
3,8,256,2.349799e-19,1.989649e-18,2.224629e-18,15,3.371348e+18,0.069711,7.479375,0.006344,0.026783,242,recuerdo recurrente
3,8,256,2.349799e-19,1.989649e-18,2.224629e-18,16,3.596105e+18,0.103832,7.479375,0.006344,0.019448,37,salto de indice
4,8,256,1.750032e-18,1.464549e-18,3.214582e-18,0,0.000000e+00,1.000000,7.415814,0.006516,0.588114,0,estado estable
4,8,256,1.750032e-18,1.464549e-18,3.214582e-18,1,1.555412e+17,0.112080,7.415814,0.006516,0.023927,246,paradoja estable
4,8,256,1.750032e-18,1.464549e-18,3.214582e-18,2,3.110825e+17,0.129177,7.415814,0.006516,0.020052,99,bifurcacion logica
4,8,256,1.750032e-18,1.464549e-18,3.214582e-18,3,4.666237e+17,0.085313,7.415814,0.006516,0.022421,61,frontera de informacion
4,8,256,1.750032e-18,1.464549e-18,3.214582e-18,4,6.221649e+17,0.049536,7.415814,0.006516,0.025651,51,bifurcacion logica
4,8,256,1.750032e-18,1.464549e-18,3.214582e-18,5,7.777061e+17,0.066208,7.415814,0.006516,0.025364,229,salto de indice
4,8,256,1.750032e-18,1.464549e-18,3.214582e-18,6,9.332474e+17,0.052383,7.415814,0.006516,0.024515,250,interferencia de fase
4,8,256,1.750032e-18,1.464549e-18,3.214582e-18,7,1.088789e+18,0.013446,7.415814,0.006516,0.019908,214,paradoja estable
4,8,256,1.750032e-18,1.464549e-18,3.214582e-18,8,1.244330e+18,0.054486,7.415814,0.006516,0.022460,134,paradoja estable
4,8,256,1.750032e-18,1.464549e-18,3.214582e-18,9,1.399871e+18,0.083276,7.415814,0.006516,0.021158,21,salto de indice
4,8,256,1.750032e-18,1.464549e-18,3.214582e-18,10,1.555412e+18,0.017646,7.415814,0.006516,0.022659,165,salto de indice
4,8,256,1.750032e-18,1.464549e-18,3.214582e-18,11,1.710953e+18,0.094519,7.415814,0.006516,0.016934,236,rama secundaria
4,8,256,1.750032e-18,1.464549e-18,3.214582e-18,12,1.866495e+18,0.089513,7.415814,0.006516,0.020748,17,eco del pasado
4,8,256,1.750032e-18,1.464549e-18,3.214582e-18,13,2.022036e+18,0.024315,7.415814,0.006516,0.019762,198,paradoja estable
4,8,256,1.750032e-18,1.464549e-18,3.214582e-18,14,2.177577e+18,0.160412,7.415814,0.006516,0.016854,170,interferencia de fase
4,8,256,1.750032e-18,1.464549e-18,3.214582e-18,15,2.333118e+18,0.059220,7.415814,0.006516,0.026676,170,interferencia de fase
4,8,256,1.750032e-18,1.464549e-18,3.214582e-18,16,2.488660e+18,0.056523,7.415814,0.006516,0.020886,170,interferencia de fase
5,8,256,-2.508054e-18,5.287808e-19,3.036835e-18,0,0.000000e+00,1.000000,7.884806,0.004471,0.957441,0,estado estable
5,8,256,-2.508054e-18,5.287808e-19,3.036835e-18,1,1.646451e+17,0.036689,7.884806,0.004471,0.019007,134,paradoja estable
5,8,256,-2.508054e-18,5.287808e-19,3.036835e-18,2,3.292902e+17,0.023045,7.884806,0.004471,0.024538,78,sincronizacion de fases
5,8,256,-2.508054e-18,5.287808e-19,3.036835e-18,3,4.939353e+17,0.043782,7.884806,0.004471,0.024629,9,evento repetido
5,8,256,-2.508054e-18,5.287808e-19,3.036835e-18,4,6.585804e+17,0.055984,7.884806,0.004471,0.018441,217,evento repetido
5,8,256,-2.508054e-18,5.287808e-19,3.036835e-18,5,8.232255e+17,0.128835,7.884806,0.004471,0.028488,219,reconstruccion simbolica
5,8,256,-2.508054e-18,5.287808e-19,3.036835e-18,6,9.878706e+17,0.118578,7.884806,0.004471,0.018731,243,bifurcacion logica
5,8,256,-2.508054e-18,5.287808e-19,3.036835e-18,7,1.152516e+18,0.026134,7.884806,0.004471,0.019746,41,evento repetido
5,8,256,-2.508054e-18,5.287808e-19,3.036835e-18,8,1.317161e+18,0.066767,7.884806,0.004471,0.026647,224,estado estable
5,8,256,-2.508054e-18,5.287808e-19,3.036835e-18,9,1.481806e+18,0.063600,7.884806,0.004471,0.025079,90,interferencia de fase
5,8,256,-2.508054e-18,5.287808e-19,3.036835e-18,10,1.646451e+18,0.046038,7.884806,0.004471,0.019075,198,paradoja estable
5,8,256,-2.508054e-18,5.287808e-19,3.036835e-18,11,1.811096e+18,0.026827,7.884806,0.004471,0.024548,44,rama secundaria
5,8,256,-2.508054e-18,5.287808e-19,3.036835e-18,12,1.975741e+18,0.025721,7.884806,0.004471,0.020682,121,evento repetido
5,8,256,-2.508054e-18,5.287808e-19,3.036835e-18,13,2.140386e+18,0.059477,7.884806,0.004471,0.026946,236,rama secundaria
5,8,256,-2.508054e-18,5.287808e-19,3.036835e-18,14,2.305031e+18,0.092256,7.884806,0.004471,0.027743,251,reconstruccion simbolica
5,8,256,-2.508054e-18,5.287808e-19,3.036835e-18,15,2.469677e+18,0.047564,7.884806,0.004471,0.021617,91,reconstruccion simbolica
5,8,256,-2.508054e-18,5.287808e-19,3.036835e-18,16,2.634322e+18,0.130616,7.884806,0.004471,0.021243,173,frontera de informacion
6,8,256,1.272526e-18,1.379977e-18,2.652503e-18,0,0.000000e+00,1.000000,7.397165,0.006759,0.459557,0,estado estable
6,8,256,1.272526e-18,1.379977e-18,2.652503e-18,1,1.885012e+17,0.058988,7.397165,0.006759,0.024375,166,paradoja estable
6,8,256,1.272526e-18,1.379977e-18,2.652503e-18,2,3.770023e+17,0.041474,7.397165,0.006759,0.031424,102,paradoja estable
6,8,256,1.272526e-18,1.379977e-18,2.652503e-18,3,5.655035e+17,0.084056,7.397165,0.006759,0.018893,226,recuerdo recurrente
6,8,256,1.272526e-18,1.379977e-18,2.652503e-18,4,7.540047e+17,0.038727,7.397165,0.006759,0.024352,32,estado estable
6,8,256,1.272526e-18,1.379977e-18,2.652503e-18,5,9.425059e+17,0.020561,7.397165,0.006759,0.025283,82,recuerdo recurrente
6,8,256,1.272526e-18,1.379977e-18,2.652503e-18,6,1.131007e+18,0.069814,7.397165,0.006759,0.023199,221,frontera de informacion
6,8,256,1.272526e-18,1.379977e-18,2.652503e-18,7,1.319508e+18,0.083468,7.397165,0.006759,0.027345,116,linea alternativa
6,8,256,1.272526e-18,1.379977e-18,2.652503e-18,8,1.508009e+18,0.121740,7.397165,0.006759,0.023817,251,reconstruccion simbolica
6,8,256,1.272526e-18,1.379977e-18,2.652503e-18,9,1.696511e+18,0.105935,7.397165,0.006759,0.022430,164,linea alternativa
6,8,256,1.272526e-18,1.379977e-18,2.652503e-18,10,1.885012e+18,0.149668,7.397165,0.006759,0.021820,100,linea alternativa
6,8,256,1.272526e-18,1.379977e-18,2.652503e-18,11,2.073513e+18,0.070754,7.397165,0.006759,0.026987,16,estado estable
6,8,256,1.272526e-18,1.379977e-18,2.652503e-18,12,2.262014e+18,0.039370,7.397165,0.006759,0.017356,210,recuerdo recurrente
6,8,256,1.272526e-18,1.379977e-18,2.652503e-18,13,2.450515e+18,0.100926,7.397165,0.006759,0.029483,5,salto de indice
6,8,256,1.272526e-18,1.379977e-18,2.652503e-18,14,2.639016e+18,0.114570,7.397165,0.006759,0.019825,193,eco del pasado
6,8,256,1.272526e-18,1.379977e-18,2.652503e-18,15,2.827518e+18,0.017443,7.397165,0.006759,0.017866,254,sincronizacion de fases
6,8,256,1.272526e-18,1.379977e-18,2.652503e-18,16,3.016019e+18,0.065376,7.397165,0.006759,0.027643,211,bifurcacion logica
7,8,256,1.134662e-18,1.300802e-18,2.435464e-18,0,0.000000e+00,1.000000,7.316507,0.007309,0.432099,0,estado estable
7,8,256,1.134662e-18,1.300802e-18,2.435464e-18,1,2.052997e+17,0.167436,7.316507,0.007309,0.018180,160,estado estable
7,8,256,1.134662e-18,1.300802e-18,2.435464e-18,2,4.105994e+17,0.091378,7.316507,0.007309,0.023041,164,linea alternativa
7,8,256,1.134662e-18,1.300802e-18,2.435464e-18,3,6.158990e+17,0.056710,7.316507,0.007309,0.026513,161,eco del pasado
7,8,256,1.134662e-18,1.300802e-18,2.435464e-18,4,8.211987e+17,0.077748,7.316507,0.007309,0.017350,100,linea alternativa
7,8,256,1.134662e-18,1.300802e-18,2.435464e-18,5,1.026498e+18,0.068007,7.316507,0.007309,0.024964,17,eco del pasado
7,8,256,1.134662e-18,1.300802e-18,2.435464e-18,6,1.231798e+18,0.176900,7.316507,0.007309,0.022374,148,linea alternativa
7,8,256,1.134662e-18,1.300802e-18,2.435464e-18,7,1.437098e+18,0.067258,7.316507,0.007309,0.021357,95,recurrencia completa
7,8,256,1.134662e-18,1.300802e-18,2.435464e-18,8,1.642397e+18,0.097066,7.316507,0.007309,0.041184,15,recurrencia completa
7,8,256,1.134662e-18,1.300802e-18,2.435464e-18,9,1.847697e+18,0.099036,7.316507,0.007309,0.020646,227,bifurcacion logica
7,8,256,1.134662e-18,1.300802e-18,2.435464e-18,10,2.052997e+18,0.080461,7.316507,0.007309,0.022132,180,linea alternativa
7,8,256,1.134662e-18,1.300802e-18,2.435464e-18,11,2.258297e+18,0.091268,7.316507,0.007309,0.026962,152,memoria persistente
7,8,256,1.134662e-18,1.300802e-18,2.435464e-18,12,2.463596e+18,0.065325,7.316507,0.007309,0.018814,40,memoria persistente
7,8,256,1.134662e-18,1.300802e-18,2.435464e-18,13,2.668896e+18,0.018653,7.316507,0.007309,0.025838,142,sincronizacion de fases
7,8,256,1.134662e-18,1.300802e-18,2.435464e-18,14,2.874196e+18,0.109199,7.316507,0.007309,0.017173,191,recurrencia completa
7,8,256,1.134662e-18,1.300802e-18,2.435464e-18,15,3.079495e+18,0.054891,7.316507,0.007309,0.022576,99,bifurcacion logica
7,8,256,1.134662e-18,1.300802e-18,2.435464e-18,16,3.284795e+18,0.096204,7.316507,0.007309,0.024806,13,frontera de informacion
8,8,256,-2.401942e-18,4.121026e-19,2.814045e-18,0,0.000000e+00,1.000000,7.922470,0.004286,0.971405,0,estado estable
8,8,256,-2.401942e-18,4.121026e-19,2.814045e-18,1,1.776802e+17,0.049041,7.922470,0.004286,0.025428,128,estado estable
8,8,256,-2.401942e-18,4.121026e-19,2.814045e-18,2,3.553603e+17,0.096728,7.922470,0.004286,0.020422,51,bifurcacion logica
8,8,256,-2.401942e-18,4.121026e-19,2.814045e-18,3,5.330405e+17,0.088223,7.922470,0.004286,0.028405,222,sincronizacion de fases
8,8,256,-2.401942e-18,4.121026e-19,2.814045e-18,4,7.107207e+17,0.093657,7.922470,0.004286,0.019082,120,memoria persistente
8,8,256,-2.401942e-18,4.121026e-19,2.814045e-18,5,8.884008e+17,0.054886,7.922470,0.004286,0.025531,29,frontera de informacion
8,8,256,-2.401942e-18,4.121026e-19,2.814045e-18,6,1.066081e+18,0.024079,7.922470,0.004286,0.017849,127,recurrencia completa
8,8,256,-2.401942e-18,4.121026e-19,2.814045e-18,7,1.243761e+18,0.060691,7.922470,0.004286,0.031097,41,evento repetido
8,8,256,-2.401942e-18,4.121026e-19,2.814045e-18,8,1.421441e+18,0.053977,7.922470,0.004286,0.022744,91,reconstruccion simbolica
8,8,256,-2.401942e-18,4.121026e-19,2.814045e-18,9,1.599122e+18,0.144821,7.922470,0.004286,0.021314,86,paradoja estable
8,8,256,-2.401942e-18,4.121026e-19,2.814045e-18,10,1.776802e+18,0.110276,7.922470,0.004286,0.022783,80,estado estable
8,8,256,-2.401942e-18,4.121026e-19,2.814045e-18,11,1.954482e+18,0.104979,7.922470,0.004286,0.019365,190,sincronizacion de fases
8,8,256,-2.401942e-18,4.121026e-19,2.814045e-18,12,2.132162e+18,0.022922,7.922470,0.004286,0.018077,205,frontera de informacion
8,8,256,-2.401942e-18,4.121026e-19,2.814045e-18,13,2.309842e+18,0.073090,7.922470,0.004286,0.023162,88,memoria persistente
8,8,256,-2.401942e-18,4.121026e-19,2.814045e-18,14,2.487522e+18,0.022610,7.922470,0.004286,0.018958,187,reconstruccion simbolica
8,8,256,-2.401942e-18,4.121026e-19,2.814045e-18,15,2.665203e+18,0.011435,7.922470,0.004286,0.022051,30,sincronizacion de fases
8,8,256,-2.401942e-18,4.121026e-19,2.814045e-18,16,2.842883e+18,0.035698,7.922470,0.004286,0.021006,31,recurrencia completa
9,8,256,8.900868e-19,1.578997e-18,2.469083e-18,0,0.000000e+00,1.000000,7.297681,0.007650,0.247570,1,eco del pasado
9,8,256,8.900868e-19,1.578997e-18,2.469083e-18,1,2.025043e+17,0.029989,7.297681,0.007650,0.022440,24,memoria persistente
9,8,256,8.900868e-19,1.578997e-18,2.469083e-18,2,4.050086e+17,0.101038,7.297681,0.007650,0.020596,160,estado estable
9,8,256,8.900868e-19,1.578997e-18,2.469083e-18,3,6.075129e+17,0.086746,7.297681,0.007650,0.024427,145,eco del pasado
9,8,256,8.900868e-19,1.578997e-18,2.469083e-18,4,8.100172e+17,0.198069,7.297681,0.007650,0.028638,43,reconstruccion simbolica
9,8,256,8.900868e-19,1.578997e-18,2.469083e-18,5,1.012521e+18,0.082688,7.297681,0.007650,0.019137,51,bifurcacion logica
9,8,256,8.900868e-19,1.578997e-18,2.469083e-18,6,1.215026e+18,0.030518,7.297681,0.007650,0.017931,223,recurrencia completa
9,8,256,8.900868e-19,1.578997e-18,2.469083e-18,7,1.417530e+18,0.151437,7.297681,0.007650,0.020398,103,convergencia de ciclos
9,8,256,8.900868e-19,1.578997e-18,2.469083e-18,8,1.620034e+18,0.001962,7.297681,0.007650,0.018007,154,interferencia de fase
9,8,256,8.900868e-19,1.578997e-18,2.469083e-18,9,1.822539e+18,0.150079,7.297681,0.007650,0.021301,251,reconstruccion simbolica
9,8,256,8.900868e-19,1.578997e-18,2.469083e-18,10,2.025043e+18,0.032202,7.297681,0.007650,0.021614,81,eco del pasado
9,8,256,8.900868e-19,1.578997e-18,2.469083e-18,11,2.227547e+18,0.078946,7.297681,0.007650,0.036231,37,salto de indice
9,8,256,8.900868e-19,1.578997e-18,2.469083e-18,12,2.430052e+18,0.075782,7.297681,0.007650,0.021872,196,linea alternativa
9,8,256,8.900868e-19,1.578997e-18,2.469083e-18,13,2.632556e+18,0.101920,7.297681,0.007650,0.020008,149,salto de indice
9,8,256,8.900868e-19,1.578997e-18,2.469083e-18,14,2.835060e+18,0.064831,7.297681,0.007650,0.024836,202,interferencia de fase
9,8,256,8.900868e-19,1.578997e-18,2.469083e-18,15,3.037564e+18,0.044675,7.297681,0.007650,0.035876,128,estado estable
9,8,256,8.900868e-19,1.578997e-18,2.469083e-18,16,3.240069e+18,0.132579,7.297681,0.007650,0.023211,111,recurrencia completa

segmento,paso,estado_cuantico,conteo
0,0,|00100111>,35
0,0,|01000001>,24
0,0,|10001010>,19
0,0,|10001101>,12
0,0,|00111100>,21
0,0,|00000100>,24
0,0,|00100100>,35
0,0,|00101000>,35
0,0,|01001011>,28
0,0,|00111110>,32
0,0,|00010110>,28
0,0,|00111001>,54
0,0,|00011000>,27
0,0,|01110000>,15
0,0,|01100001>,32
0,0,|00101100>,28
0,0,|00110100>,28
0,0,|10011001>,9
0,0,|01100101>,29
0,0,|00111000>,46
0,0,|00001110>,29
0,0,|01001111>,28
0,0,|00000001>,27
0,0,|00110001>,27
0,0,|01000011>,35
0,0,|00011011>,32
0,0,|01110110>,12
0,0,|10110001>,8
0,0,|01010100>,31
0,0,|01001001>,36
0,0,|01111100>,17
0,0,|01001010>,25
0,0,|10011010>,10
0,0,|10010010>,14
0,0,|01100111>,42
0,0,|10011100>,15
0,0,|00110010>,25
0,0,|10000111>,18
0,0,|00000010>,22
0,0,|00010001>,29
0,0,|01000101>,27
0,0,|10010001>,19
0,0,|00000110>,32
0,0,|00110111>,28
0,0,|00011111>,21
0,0,|01011000>,26
0,0,|10010000>,14
0,0,|11010001>,1
0,0,|01001100>,30
0,0,|00011110>,36
0,0,|01100010>,29
0,0,|00011010>,25
0,0,|11001011>,2
0,0,|01101001>,23
0,0,|00111111>,42
0,0,|00001100>,31
0,0,|00100011>,26
0,0,|00000101>,28
0,0,|01111101>,18
0,0,|01101110>,21
0,0,|01101011>,24
0,0,|10110010>,4
0,0,|01110001>,30
0,0,|00010000>,20
0,0,|01000010>,34
0,0,|10001111>,11
0,0,|10100011>,12
0,0,|00011101>,25
0,0,|01011001>,22
0,0,|00101111>,27
0,0,|11101101>,1
0,0,|00000111>,25
0,0,|00001000>,34
0,0,|00101001>,41
0,0,|00100010>,24
0,0,|01101111>,15
0,0,|00110000>,29
0,0,|10001100>,8
0,0,|01011100>,17
0,0,|01010000>,25
0,0,|00001111>,18
0,0,|01011101>,27
0,0,|01111001>,29
0,0,|01011110>,28
0,0,|01100110>,27
0,0,|01000110>,33
0,0,|10101100>,3
0,0,|01010001>,30
0,0,|01110011>,26
0,0,|01101010>,20
0,0,|10110111>,6
0,0,|00000011>,27
0,0,|01100011>,22
0,0,|01010010>,22
0,0,|00101101>,33
0,0,|00011001>,23
0,0,|10101010>,5
0,0,|00010101>,26
0,0,|00010111>,32
0,0,|00001001>,21
0,0,|00000000>,24
0,0,|01011011>,28
0,0,|10000010>,12
0,0,|10010111>,8
0,0,|00110110>,28
0,0,|00111101>,29
0,0,|01101000>,16
0,0,|01100100>,24
0,0,|00101011>,24
0,0,|00101010>,36
0,0,|10000011>,21
0,0,|00111011>,35
0,0,|10100000>,12
0,0,|10001110>,10
0,0,|01001101>,41
0,0,|01000111>,30
0,0,|00001011>,27
0,0,|10000100>,14
0,0,|11101100>,1
0,0,|00010010>,20
0,0,|10000110>,24
0,0,|01011010>,23
0,0,|01001110>,38
0,0,|10100001>,12
0,0,|01000100>,30
0,0,|10010100>,13
0,0,|01110100>,21
0,0,|00001010>,23
0,0,|00100001>,32
0,0,|01110111>,16
0,0,|01001000>,29
0,0,|00011100>,22
0,0,|01111011>,22
0,0,|10000101>,16
0,0,|00111010>,30
0,0,|00101110>,33
0,0,|00110101>,31
0,0,|10010110>,13
0,0,|11001001>,1
0,0,|11110001>,2
0,0,|01010101>,37
0,0,|00010011>,28
0,0,|10011111>,8
0,0,|10100111>,6
0,0,|10000000>,15
0,0,|01110010>,20
0,0,|11000111>,2
0,0,|00100110>,29
0,0,|01011111>,19
0,0,|00100101>,21
0,0,|01111111>,17
0,0,|00010100>,23
0,0,|00100000>,34
0,0,|00110011>,27
0,0,|01010110>,25
0,0,|11110100>,2
0,0,|10000001>,20
0,0,|01111010>,23
0,0,|10011000>,13
0,0,|10011110>,5
0,0,|01111000>,25
0,0,|11111011>,2
0,0,|10001011>,12
0,0,|01000000>,29
0,0,|01100000>,24
0,0,|10011101>,10
0,0,|00001101>,16
0,0,|01110101>,20
0,0,|10111010>,3
0,0,|01101101>,17
0,0,|10010011>,16
0,0,|10100010>,6
0,0,|10101111>,3
0,0,|11111111>,2
0,0,|10101000>,6
0,0,|10111110>,4
0,0,|10101101>,8
0,0,|11110000>,2
0,0,|10101011>,7
0,0,|10001001>,9
0,0,|10110011>,6
0,0,|01101100>,18
0,0,|10001000>,17
0,0,|01010011>,28
0,0,|10100110>,13
0,0,|01010111>,23
0,0,|11000011>,1
0,0,|01111110>,14
0,0,|11111101>,2
0,0,|11111000>,4
0,0,|11110101>,1
0,0,|10101110>,4
0,0,|10111000>,2
0,0,|10110000>,5
0,0,|10110110>,4
0,0,|11110111>,2
0,0,|10111101>,4
0,0,|10011011>,13
0,0,|10111011>,5
0,0,|11111010>,2
0,0,|10111100>,3
0,0,|10100101>,9
0,0,|10010101>,11
0,0,|10110101>,2
0,0,|10101001>,6
0,0,|11000101>,1
0,0,|10110100>,2
0,0,|11101111>,2
0,0,|11000000>,1
0,0,|11000100>,4
0,0,|11111100>,1
0,0,|11111001>,1
0,0,|11000001>,1
0,0,|11010101>,1
0,0,|11101110>,1
0,0,|11111110>,3
0,0,|11001110>,1
0,0,|11001010>,1
0,0,|11000010>,1
0,0,|10111001>,1
0,0,|11101011>,1
0,1,|10000100>,15
0,1,|01011001>,27
0,1,|00111011>,30
0,1,|01011011>,20
0,1,|01001101>,26
0,1,|01011010>,25
0,1,|01111001>,25
0,1,|10000011>,17
0,1,|01110100>,16
0,1,|10000010>,13
0,1,|00010010>,30
0,1,|00111110>,28
0,1,|01000101>,22
0,1,|10100101>,8
0,1,|00010011>,25
0,1,|00111000>,38
0,1,|10001100>,19
0,1,|01100001>,28
0,1,|11111100>,3
0,1,|10000000>,17
0,1,|01110111>,21
0,1,|00101100>,28
0,1,|10000001>,26
0,1,|10000101>,14
0,1,|00101110>,30
0,1,|00110000>,23
0,1,|00011110>,27
0,1,|01001000>,27
0,1,|10000110>,11
0,1,|01000110>,27
0,1,|00011001>,27
0,1,|00100101>,38
0,1,|00110100>,21
0,1,|00100110>,32
0,1,|00100001>,34
0,1,|00101111>,29
0,1,|00000001>,23
0,1,|00010110>,29
0,1,|01010010>,26
0,1,|00011010>,33
0,1,|00001001>,26
0,1,|10001111>,12
0,1,|00001100>,24
0,1,|11110101>,2
0,1,|00010100>,25
0,1,|00000010>,27
0,1,|00011101>,31
0,1,|01100100>,26
0,1,|01001011>,31
0,1,|01001110>,28
0,1,|00101101>,33
0,1,|10101010>,11
0,1,|01011111>,25
0,1,|00101001>,33
0,1,|01001100>,35
0,1,|00111100>,35
0,1,|00110110>,33
0,1,|10100100>,10
0,1,|00111101>,36
0,1,|00110011>,28
0,1,|01011000>,27
0,1,|00110111>,39
0,1,|00111010>,35
0,1,|00100011>,37
0,1,|00000000>,30
0,1,|00101000>,32
0,1,|01101000>,25
0,1,|01011100>,23
0,1,|00010001>,22
0,1,|01111111>,26
0,1,|01010000>,32
0,1,|01110001>,24
0,1,|10010101>,15
0,1,|00110001>,38
0,1,|01011110>,29
0,1,|01010101>,27
0,1,|00010000>,29
0,1,|10111111>,3
0,1,|01000010>,31
0,1,|01111101>,21
0,1,|01011101>,22
0,1,|01110101>,14
0,1,|01000011>,25
0,1,|01110000>,30
0,1,|10011000>,14
0,1,|00000111>,18
0,1,|00010101>,29
0,1,|00000011>,20
0,1,|01101011>,23
0,1,|10001101>,10
0,1,|01000100>,29
0,1,|01000000>,24
0,1,|01001001>,23
0,1,|00011011>,39
0,1,|00001011>,21
0,1,|10110000>,4
0,1,|11000001>,5
0,1,|01100110>,18
0,1,|00001101>,22
0,1,|01010011>,33
0,1,|10010010>,13
0,1,|00000110>,29
0,1,|01101010>,26
0,1,|01001010>,35
0,1,|00110010>,27
0,1,|10001110>,22
0,1,|10000111>,14
0,1,|01100010>,32
0,1,|00011000>,20
0,1,|10011010>,17
0,1,|01000001>,38
0,1,|10110111>,9
0,1,|00110101>,28
0,1,|01111110>,14
0,1,|00101011>,29
0,1,|00001110>,27
0,1,|10001000>,12
0,1,|10010011>,11
0,1,|00001111>,27
0,1,|00011100>,25
0,1,|10111010>,4
0,1,|01100011>,35
0,1,|10010110>,10
0,1,|01010111>,20
0,1,|10011011>,14
0,1,|10001001>,17
0,1,|01100101>,24
0,1,|10011110>,12
0,1,|10101100>,4
0,1,|10110110>,3
0,1,|00100111>,35
0,1,|01001111>,33
0,1,|00000101>,18
0,1,|10010111>,17
0,1,|00000100>,23
0,1,|11101110>,2
0,1,|10011101>,5
0,1,|10010001>,13
0,1,|01110010>,26
0,1,|11000100>,2
0,1,|10010100>,7
0,1,|00011111>,27
0,1,|01010100>,26
0,1,|01111100>,26
0,1,|00111001>,38
0,1,|00111111>,34
0,1,|01101111>,22
0,1,|01101001>,25
0,1,|01101100>,32
0,1,|11111110>,4
0,1,|10001010>,19
0,1,|10011001>,9
0,1,|01010001>,20
0,1,|10101011>,9
0,1,|10101101>,5
0,1,|00100000>,29
0,1,|01100000>,11
0,1,|01111011>,13
0,1,|11000000>,3
0,1,|01110011>,21
0,1,|01010110>,26
0,1,|00100100>,25
0,1,|11111000>,3
0,1,|10100111>,5
0,1,|01000111>,22
0,1,|11110111>,1
0,1,|01101110>,21
0,1,|10101001>,3
0,1,|01111000>,16
0,1,|01100111>,23
0,1,|10001011>,15
0,1,|01110110>,19
0,1,|11101011>,2
0,1,|00001000>,26
0,1,|01111010>,23
0,1,|00010111>,31
0,1,|10111011>,7
0,1,|10100001>,4
0,1,|10111001>,3
0,1,|10101111>,3
0,1,|00101010>,26
0,1,|10100000>,11
0,1,|00100010>,35
0,1,|10110011>,4
0,1,|00001010>,17
0,1,|10100010>,6
0,1,|10010000>,11
0,1,|11000011>,5
0,1,|10111110>,4
0,1,|10110001>,2
0,1,|10101000>,5
0,1,|10011100>,10
0,1,|11101100>,1
0,1,|11001000>,3
0,1,|10011111>,8
0,1,|11110100>,3
0,1,|10101110>,5
0,1,|01101101>,22
0,1,|10100110>,9
0,1,|10110010>,5
0,1,|11111101>,2
0,1,|11111111>,2
0,1,|10110101>,1
0,1,|11101101>,1
0,1,|11111010>,1
0,1,|10100011>,8
0,1,|11000110>,1
0,1,|10111000>,3
0,1,|11000111>,2
0,1,|10110100>,2
0,1,|10111101>,1
0,1,|11111011>,2
0,1,|11110001>,2
0,1,|11101010>,1
0,1,|11010000>,1
0,1,|11010101>,1
0,1,|11001001>,1
0,1,|11001011>,2
0,1,|11110010>,1
0,1,|11111001>,1
0,1,|11000101>,1
0,2,|00110100>,37
0,2,|00111010>,31
0,2,|01010011>,28
0,2,|00000101>,31
0,2,|01101010>,12
0,2,|00001010>,22
0,2,|00111000>,33
0,2,|00101110>,29
0,2,|00000010>,25
0,2,|00101100>,35
0,2,|00101011>,24
0,2,|00100001>,27
0,2,|00101000>,37
0,2,|00110011>,30
0,2,|00001101>,26
0,2,|00110001>,32
0,2,|10001011>,15
0,2,|01011000>,23
0,2,|10011001>,3
0,2,|01010111>,29
0,2,|10001111>,16
0,2,|10101111>,6
0,2,|00100100>,40
0,2,|01110010>,32
0,2,|00100011>,28
0,2,|01001011>,37
0,2,|00010110>,26
0,2,|01100000>,16
0,2,|01111010>,30
0,2,|01111100>,18
0,2,|01011010>,33
0,2,|01111101>,25
0,2,|10110111>,2
0,2,|10000000>,19
0,2,|01010101>,34
0,2,|00000011>,32
0,2,|01000111>,25
0,2,|10001001>,10
0,2,|01010110>,42
0,2,|10000100>,14
0,2,|00011010>,29
0,2,|01110100>,28
0,2,|01001101>,34
0,2,|10000011>,16
0,2,|01111000>,20
0,2,|01000001>,23
0,2,|01010100>,21
0,2,|00101001>,30
0,2,|10000001>,17
0,2,|01100001>,19
0,2,|00110010>,35
0,2,|01001000>,27
0,2,|01101001>,19
0,2,|00001110>,24
0,2,|01100111>,24
0,2,|10011100>,13
0,2,|00101111>,27
0,2,|10100111>,4
0,2,|00100111>,35
0,2,|01100100>,27
0,2,|00111100>,31
0,2,|00010011>,21
0,2,|00010100>,24
0,2,|00010001>,24
0,2,|00110101>,28
0,2,|01000000>,33
0,2,|00010010>,23
0,2,|01011101>,31
0,2,|01001110>,31
0,2,|00001011>,27
0,2,|00111011>,33
0,2,|01010010>,31
0,2,|01011011>,27
0,2,|01000101>,28
0,2,|00000111>,22
0,2,|11111100>,3
0,2,|01110000>,27
0,2,|10001110>,15
0,2,|10000010>,7
0,2,|10100100>,7
0,2,|01011100>,25
0,2,|01111001>,19
0,2,|00011001>,33
0,2,|00000110>,21
0,2,|10110101>,2
0,2,|01011111>,28
0,2,|00100000>,23
0,2,|01000110>,27
0,2,|00010111>,30
0,2,|00010000>,26
0,2,|00110111>,30
0,2,|00100010>,27
0,2,|00011101>,23
0,2,|10010001>,12
0,2,|01110111>,15
0,2,|01011001>,26
0,2,|00101101>,36
0,2,|10001000>,13
0,2,|00110000>,35
0,2,|01100011>,23
0,2,|00111001>,33
0,2,|00111110>,23
0,2,|10110010>,5
0,2,|10000111>,13
0,2,|00011100>,40
0,2,|01111111>,26
0,2,|11000010>,4
0,2,|01100110>,30
0,2,|00101010>,36
0,2,|10010101>,16
0,2,|01101110>,21
0,2,|01000100>,23
0,2,|01001100>,37
0,2,|00011011>,26
0,2,|00010101>,29
0,2,|00100110>,40
0,2,|01001001>,23
0,2,|01000011>,24
0,2,|01101111>,29
0,2,|10011010>,10
0,2,|10010111>,17
0,2,|00000001>,21
0,2,|00000100>,21
0,2,|01000010>,34
0,2,|01010000>,24
0,2,|10001101>,14
0,2,|00111101>,33
0,2,|00110110>,31
0,2,|10100011>,12
0,2,|00111111>,19
0,2,|01110110>,18
0,2,|11000000>,2
0,2,|00000000>,24
0,2,|10010110>,9
0,2,|10101010>,6
0,2,|10010100>,14
0,2,|01101011>,29
0,2,|00011111>,33
0,2,|01001111>,38
0,2,|10101011>,5
0,2,|10110110>,6
0,2,|01110011>,21
0,2,|01101000>,22
0,2,|10011011>,10
0,2,|11111101>,2
0,2,|01011110>,28
0,2,|01101101>,21
0,2,|01101100>,28
0,2,|01100101>,20
0,2,|10011111>,7
0,2,|10101101>,8
0,2,|10101001>,5
0,2,|10011101>,9
0,2,|10111010>,7
0,2,|10001010>,12
0,2,|00011000>,30
0,2,|01001010>,30
0,2,|10110011>,5
0,2,|00001111>,28
0,2,|00001100>,21
0,2,|01110101>,17
0,2,|10100110>,7
0,2,|00001001>,23
0,2,|01010001>,38
0,2,|10101100>,3
0,2,|10111110>,3
0,2,|00011110>,23
0,2,|10110001>,5
0,2,|10100010>,9
0,2,|01100010>,14
0,2,|11110000>,2
0,2,|11110111>,2
0,2,|00001000>,24
0,2,|01110001>,17
0,2,|10000101>,11
0,2,|10110000>,3
0,2,|00100101>,35
0,2,|10101000>,8
0,2,|10011000>,6
0,2,|11110110>,2
0,2,|10000110>,14
0,2,|10001100>,16
0,2,|01111011>,19
0,2,|10011110>,11
0,2,|10010010>,9
0,2,|11101111>,1
0,2,|10010011>,15
0,2,|10100001>,10
0,2,|10101110>,8
0,2,|10010000>,10
0,2,|10111100>,3
0,2,|11111110>,8
0,2,|11110100>,4
0,2,|10111001>,6
0,2,|01111110>,12
0,2,|11000111>,1
0,2,|11100110>,1
0,2,|10110100>,3
0,2,|11101101>,2
0,2,|11111000>,1
0,2,|11110011>,1
0,2,|11001000>,1
0,2,|11110101>,2
0,2,|11111010>,2
0,2,|10111011>,5
0,2,|10100000>,9
0,2,|11111111>,5
0,2,|11111011>,2
0,2,|10111101>,3
0,2,|11000101>,3
0,2,|11101001>,1
0,2,|10100101>,1
0,2,|11101100>,1
0,2,|11001010>,1
0,2,|11100111>,1
0,2,|11001110>,1
0,2,|11111001>,1
0,2,|10111000>,2
0,2,|11100010>,1
0,2,|11000100>,1
0,2,|11001011>,1
0,3,|00001001>,25
0,3,|01111011>,17
0,3,|10100000>,15
0,3,|00011010>,35
0,3,|01110001>,30
0,3,|01000100>,31
0,3,|01011111>,21
0,3,|10010111>,12
0,3,|01101101>,22
0,3,|00110100>,30
0,3,|01001011>,32
0,3,|01101010>,27
0,3,|01111010>,17
0,3,|01000001>,27
0,3,|01001111>,45
0,3,|00101100>,32
0,3,|00100000>,37
0,3,|00101101>,29
0,3,|00111111>,32
0,3,|01101001>,22
0,3,|10011101>,15
0,3,|01000110>,24
0,3,|01000010>,31
0,3,|00101000>,44
0,3,|00011011>,31
0,3,|00110011>,29
0,3,|00010111>,25
0,3,|00001011>,27
0,3,|00111010>,38
0,3,|01001010>,39
0,3,|01110101>,26
0,3,|01101000>,18
0,3,|00100101>,37
0,3,|01101110>,21
0,3,|01001110>,26
0,3,|00000101>,28
0,3,|00111011>,31
0,3,|00100011>,25
0,3,|00111001>,34
0,3,|01101100>,25
0,3,|01100110>,24
0,3,|11111011>,1
0,3,|00110010>,25
0,3,|10010000>,21
0,3,|00100111>,29
0,3,|01100111>,24
0,3,|00111000>,27
0,3,|00000001>,17
0,3,|00100001>,28
0,3,|01011100>,28
0,3,|01011001>,37
0,3,|10000001>,21
0,3,|01001000>,27
0,3,|00111110>,42
0,3,|10000010>,11
0,3,|01010010>,28
0,3,|00100010>,27
0,3,|00111101>,35
0,3,|00000111>,26
0,3,|01010001>,33
0,3,|01001001>,35
0,3,|01011000>,26
0,3,|00100100>,35
0,3,|10100001>,7
0,3,|01010100>,35
0,3,|01110100>,19
0,3,|00110111>,18
0,3,|01111001>,16
0,3,|10011011>,11
0,3,|01100100>,24
0,3,|10010001>,10
0,3,|10100111>,11
0,3,|00101111>,30
0,3,|00010001>,18
0,3,|00010000>,32
0,3,|00000100>,21
0,3,|00110110>,25
0,3,|01011110>,32
0,3,|00011110>,22
0,3,|00111100>,19
0,3,|00110001>,29
0,3,|01101111>,18
0,3,|00100110>,30
0,3,|00001111>,16
0,3,|10000000>,18
0,3,|01010101>,35
0,3,|01001100>,31
0,3,|00000000>,21
0,3,|10011000>,13
0,3,|01110111>,14
0,3,|00011000>,29
0,3,|00011100>,27
0,3,|01110011>,23
0,3,|01100010>,21
0,3,|01001101>,27
0,3,|10001100>,16
0,3,|00011001>,21
0,3,|00101001>,34
0,3,|01010110>,31
0,3,|01000000>,25
0,3,|10000100>,12
0,3,|00101011>,30
0,3,|00110101>,28
0,3,|01000111>,26
0,3,|01011010>,34
0,3,|01010000>,26
0,3,|01110010>,23
0,3,|00101010>,28
0,3,|10001010>,13
0,3,|10000111>,15
0,3,|11111001>,2
0,3,|00011111>,31
0,3,|00001101>,25
0,3,|10010110>,15
0,3,|01100000>,36
0,3,|01011101>,31
0,3,|10111111>,3
0,3,|00001010>,28
0,3,|00001100>,23
0,3,|00000110>,25
0,3,|00011101>,31
0,3,|01110000>,22
0,3,|10000101>,9
0,3,|01010111>,35
0,3,|00010110>,18
0,3,|10101100>,8
0,3,|01010011>,28
0,3,|00000010>,22
0,3,|01000101>,30
0,3,|10000011>,16
0,3,|11001110>,1
0,3,|10001101>,16
0,3,|01111100>,17
0,3,|10010011>,11
0,3,|11110110>,3
0,3,|01100101>,26
0,3,|01101011>,27
0,3,|01111111>,13
0,3,|10001001>,21
0,3,|01011011>,17
0,3,|00001110>,19
0,3,|00110000>,21
0,3,|00010100>,28
0,3,|10011100>,15
0,3,|10100011>,6
0,3,|11101011>,1
0,3,|10001110>,14
0,3,|01100001>,25
0,3,|00101110>,30
0,3,|01000011>,35
0,3,|01110110>,22
0,3,|00000011>,16
0,3,|10110010>,8
0,3,|01111110>,18
0,3,|10111011>,1
0,3,|11000101>,2
0,3,|10011111>,15
0,3,|10100100>,8
0,3,|00010010>,27
0,3,|10101010>,6
0,3,|10011110>,8
0,3,|01100011>,30
0,3,|10100110>,11
0,3,|00010011>,31
0,3,|10010101>,9
0,3,|10101110>,6
0,3,|00010101>,33
0,3,|10101000>,10
0,3,|11110010>,3
0,3,|10011010>,11
0,3,|10001111>,15
0,3,|10100010>,5
0,3,|10110000>,7
0,3,|11111010>,3
0,3,|10110110>,3
0,3,|10010100>,10
0,3,|01111101>,16
0,3,|00001000>,28
0,3,|11111100>,4
0,3,|10001011>,10
0,3,|10110011>,6
0,3,|10000110>,13
0,3,|11001001>,1
0,3,|10101101>,4
0,3,|10110111>,5
0,3,|10010010>,15
0,3,|10111110>,3
0,3,|11111101>,1
0,3,|10100101>,5
0,3,|10111000>,3
0,3,|10001000>,10
0,3,|11000011>,2
0,3,|01111000>,14
0,3,|10101011>,7
0,3,|10101111>,5
0,3,|11111000>,1
0,3,|10101001>,8
0,3,|11111110>,1
0,3,|10111100>,3
0,3,|11101111>,2
0,3,|11000111>,1
0,3,|11110011>,1
0,3,|11110100>,3
0,3,|10111010>,3
0,3,|11110000>,1
0,3,|11110111>,1
0,3,|11110101>,1
0,3,|11000100>,2
0,3,|10110100>,3
0,3,|10011001>,4
0,3,|11000001>,3
0,3,|10111101>,4
0,3,|11001111>,1
0,3,|10110101>,5
0,3,|11001011>,1
0,3,|11000000>,3
0,3,|11010100>,1
0,3,|10110001>,1
0,3,|11101000>,1
0,3,|11101101>,1
0,3,|11111111>,1
0,3,|11101001>,1
0,3,|11001000>,1
0,4,|11010101>,2
0,4,|00110100>,30
0,4,|00000111>,26
0,4,|10001110>,11
0,4,|00000001>,20
0,4,|00001000>,26
0,4,|00111100>,40
0,4,|00101100>,33
0,4,|01000001>,28
0,4,|00001101>,18
0,4,|00010011>,34
0,4,|01100011>,29
0,4,|00101001>,31
0,4,|01111010>,15
0,4,|00001100>,29
0,4,|01110111>,26
0,4,|00000110>,22
0,4,|01111100>,23
0,4,|01011011>,36
0,4,|00110011>,35
0,4,|00010111>,27
0,4,|10001010>,20
0,4,|01101000>,23
0,4,|11111011>,5
0,4,|00101011>,35
0,4,|01000010>,40
0,4,|10010011>,15
0,4,|00111011>,35
0,4,|01110110>,20
0,4,|00010110>,23
0,4,|10010111>,10
0,4,|00101000>,33
0,4,|00000000>,23
0,4,|01111110>,21
0,4,|01111101>,22
0,4,|00111111>,32
0,4,|01001001>,35
0,4,|00000011>,22
0,4,|01011001>,18
0,4,|01001101>,23
0,4,|00010101>,22
0,4,|01010001>,27
0,4,|01101110>,25
0,4,|00011000>,32
0,4,|00101111>,37
0,4,|01011110>,22
0,4,|00000010>,23
0,4,|10001000>,17
0,4,|01001010>,31
0,4,|00010010>,30
0,4,|10000011>,11
0,4,|10001111>,11
0,4,|01011101>,25
0,4,|00011011>,27
0,4,|00011111>,30
0,4,|00111110>,37
0,4,|01010101>,18
0,4,|01110000>,25
0,4,|00100101>,28
0,4,|10000100>,20
0,4,|01110101>,18
0,4,|10101010>,7
0,4,|01101001>,27
0,4,|01000101>,38
0,4,|10010101>,9
0,4,|10001100>,16
0,4,|00011001>,26
0,4,|00001001>,26
0,4,|10110000>,9
0,4,|00011010>,36
0,4,|01100010>,27
0,4,|00110101>,35
0,4,|01100111>,25
0,4,|10010110>,15
0,4,|01101101>,26
0,4,|00001111>,21
0,4,|00111010>,31
0,4,|01001011>,35
0,4,|00100011>,29
0,4,|10000110>,16
0,4,|01000110>,32
0,4,|00001010>,27
0,4,|01110100>,19
0,4,|01101010>,28
0,4,|00111101>,26
0,4,|10101000>,8
0,4,|00101010>,26
0,4,|00101101>,32
0,4,|10100001>,7
0,4,|00110000>,34
0,4,|10010000>,10
0,4,|00100111>,28
0,4,|01010000>,38
0,4,|10111010>,4
0,4,|01101011>,26
0,4,|01011000>,22
0,4,|00110111>,29
0,4,|01000111>,28
0,4,|10011011>,8
0,4,|11000000>,2
0,4,|00100000>,30
0,4,|00101110>,27
0,4,|01000011>,23
0,4,|10011001>,17
0,4,|10000000>,22
0,4,|01010100>,36
0,4,|10100111>,4
0,4,|00000100>,21
0,4,|00110001>,29
0,4,|01111011>,22
0,4,|00001011>,23
0,4,|01100101>,32
0,4,|10001001>,14
0,4,|01101111>,27
0,4,|10010010>,12
0,4,|00111001>,34
0,4,|01010011>,23
0,4,|00011100>,28
0,4,|00100001>,28
0,4,|01000000>,29
0,4,|01001110>,17
0,4,|01110010>,17
0,4,|11000001>,2
0,4,|00100100>,37
0,4,|00011101>,27
0,4,|10100100>,4
0,4,|01100001>,22
0,4,|11000010>,3
0,4,|00011110>,22
0,4,|10000111>,11
0,4,|00110110>,27
0,4,|00010000>,25
0,4,|01000100>,31
0,4,|00001110>,14
0,4,|10010100>,9
0,4,|10110100>,3
0,4,|01111000>,15
0,4,|01001111>,26
0,4,|01010010>,34
0,4,|01100000>,22
0,4,|01100110>,29
0,4,|01001100>,24
0,4,|10100110>,8
0,4,|01101100>,16
0,4,|11000110>,3
0,4,|10100101>,9
0,4,|10011101>,11
0,4,|01010111>,34
0,4,|01011010>,25
0,4,|10100000>,11
0,4,|10000010>,17
0,4,|01111001>,22
0,4,|10101100>,5
0,4,|00111000>,39
0,4,|01100100>,25
0,4,|01110001>,28
0,4,|10110010>,6
0,4,|01010110>,33
0,4,|00000101>,19
0,4,|00010100>,22
0,4,|10000101>,20
0,4,|00010001>,26
0,4,|11111111>,3
0,4,|00110010>,27
0,4,|10100011>,10
0,4,|10011100>,13
0,4,|11111000>,2
0,4,|10011000>,9
0,4,|01110011>,23
0,4,|10001011>,9
0,4,|10111100>,10
0,4,|10111101>,2
0,4,|00100110>,28
0,4,|01001000>,29
0,4,|10011010>,12
0,4,|11110001>,4
0,4,|10110101>,5
0,4,|10011111>,7
0,4,|01011111>,22
0,4,|01011100>,21
0,4,|11111001>,4
0,4,|11110111>,2
0,4,|10111001>,4
0,4,|10000001>,10
0,4,|10101111>,5
0,4,|10111111>,6
0,4,|10101110>,6
0,4,|10101101>,5
0,4,|10110011>,3
0,4,|10101001>,10
0,4,|00100010>,28
0,4,|10001101>,13
0,4,|01111111>,20
0,4,|11001000>,1
0,4,|10100010>,7
0,4,|10110001>,7
0,4,|10110111>,4
0,4,|11101111>,4
0,4,|11111100>,3
0,4,|11101110>,2
0,4,|10110110>,4
0,4,|11101010>,1
0,4,|10011110>,6
0,4,|11110100>,1
0,4,|11010001>,1
0,4,|10010001>,9
0,4,|11000101>,2
0,4,|11001011>,1
0,4,|10101011>,2
0,4,|10111011>,1
0,4,|11111110>,2
0,4,|10111110>,2
0,4,|10111000>,1
0,4,|11000011>,1
0,4,|11110101>,1
0,5,|00010011>,33
0,5,|01110111>,19
0,5,|10010111>,10
0,5,|01101101>,27
0,5,|00010100>,30
0,5,|00110011>,29
0,5,|01100110>,24
0,5,|00001010>,32
0,5,|10100100>,8
0,5,|01010101>,28
0,5,|00010001>,25
0,5,|00100111>,32
0,5,|01110101>,25
0,5,|01010111>,19
0,5,|01001100>,37
0,5,|01000010>,28
0,5,|00000111>,26
0,5,|01000110>,35
0,5,|10101010>,5
0,5,|00010111>,33
0,5,|00011001>,21
0,5,|00101001>,38
0,5,|01100101>,25
0,5,|00111110>,41
0,5,|01000001>,30
0,5,|01101111>,30
0,5,|00101101>,28
0,5,|01011000>,29
0,5,|01011111>,30
0,5,|00100011>,26
0,5,|01111110>,20
0,5,|10000101>,16
0,5,|01111101>,20
0,5,|00011011>,31
0,5,|00110110>,31
0,5,|01011010>,34
0,5,|00101100>,33
0,5,|01001111>,42
0,5,|01000111>,31
0,5,|10010101>,9
0,5,|00000000>,29
0,5,|01101011>,35
0,5,|01010000>,27
0,5,|00001110>,27
0,5,|00101110>,31
0,5,|10101100>,10
0,5,|01000100>,40
0,5,|10000110>,14
0,5,|10010011>,15
0,5,|00110010>,35
0,5,|00011101>,24
0,5,|01100111>,23
0,5,|10000111>,13
0,5,|10011011>,7
0,5,|00111100>,31
0,5,|10100010>,10
0,5,|10001111>,14
0,5,|00101000>,30
0,5,|00001101>,25
0,5,|01110001>,18
0,5,|01101110>,20
0,5,|00100110>,29
0,5,|00010010>,26
0,5,|00110101>,37
0,5,|00101111>,36
0,5,|01110110>,15
0,5,|10000011>,9
0,5,|10001001>,10
0,5,|01000011>,26
0,5,|01111100>,17
0,5,|01001001>,29
0,5,|00010110>,20
0,5,|00110000>,33
0,5,|10000010>,18
0,5,|00101011>,32
0,5,|00100100>,22
0,5,|10000000>,17
0,5,|10011001>,15
0,5,|01110010>,23
0,5,|00111010>,24
0,5,|10011010>,18
0,5,|01101001>,27
0,5,|10010110>,17
0,5,|00100010>,27
0,5,|01010001>,30
0,5,|00110100>,30
0,5,|01001110>,32
0,5,|00000110>,25
0,5,|01100010>,31
0,5,|01011110>,30
0,5,|00010000>,20
0,5,|00011110>,34
0,5,|00101010>,31
0,5,|00111000>,30
0,5,|10101001>,8
0,5,|00100000>,40
0,5,|00111001>,27
0,5,|00000010>,22
0,5,|01101000>,34
0,5,|00011111>,23
0,5,|10001011>,14
0,5,|00011000>,35
0,5,|00110111>,31
0,5,|00001111>,31
0,5,|00000100>,28
0,5,|01001010>,24
0,5,|10011100>,6
0,5,|11110101>,2
0,5,|10010100>,10
0,5,|01101100>,23
0,5,|01011001>,23
0,5,|10110111>,3
0,5,|00000001>,23
0,5,|10001110>,12
0,5,|01111111>,23
0,5,|11001101>,3
0,5,|01010100>,21
0,5,|11010011>,1
0,5,|10000100>,22
0,5,|10111000>,3
0,5,|10010010>,21
0,5,|01011101>,25
0,5,|01000101>,22
0,5,|10100011>,12
0,5,|01111001>,18
0,5,|10100000>,10
0,5,|10010000>,18
0,5,|00111111>,26
0,5,|10101011>,5
0,5,|10110010>,5
0,5,|00011100>,26
0,5,|01100011>,27
0,5,|00010101>,25
0,5,|01010010>,26
0,5,|10001101>,14
0,5,|01001000>,43
0,5,|10110000>,3
0,5,|01110000>,22
0,5,|01101010>,22
0,5,|10100001>,8
0,5,|00111011>,24
0,5,|01000000>,26
0,5,|00100101>,25
0,5,|00001000>,28
0,5,|10001000>,19
0,5,|10110001>,10
0,5,|00000101>,17
0,5,|11111111>,6
0,5,|10111011>,4
0,5,|01011011>,19
0,5,|10011111>,14
0,5,|01011100>,19
0,5,|01001101>,26
0,5,|01100000>,29
0,5,|01010011>,22
0,5,|00111101>,35
0,5,|01110011>,21
0,5,|10001100>,9
0,5,|01001011>,31
0,5,|01110100>,23
0,5,|00001100>,28
0,5,|00110001>,26
0,5,|10100111>,10
0,5,|00000011>,21
0,5,|10001010>,16
0,5,|11010100>,1
0,5,|10011110>,7
0,5,|11111110>,3
0,5,|01100100>,24
0,5,|00011010>,17
0,5,|10101110>,7
0,5,|01111011>,19
0,5,|01100001>,23
0,5,|10111100>,4
0,5,|10111001>,2
0,5,|10101000>,6
0,5,|10101101>,5
0,5,|01010110>,22
0,5,|10000001>,16
0,5,|00001001>,17
0,5,|00100001>,28
0,5,|10111110>,2
0,5,|10110100>,1
0,5,|11110100>,7
0,5,|11111101>,2
0,5,|10011101>,7
0,5,|11101011>,1
0,5,|01111000>,20
0,5,|11001011>,1
0,5,|01111010>,15
0,5,|00001011>,22
0,5,|10111010>,8
0,5,|10100101>,8
0,5,|10110110>,6
0,5,|11111000>,1
0,5,|10110011>,6
0,5,|10010001>,13
0,5,|10011000>,8
0,5,|11000101>,2
0,5,|11000011>,1
0,5,|10110101>,2
0,5,|10111111>,1
0,5,|11001110>,1
0,5,|11101110>,2
0,5,|11111001>,1
0,5,|11111011>,2
0,5,|11001010>,1
0,5,|11111010>,1
0,5,|10100110>,3
0,5,|10101111>,2
0,5,|10111101>,2
0,6,|01100000>,23
0,6,|01110010>,26
0,6,|01010101>,23
0,6,|01010110>,27
0,6,|01010000>,33
0,6,|00001000>,19
0,6,|01001101>,39
0,6,|00110010>,32
0,6,|00100011>,33
0,6,|01101010>,20
0,6,|00110001>,26
0,6,|00111111>,29
0,6,|01000101>,31
0,6,|00111011>,35
0,6,|00000110>,29
0,6,|01000010>,34
0,6,|01100001>,28
0,6,|00110110>,30
0,6,|01110111>,29
0,6,|00111000>,31
0,6,|01000001>,37
0,6,|01111111>,12
0,6,|00011101>,35
0,6,|01101100>,27
0,6,|01010001>,24
0,6,|01011000>,26
0,6,|00001010>,17
0,6,|10000001>,15
0,6,|00001011>,26
0,6,|00001100>,26
0,6,|01001000>,31
0,6,|10111000>,1
0,6,|01000100>,29
0,6,|01000000>,35
0,6,|01111000>,20
0,6,|10000010>,17
0,6,|00011110>,24
0,6,|10011010>,12
0,6,|00110100>,34
0,6,|01001111>,39
0,6,|10011100>,12
0,6,|10000000>,13
0,6,|01111100>,10
0,6,|10000100>,24
0,6,|00010110>,19
0,6,|01110011>,29
0,6,|00111101>,32
0,6,|00010001>,29
0,6,|01011111>,27
0,6,|00111110>,26
0,6,|00100001>,26
0,6,|01010010>,38
0,6,|00100100>,29
0,6,|10001001>,17
0,6,|01000011>,38
0,6,|01111001>,22
0,6,|01010100>,28
0,6,|00101110>,37
0,6,|00011010>,29
0,6,|00101100>,29
0,6,|10001000>,15
0,6,|00100101>,28
0,6,|00100010>,25
0,6,|00110011>,29
0,6,|00111001>,28
0,6,|01110100>,24
0,6,|01001010>,32
0,6,|01001100>,20
0,6,|10110011>,9
0,6,|01011110>,24
0,6,|01001011>,27
0,6,|10000011>,22
0,6,|01010011>,36
0,6,|10101101>,4
0,6,|10010110>,15
0,6,|10001110>,15
0,6,|01000111>,29
0,6,|00111100>,31
0,6,|01100101>,28
0,6,|01101000>,23
0,6,|00000001>,21
0,6,|00101111>,31
0,6,|00011000>,25
0,6,|00100110>,28
0,6,|01101101>,16
0,6,|00001111>,29
0,6,|00110101>,31
0,6,|00011011>,29
0,6,|00010010>,25
0,6,|01011011>,33
0,6,|00100000>,34
0,6,|10010011>,13
0,6,|00101011>,29
0,6,|00010101>,30
0,6,|01111010>,24
0,6,|10010001>,12
0,6,|00011111>,39
0,6,|10101001>,8
0,6,|10110001>,6
0,6,|00010100>,29
0,6,|01011101>,32
0,6,|00101101>,25
0,6,|00101001>,24
0,6,|00101010>,28
0,6,|00001001>,22
0,6,|01100111>,22
0,6,|01011010>,34
0,6,|01010111>,27
0,6,|01111101>,15
0,6,|11001100>,2
0,6,|10001010>,16
0,6,|01100011>,18
0,6,|00001110>,23
0,6,|01110110>,19
0,6,|10100010>,6
0,6,|10010101>,14
0,6,|11110101>,2
0,6,|00000101>,17
0,6,|01101110>,32
0,6,|00011100>,36
0,6,|00101000>,20
0,6,|00001101>,21
0,6,|10001100>,16
0,6,|00000111>,22
0,6,|10101100>,4
0,6,|11001011>,1
0,6,|01100010>,24
0,6,|10101011>,8
0,6,|01001001>,31
0,6,|01101001>,23
0,6,|10001111>,17
0,6,|00010111>,23
0,6,|11100011>,1
0,6,|01011100>,29
0,6,|00000100>,24
0,6,|10101000>,9
0,6,|10100101>,10
0,6,|00000011>,24
0,6,|01000110>,27
0,6,|10100000>,9
0,6,|01100100>,27
0,6,|00010011>,28
0,6,|11110100>,1
0,6,|10011110>,4
0,6,|10110100>,5
0,6,|00000010>,21
0,6,|01001110>,20
0,6,|10011000>,13
0,6,|01101111>,20
0,6,|10001011>,18
0,6,|10100110>,8
0,6,|00100111>,25
0,6,|11101111>,2
0,6,|01111110>,25
0,6,|00110111>,32
0,6,|00110000>,29
0,6,|10011011>,13
0,6,|01011001>,28
0,6,|10100001>,13
0,6,|01100110>,30
0,6,|11111011>,4
0,6,|10111110>,5
0,6,|11011000>,1
0,6,|10100100>,9
0,6,|00010000>,25
0,6,|10110000>,8
0,6,|11000110>,5
0,6,|00000000>,24
0,6,|10010010>,13
0,6,|10010100>,10
0,6,|01101011>,9
0,6,|01110001>,18
0,6,|10000101>,11
0,6,|01110101>,21
0,6,|01110000>,22
0,6,|10011001>,6
0,6,|10100011>,8
0,6,|00111010>,26
0,6,|10001101>,11
0,6,|11111000>,2
0,6,|01111011>,15
0,6,|11111110>,4
0,6,|00011001>,32
0,6,|10101110>,4
0,6,|11111010>,3
0,6,|11110010>,4
0,6,|10111111>,3
0,6,|10110010>,6
0,6,|11110110>,3
0,6,|10010000>,12
0,6,|10111010>,7
0,6,|10101010>,7
0,6,|10011101>,10
0,6,|10111101>,3
0,6,|10000110>,12
0,6,|10100111>,10
0,6,|10011111>,10
0,6,|11000100>,3
0,6,|10111100>,2
0,6,|10010111>,7
0,6,|11000011>,3
0,6,|10101111>,5
0,6,|10110110>,1
0,6,|11001001>,2
0,6,|11001101>,1
0,6,|10110111>,4
0,6,|11110011>,1
0,6,|11101101>,1
0,6,|10110101>,3
0,6,|11001110>,1
0,6,|10000111>,14
0,6,|11111111>,2
0,6,|11101110>,1
0,6,|11100100>,1
0,6,|11111001>,1
0,6,|11001111>,1
0,6,|11001000>,1
0,6,|10111011>,1
0,6,|11110111>,1
0,6,|10111001>,2
0,6,|11111101>,1
0,7,|01101111>,21
0,7,|10111000>,2
0,7,|10011101>,6
0,7,|01111010>,15
0,7,|10011001>,11
0,7,|00011011>,24
0,7,|01111100>,17
0,7,|01001000>,35
0,7,|01101010>,29
0,7,|00110011>,30
0,7,|01001010>,28
0,7,|01010011>,29
0,7,|00111000>,29
0,7,|00100100>,27
0,7,|01000100>,30
0,7,|00111010>,27
0,7,|00110110>,38
0,7,|00100010>,29
0,7,|00010100>,33
0,7,|10000011>,18
0,7,|01100001>,22
0,7,|00111011>,41
0,7,|00000001>,24
0,7,|00011110>,24
0,7,|01001011>,27
0,7,|01010010>,33
0,7,|00011101>,26
0,7,|00001101>,24
0,7,|01001001>,34
0,7,|10111001>,4
0,7,|11101101>,1
0,7,|01101100>,21
0,7,|01010100>,34
0,7,|00011010>,21
0,7,|10010111>,14
0,7,|00010001>,32
0,7,|00111111>,40
0,7,|01000101>,39
0,7,|10001001>,12
0,7,|01011101>,28
0,7,|01000001>,42
0,7,|00110101>,33
0,7,|00101011>,22
0,7,|00001110>,20
0,7,|10001010>,14
0,7,|00010010>,28
0,7,|01100101>,27
0,7,|00000101>,23
0,7,|10000100>,23
0,7,|10100000>,15
0,7,|00001001>,19
0,7,|01001110>,22
0,7,|01000011>,38
0,7,|00110100>,27
0,7,|01011100>,39
0,7,|10100110>,7
0,7,|01101101>,32
0,7,|10010001>,15
0,7,|00100011>,39
0,7,|00111100>,28
0,7,|10000001>,21
0,7,|01011010>,29
0,7,|00010110>,26
0,7,|11110000>,2
0,7,|10011000>,11
0,7,|01010000>,26
0,7,|10011010>,7
0,7,|00110001>,38
0,7,|01000110>,29
0,7,|01001101>,35
0,7,|01010111>,24
0,7,|01110110>,17
0,7,|01001100>,25
0,7,|00010000>,30
0,7,|01010001>,31
0,7,|00111101>,35
0,7,|01100010>,29
0,7,|01011011>,26
0,7,|10101100>,5
0,7,|01110000>,16
0,7,|00011000>,17
0,7,|10000000>,19
0,7,|00101111>,24
0,7,|00100111>,29
0,7,|10010000>,16
0,7,|01100111>,24
0,7,|00000111>,26
0,7,|10001011>,21
0,7,|01000111>,34
0,7,|11111100>,7
0,7,|00001111>,19
0,7,|00100110>,31
0,7,|01010101>,27
0,7,|10010110>,13
0,7,|00101001>,31
0,7,|10101011>,9
0,7,|01000010>,31
0,7,|01101001>,20
0,7,|00101000>,24
0,7,|00100000>,34
0,7,|10011011>,17
0,7,|00000100>,21
0,7,|00000011>,21
0,7,|00101110>,32
0,7,|00000010>,25
0,7,|01100110>,24
0,7,|01110011>,27
0,7,|01111111>,20
0,7,|01000000>,26
0,7,|01110001>,30
0,7,|01101110>,13
0,7,|10010101>,11
0,7,|01111001>,23
0,7,|00000000>,26
0,7,|00110111>,39
0,7,|00101101>,26
0,7,|01110010>,16
0,7,|10100001>,7
0,7,|01110101>,22
0,7,|00011100>,32
0,7,|01110100>,12
0,7,|10000110>,18
0,7,|00011111>,29
0,7,|01101011>,24
0,7,|01110111>,25
0,7,|00110000>,20
0,7,|00010011>,23
0,7,|01100000>,21
0,7,|00001100>,21
0,7,|00100101>,33
0,7,|11110100>,1
0,7,|01100011>,22
0,7,|10001101>,12
0,7,|00111001>,25
0,7,|11111111>,4
0,7,|01100100>,30
0,7,|00101100>,25
0,7,|00011001>,21
0,7,|10001100>,13
0,7,|00010111>,28
0,7,|01101000>,25
0,7,|10100111>,9
0,7,|01111101>,19
0,7,|01111011>,20
0,7,|01001111>,31
0,7,|01011110>,29
0,7,|00010101>,25
0,7,|01111000>,21
0,7,|00110010>,39
0,7,|00101010>,32
0,7,|10111010>,7
0,7,|11100110>,2
0,7,|01011000>,18
0,7,|10101010>,9
0,7,|00000110>,26
0,7,|00001000>,24
0,7,|10011100>,11
0,7,|10010010>,7
0,7,|01010110>,26
0,7,|01011111>,23
0,7,|10010011>,16
0,7,|10110111>,5
0,7,|10100101>,10
0,7,|01111110>,18
0,7,|10100011>,5
0,7,|10010100>,14
0,7,|10100010>,7
0,7,|10000101>,16
0,7,|11000000>,4
0,7,|10101111>,7
0,7,|00100001>,25
0,7,|10000010>,16
0,7,|00001010>,27
0,7,|10001000>,13
0,7,|11000010>,2
0,7,|10110101>,4
0,7,|11110111>,2
0,7,|10100100>,12
0,7,|10000111>,16
0,7,|00111110>,23
0,7,|11000001>,2
0,7,|10101000>,2
0,7,|10001110>,12
0,7,|10001111>,16
0,7,|11100101>,1
0,7,|11111110>,4
0,7,|10101101>,3
0,7,|10011110>,3
0,7,|01011001>,26
0,7,|10101001>,3
0,7,|00001011>,20
0,7,|11111001>,2
0,7,|11111101>,2
0,7,|10110100>,3
0,7,|10111110>,2
0,7,|10110011>,3
0,7,|11001000>,3
0,7,|10111100>,4
0,7,|10110000>,6
0,7,|10011111>,8
0,7,|10101110>,7
0,7,|10111011>,4
0,7,|11101110>,1
0,7,|11101010>,1
0,7,|10110110>,3
0,7,|11110011>,1
0,7,|11111011>,3
0,7,|11000011>,2
0,7,|11111000>,2
0,7,|10111111>,2
0,7,|11110110>,1
0,7,|10110010>,4
0,7,|10111101>,3
0,7,|11000110>,1
0,7,|11110101>,2
0,7,|11111010>,1
0,7,|11000101>,3
0,7,|11001100>,2
0,7,|11101111>,1
0,7,|11001011>,1
0,7,|10110001>,2
0,7,|11001010>,1
0,7,|11110001>,1
0,7,|11000100>,2
0,8,|01001101>,43
0,8,|00001101>,34
0,8,|00010101>,14
0,8,|01010100>,25
0,8,|10110001>,8
0,8,|00001000>,19
0,8,|01101100>,29
0,8,|00100110>,34
0,8,|00010001>,31
0,8,|00101011>,31
0,8,|01001010>,37
0,8,|10000001>,13
0,8,|00001011>,21
0,8,|00001111>,24
0,8,|01000010>,31
0,8,|10101011>,9
0,8,|10010111>,15
0,8,|10010011>,12
0,8,|01000001>,30
0,8,|00101101>,24
0,8,|00101100>,30
0,8,|00100011>,19
0,8,|10100101>,5
0,8,|00011011>,31
0,8,|00111000>,33
0,8,|00000100>,25
0,8,|00011010>,31
0,8,|01000100>,31
0,8,|00110000>,38
0,8,|10000111>,12
0,8,|00000001>,21
0,8,|10001001>,12
0,8,|00000010>,31
0,8,|00000101>,34
0,8,|01110010>,20
0,8,|00100001>,31
0,8,|00100101>,31
0,8,|01111111>,15
0,8,|01000110>,23
0,8,|00000110>,28
0,8,|01010101>,24
0,8,|01101010>,20
0,8,|00110101>,32
0,8,|01001100>,32
0,8,|00001100>,27
0,8,|01110100>,27
0,8,|00011100>,35
0,8,|00110100>,30
0,8,|01101011>,13
0,8,|01011101>,39
0,8,|01001000>,28
0,8,|00110001>,36
0,8,|00111111>,30
0,8,|01011000>,30
0,8,|00010111>,30
0,8,|00100100>,22
0,8,|00110010>,33
0,8,|01000000>,28
0,8,|01011110>,32
0,8,|00110111>,40
0,8,|00000000>,16
0,8,|00101000>,27
0,8,|01111100>,24
0,8,|00001001>,24
0,8,|00101111>,35
0,8,|01110111>,19
0,8,|01101000>,30
0,8,|10001011>,14
0,8,|01111110>,20
0,8,|00111001>,31
0,8,|00100111>,32
0,8,|10111111>,4
0,8,|10000101>,19
0,8,|01010010>,26
0,8,|00010010>,27
0,8,|01011100>,31
0,8,|10110010>,8
0,8,|10010100>,12
0,8,|01101001>,16
0,8,|00111100>,32
0,8,|00111011>,29
0,8,|10001010>,18
0,8,|00101001>,23
0,8,|10101001>,7
0,8,|01110001>,21
0,8,|01100000>,25
0,8,|01001011>,29
0,8,|10001101>,11
0,8,|10010010>,13
0,8,|10100110>,7
0,8,|01010110>,27
0,8,|00000011>,21
0,8,|01101110>,14
0,8,|11111100>,3
0,8,|01001111>,33
0,8,|00011111>,22
0,8,|01100001>,33
0,8,|00110110>,36
0,8,|00011110>,26
0,8,|01111101>,14
0,8,|01111011>,18
0,8,|00101010>,36
0,8,|01100010>,21
0,8,|10011110>,8
0,8,|00101110>,32
0,8,|00111010>,26
0,8,|00010000>,23
0,8,|00111110>,38
0,8,|01100011>,29
0,8,|10111100>,2
0,8,|01110110>,19
0,8,|00001110>,36
0,8,|00111101>,29
0,8,|01101111>,32
0,8,|10101101>,2
0,8,|01100111>,30
0,8,|00011000>,24
0,8,|10010110>,9
0,8,|01001001>,21
0,8,|01100101>,23
0,8,|01010001>,33
0,8,|00110011>,33
0,8,|00001010>,22
0,8,|10011000>,12
0,8,|10110111>,4
0,8,|00010100>,34
0,8,|01011001>,24
0,8,|01110011>,21
0,8,|10011011>,15
0,8,|01000101>,25
0,8,|01001110>,24
0,8,|01111001>,20
0,8,|01000011>,28
0,8,|10111000>,3
0,8,|10000011>,24
0,8,|10011111>,15
0,8,|01010011>,34
0,8,|10001100>,16
0,8,|11111101>,4
0,8,|01111000>,19
0,8,|01100100>,21
0,8,|00000111>,32
0,8,|00011101>,40
0,8,|10100100>,7
0,8,|10000100>,12
0,8,|01000111>,21
0,8,|10110100>,3
0,8,|01011011>,38
0,8,|10000010>,17
0,8,|10011010>,10
0,8,|00100000>,26
0,8,|10101110>,5
0,8,|10111010>,3
0,8,|10000110>,15
0,8,|01010000>,24
0,8,|00010011>,26
0,8,|10010101>,15
0,8,|00011001>,20
0,8,|10110101>,3
0,8,|01010111>,20
0,8,|10000000>,19
0,8,|00100010>,28
0,8,|10001000>,13
0,8,|10001110>,15
0,8,|01100110>,23
0,8,|10111011>,1
0,8,|01011010>,22
0,8,|10100111>,11
0,8,|10011100>,6
0,8,|11110011>,1
0,8,|10010001>,16
0,8,|01110000>,19
0,8,|11110000>,1
0,8,|10111110>,3
0,8,|10011101>,12
0,8,|00010110>,35
0,8,|11000101>,1
0,8,|11110111>,1
0,8,|01101101>,20
0,8,|10011001>,7
0,8,|11000111>,1
0,8,|10101111>,8
0,8,|10100010>,4
0,8,|10110011>,5
0,8,|11000011>,2
0,8,|11001111>,1
0,8,|01011111>,19
0,8,|01111010>,18
0,8,|10010000>,7
0,8,|10001111>,18
0,8,|11001000>,2
0,8,|10111001>,7
0,8,|11000000>,1
0,8,|11101111>,1
0,8,|10101100>,3
0,8,|10101010>,3
0,8,|11111110>,2
0,8,|11000001>,3
0,8,|10100011>,7
0,8,|11001110>,1
0,8,|11111001>,4
0,8,|11111111>,3
0,8,|10100001>,5
0,8,|10110110>,4
0,8,|11101100>,3
0,8,|10101000>,6
0,8,|11111000>,2
0,8,|11000010>,1
0,8,|10100000>,8
0,8,|01110101>,19
0,8,|10110000>,5
0,8,|11110001>,1
0,8,|10111101>,1
0,8,|11000100>,1
0,8,|11001001>,1
0,8,|11000110>,1
0,8,|11111010>,2
0,8,|11110110>,1
0,8,|11111011>,1
0,8,|11010100>,2
0,9,|10001001>,16
0,9,|01010001>,31
0,9,|00111000>,35
0,9,|00111001>,38
0,9,|00000111>,28
0,9,|10001011>,17
0,9,|10010110>,11
0,9,|00101101>,38
0,9,|00101100>,35
0,9,|00000011>,24
0,9,|00100111>,32
0,9,|00001010>,26
0,9,|01000010>,36
0,9,|01100111>,28
0,9,|00101010>,19
0,9,|00111010>,28
0,9,|01110100>,22
0,9,|10110001>,4
0,9,|10001100>,12
0,9,|00011100>,32
0,9,|00111110>,19
0,9,|01100000>,23
0,9,|00100010>,25
0,9,|00100000>,35
0,9,|00111011>,30
0,9,|01010111>,29
0,9,|00000110>,25
0,9,|01111100>,23
0,9,|00010000>,20
0,9,|01001010>,38
0,9,|01111111>,18
0,9,|01101010>,22
0,9,|10011000>,14
0,9,|01001101>,30
0,9,|01010110>,31
0,9,|01111101>,25
0,9,|01011000>,21
0,9,|00100011>,34
0,9,|00001100>,23
0,9,|10010100>,15
0,9,|01101000>,20
0,9,|01000011>,23
0,9,|01110111>,31
0,9,|01011111>,33
0,9,|10010000>,10
0,9,|00011111>,35
0,9,|01000100>,31
0,9,|01001111>,37
0,9,|00110001>,36
0,9,|01110010>,33
0,9,|00000000>,19
0,9,|01101100>,25
0,9,|00101011>,33
0,9,|00110110>,31
0,9,|01101011>,21
0,9,|00111111>,38
0,9,|10001010>,20
0,9,|01100010>,22
0,9,|01101111>,21
0,9,|10111000>,3
0,9,|01000001>,29
0,9,|10011110>,11
0,9,|01011011>,32
0,9,|00110111>,35
0,9,|00110100>,47
0,9,|01001011>,39
0,9,|00010001>,26
0,9,|00001000>,22
0,9,|10000001>,8
0,9,|00011101>,25
0,9,|01010010>,33
0,9,|00110011>,32
0,9,|00010111>,32
0,9,|01010101>,22
0,9,|00010110>,25
0,9,|00100110>,30
0,9,|01010011>,28
0,9,|11111010>,2
0,9,|01001000>,31
0,9,|10100011>,7
0,9,|01000101>,24
0,9,|10001111>,15
0,9,|10101111>,10
0,9,|00110010>,33
0,9,|01010100>,25
0,9,|00001110>,28
0,9,|01100110>,28
0,9,|01100001>,25
0,9,|01110001>,21
0,9,|00100100>,25
0,9,|01110000>,25
0,9,|00111101>,33
0,9,|01101110>,14
0,9,|01011001>,23
0,9,|01000000>,34
0,9,|00011110>,33
0,9,|10011010>,9
0,9,|01100101>,14
0,9,|00110000>,27
0,9,|00011010>,27
0,9,|10111100>,3
0,9,|00001001>,26
0,9,|00110101>,20
0,9,|10010010>,7
0,9,|01000110>,25
0,9,|10101010>,5
0,9,|01110101>,18
0,9,|01011110>,23
0,9,|00101111>,39
0,9,|01111001>,21
0,9,|10100111>,15
0,9,|10100101>,8
0,9,|00010011>,25
0,9,|10011011>,11
0,9,|00100101>,27
0,9,|01011101>,29
0,9,|01100100>,25
0,9,|10000000>,19
0,9,|00011011>,29
0,9,|10000011>,15
0,9,|10101000>,7
0,9,|10101100>,3
0,9,|10001110>,11
0,9,|00100001>,27
0,9,|01110110>,18
0,9,|01000111>,31
0,9,|01111110>,14
0,9,|00001101>,29
0,9,|01111000>,22
0,9,|10110011>,3
0,9,|00010100>,16
0,9,|10001101>,16
0,9,|00001011>,22
0,9,|00011001>,37
0,9,|11110010>,2
0,9,|01011010>,28
0,9,|01001100>,22
0,9,|01111011>,14
0,9,|10110010>,7
0,9,|00001111>,31
0,9,|10000010>,14
0,9,|00101110>,25
0,9,|01010000>,27
0,9,|10110000>,5
0,9,|01111010>,14
0,9,|01001110>,31
0,9,|11110001>,2
0,9,|00010010>,23
0,9,|10000100>,17
0,9,|00011000>,18
0,9,|10011111>,5
0,9,|10110111>,2
0,9,|10000101>,17
0,9,|10000111>,8
0,9,|10011101>,10
0,9,|10010101>,13
0,9,|00010101>,34
0,9,|01101001>,18
0,9,|01001001>,45
0,9,|10001000>,16
0,9,|01110011>,22
0,9,|10000110>,17
0,9,|10111111>,3
0,9,|00000101>,10
0,9,|11101110>,2
0,9,|01011100>,19
0,9,|10010011>,18
0,9,|00101000>,30
0,9,|00111100>,21
0,9,|00101001>,35
0,9,|01100011>,27
0,9,|11110100>,2
0,9,|10010001>,11
0,9,|11000101>,1
0,9,|00000010>,24
0,9,|00000001>,26
0,9,|11000011>,1
0,9,|10111110>,6
0,9,|11111100>,4
0,9,|10110101>,8
0,9,|10110100>,8
0,9,|00000100>,23
0,9,|10101110>,8
0,9,|10100000>,6
0,9,|01101101>,26
0,9,|10100001>,6
0,9,|10101001>,12
0,9,|10100010>,12
0,9,|10100100>,4
0,9,|11110110>,6
0,9,|10110110>,3
0,9,|10101101>,8
0,9,|10010111>,12
0,9,|10011001>,4
0,9,|10011100>,11
0,9,|11100111>,1
0,9,|10100110>,4
0,9,|11111001>,3
0,9,|11000111>,4
0,9,|11111000>,3
0,9,|10111001>,3
0,9,|11001100>,1
0,9,|10101011>,4
0,9,|11111110>,1
0,9,|10111101>,2
0,9,|11111101>,4
0,9,|11010100>,1
0,9,|10111010>,2
0,9,|11001000>,1
0,9,|11101011>,2
0,9,|11100110>,2
0,9,|11111111>,1
0,9,|11000001>,1
0,9,|11000110>,1
0,9,|11000010>,1
0,9,|11110011>,1
0,10,|00010011>,29
0,10,|00001011>,19
0,10,|01100101>,28
0,10,|00101110>,31
0,10,|00101010>,25
0,10,|00011111>,22
0,10,|01011010>,25
0,10,|00010110>,27
0,10,|00001101>,31
0,10,|00100000>,27
0,10,|00110001>,39
0,10,|00001100>,28
0,10,|01101000>,21
0,10,|01001101>,33
0,10,|01001111>,28
0,10,|00111110>,32
0,10,|01111111>,21
0,10,|00000110>,25
0,10,|00000111>,32
0,10,|10010111>,10
0,10,|01010100>,23
0,10,|00110011>,22
0,10,|10110100>,5
0,10,|01100110>,22
0,10,|01010110>,30
0,10,|01111011>,18
0,10,|01001010>,32
0,10,|01100000>,20
0,10,|00000010>,29
0,10,|01111001>,19
0,10,|01101010>,17
0,10,|00000100>,28
0,10,|00100101>,29
0,10,|01000100>,42
0,10,|10010110>,18
0,10,|01110011>,25
0,10,|01010000>,32
0,10,|00111001>,39
0,10,|01111100>,26
0,10,|01011110>,27
0,10,|10111110>,4
0,10,|01000000>,29
0,10,|00000001>,29
0,10,|00000000>,21
0,10,|00011001>,29
0,10,|10001011>,11
0,10,|01001100>,30
0,10,|00010100>,27
0,10,|00100100>,29
0,10,|10000001>,26
0,10,|01000111>,28
0,10,|00111010>,24
0,10,|00110100>,26
0,10,|10000111>,15
0,10,|10011000>,16
0,10,|01000011>,28
0,10,|00010001>,31
0,10,|01001001>,26
0,10,|00101100>,30
0,10,|01010011>,31
0,10,|00000101>,25
0,10,|10000100>,20
0,10,|10000011>,19
0,10,|00100010>,28
0,10,|00101000>,30
0,10,|00001111>,36
0,10,|00111000>,34
0,10,|01010001>,28
0,10,|00011010>,27
0,10,|01111110>,23
0,10,|00111100>,28
0,10,|10101010>,6
0,10,|01100001>,27
0,10,|01100011>,30
0,10,|10010100>,9
0,10,|01000010>,29
0,10,|01101100>,34
0,10,|01101101>,17
0,10,|00110111>,29
0,10,|10010101>,11
0,10,|01101111>,18
0,10,|01011100>,25
0,10,|00100011>,40
0,10,|01111010>,15
0,10,|10100011>,13
0,10,|00111111>,35
0,10,|00011100>,41
0,10,|10011011>,17
0,10,|10100000>,9
0,10,|10000010>,18
0,10,|00010101>,21
0,10,|10001110>,17
0,10,|00100110>,27
0,10,|11101110>,1
0,10,|00111101>,25
0,10,|01011000>,29
0,10,|00110000>,30
0,10,|01100100>,27
0,10,|10101100>,6
0,10,|01010010>,28
0,10,|01101001>,19
0,10,|01000001>,16
0,10,|01110111>,21
0,10,|00011011>,25
0,10,|00110101>,38
0,10,|00110110>,33
0,10,|10011101>,11
0,10,|01110101>,15
0,10,|10101111>,4
0,10,|01110000>,21
0,10,|00101101>,40
0,10,|01011111>,23
0,10,|01100010>,26
0,10,|00111011>,36
0,10,|00101111>,32
0,10,|00011000>,24
0,10,|00100111>,30
0,10,|00100001>,20
0,10,|01011011>,22
0,10,|00101011>,33
0,10,|10010011>,11
0,10,|01011001>,23
0,10,|00010111>,33
0,10,|01110010>,25
0,10,|10001001>,20
0,10,|00001000>,23
0,10,|10001101>,12
0,10,|01001110>,30
0,10,|00110010>,19
0,10,|01010101>,40
0,10,|10000101>,15
0,10,|10001100>,14
0,10,|10100010>,8
0,10,|10010001>,15
0,10,|00001110>,26
0,10,|10001111>,17
0,10,|10001010>,8
0,10,|10011111>,8
0,10,|11000111>,1
0,10,|01110100>,21
0,10,|10011100>,9
0,10,|01000101>,29
0,10,|01011101>,20
0,10,|01010111>,20
0,10,|00101001>,32
0,10,|01001000>,28
0,10,|01111101>,21
0,10,|01001011>,30
0,10,|00011110>,22
0,10,|10101001>,8
0,10,|10100100>,9
0,10,|01000110>,23
0,10,|10110111>,4
0,10,|10110001>,3
0,10,|10010010>,12
0,10,|00001010>,27
0,10,|00001001>,24
0,10,|10001000>,14
0,10,|11000000>,2
0,10,|10000000>,21
0,10,|01110001>,14
0,10,|00000011>,28
0,10,|11100110>,1
0,10,|00011101>,28
0,10,|01100111>,26
0,10,|10110010>,5
0,10,|01101110>,25
0,10,|11000010>,2
0,10,|00010000>,41
0,10,|00010010>,23
0,10,|10101110>,8
0,10,|01101011>,16
0,10,|10110000>,3
0,10,|10111010>,5
0,10,|11110101>,2
0,10,|01111000>,18
0,10,|11110110>,1
0,10,|11111110>,6
0,10,|11111111>,7
0,10,|01110110>,13
0,10,|11000110>,3
0,10,|10011010>,9
0,10,|10101011>,8
0,10,|10000110>,12
0,10,|10011001>,12
0,10,|10110101>,5
0,10,|10101000>,4
0,10,|11001101>,1
0,10,|10111001>,2
0,10,|10011110>,10
0,10,|10100111>,6
0,10,|10010000>,8
0,10,|11110011>,2
0,10,|10111111>,3
0,10,|10100001>,2
0,10,|10101101>,3
0,10,|11010001>,1
0,10,|11110001>,1
0,10,|10100110>,4
0,10,|11000101>,1
0,10,|10100101>,5
0,10,|10111000>,3
0,10,|11000100>,3
0,10,|11001001>,4
0,10,|11000011>,3
0,10,|11101101>,1
0,10,|10110011>,4
0,10,|11110000>,2
0,10,|11111100>,2
0,10,|10111100>,1
0,10,|11000001>,3
0,10,|11111010>,3
0,10,|11111101>,4
0,10,|10111101>,1
0,10,|11111011>,1
0,10,|11010000>,1
0,10,|10111011>,4
0,10,|11111001>,2
0,10,|11101011>,1
0,10,|11001010>,1
0,10,|11101100>,1
0,10,|11110111>,1
0,10,|11001000>,1
0,10,|11100011>,1
0,11,|01011000>,29
0,11,|01100101>,25
0,11,|10010111>,18
0,11,|01001101>,26
0,11,|01000110>,41
0,11,|01011010>,32
0,11,|00101101>,41
0,11,|00101111>,35
0,11,|00011011>,20
0,11,|00110010>,23
0,11,|00110110>,28
0,11,|10000011>,17
0,11,|01010111>,29
0,11,|00111111>,28
0,11,|00001110>,25
0,11,|00100010>,32
0,11,|00110100>,24
0,11,|01000010>,35
0,11,|01001000>,30
0,11,|01010011>,27
0,11,|00100101>,33
0,11,|01111011>,16
0,11,|01111000>,22
0,11,|10000100>,23
0,11,|11001111>,2
0,11,|00001011>,23
0,11,|01011111>,21
0,11,|00000111>,34
0,11,|01010010>,22
0,11,|00011010>,19
0,11,|00011101>,23
0,11,|00101001>,41
0,11,|01101001>,38
0,11,|01100010>,20
0,11,|00001010>,20
0,11,|00010110>,30
0,11,|10100111>,9
0,11,|01011110>,25
0,11,|00000000>,19
0,11,|00101000>,30
0,11,|10000010>,17
0,11,|01010100>,33
0,11,|00001000>,24
0,11,|00111100>,37
0,11,|10001101>,16
0,11,|01110110>,16
0,11,|00010101>,24
0,11,|00011000>,26
0,11,|01001110>,29
0,11,|00110111>,47
0,11,|10101010>,5
0,11,|00000100>,18
0,11,|01110001>,21
0,11,|01101111>,28
0,11,|00000011>,31
0,11,|10011011>,10
0,11,|01101010>,24
0,11,|10001100>,10
0,11,|01000101>,34
0,11,|00100100>,26
0,11,|01101101>,23
0,11,|00110011>,25
0,11,|00100011>,32
0,11,|01000100>,34
0,11,|00101100>,32
0,11,|01110111>,25
0,11,|00111000>,23
0,11,|00011001>,29
0,11,|01111101>,9
0,11,|10001011>,16
0,11,|01011011>,23
0,11,|10010101>,18
0,11,|11000110>,3
0,11,|01001010>,21
0,11,|10110011>,2
0,11,|00110101>,33
0,11,|01000111>,29
0,11,|00111010>,31
0,11,|01111111>,13
0,11,|00000101>,17
0,11,|10000000>,12
0,11,|01110101>,28
0,11,|01111110>,25
0,11,|01110100>,21
0,11,|00100111>,27
0,11,|00011111>,27
0,11,|00000001>,19
0,11,|01010101>,25
0,11,|11000111>,1
0,11,|10110000>,4
0,11,|01001011>,27
0,11,|01100001>,30
0,11,|10100100>,6
0,11,|10010000>,11
0,11,|10111111>,2
0,11,|01000001>,25
0,11,|01010001>,28
0,11,|00000010>,23
0,11,|01101110>,27
0,11,|00111011>,30
0,11,|01001001>,36
0,11,|01101011>,17
0,11,|00010010>,20
0,11,|00101110>,36
0,11,|01100110>,25
0,11,|00001111>,28
0,11,|10011000>,9
0,11,|00010100>,28
0,11,|00111101>,33
0,11,|01010110>,37
0,11,|10000110>,15
0,11,|00010011>,28
0,11,|11110010>,1
0,11,|01011001>,41
0,11,|00101010>,38
0,11,|00100001>,40
0,11,|01000000>,25
0,11,|00111001>,21
0,11,|01001111>,20
0,11,|10000101>,15
0,11,|10011110>,6
0,11,|00001100>,26
0,11,|10010100>,15
0,11,|00010000>,24
0,11,|01101000>,27
0,11,|10001000>,19
0,11,|10101101>,2
0,11,|10010001>,15
0,11,|10101110>,4
0,11,|01110000>,26
0,11,|00111110>,35
0,11,|00010111>,31
0,11,|01100100>,29
0,11,|10010010>,22
0,11,|00100110>,23
0,11,|00100000>,22
0,11,|00110001>,33
0,11,|01001100>,33
0,11,|00101011>,23
0,11,|00000110>,24
0,11,|10001111>,11
0,11,|11111000>,4
0,11,|00011100>,22
0,11,|01110010>,19
0,11,|01101100>,17
0,11,|01011101>,18
0,11,|01111010>,20
0,11,|01010000>,23
0,11,|01100011>,24
0,11,|10001110>,13
0,11,|00011110>,33
0,11,|00010001>,31
0,11,|00110000>,23
0,11,|11001001>,1
0,11,|01100000>,26
0,11,|10000001>,17
0,11,|10100001>,13
0,11,|01000011>,23
0,11,|10100000>,6
0,11,|10010110>,15
0,11,|10110110>,7
0,11,|00001101>,19
0,11,|10001001>,18
0,11,|11000011>,3
0,11,|10100101>,6
0,11,|01100111>,21
0,11,|01111100>,17
0,11,|10110111>,5
0,11,|01011100>,26
0,11,|10111100>,6
0,11,|10110100>,7
0,11,|10011100>,10
0,11,|10101001>,10
0,11,|00001001>,24
0,11,|10011010>,14
0,11,|10111110>,4
0,11,|10111010>,6
0,11,|10011001>,10
0,11,|10001010>,14
0,11,|11000001>,1
0,11,|10011101>,10
0,11,|10101011>,2
0,11,|10000111>,18
0,11,|11110100>,2
0,11,|01110011>,26
0,11,|11001011>,2
0,11,|10101100>,7
0,11,|11001010>,1
0,11,|11111011>,3
0,11,|10100010>,8
0,11,|01111001>,14
0,11,|10010011>,12
0,11,|11010011>,1
0,11,|10011111>,8
0,11,|11110011>,3
0,11,|10101111>,6
0,11,|11111111>,4
0,11,|10101000>,7
0,11,|10110001>,9
0,11,|10100110>,9
0,11,|10100011>,10
0,11,|10111011>,4
0,11,|11110101>,1
0,11,|10110010>,9
0,11,|11110110>,6
0,11,|11000000>,3
0,11,|11111110>,2
0,11,|11111100>,2
0,11,|10110101>,3
0,11,|10111000>,2
0,11,|11000010>,1
0,11,|11111001>,1
0,11,|10111101>,1
0,11,|11000100>,2
0,11,|11001000>,1
0,11,|11101010>,1
0,11,|11100100>,1
0,11,|11110111>,2
0,11,|10111001>,1
0,11,|11000101>,2
0,11,|11101001>,1
0,11,|11111101>,1
0,11,|11010001>,1
0,12,|00100100>,30
0,12,|00010101>,32
0,12,|01010111>,26
0,12,|01100001>,36
0,12,|01101110>,29
0,12,|01001110>,29
0,12,|10001110>,24
0,12,|10011111>,13
0,12,|10101010>,9
0,12,|00000001>,16
0,12,|00110101>,27
0,12,|01110000>,33
0,12,|00110110>,48
0,12,|00000010>,34
0,12,|00010011>,27
0,12,|00001101>,32
0,12,|01001010>,34
0,12,|01001111>,23
0,12,|00011010>,27
0,12,|01011101>,35
0,12,|00011011>,17
0,12,|00111010>,26
0,12,|00100110>,30
0,12,|00011110>,31
0,12,|01001001>,38
0,12,|00110000>,33
0,12,|01010011>,24
0,12,|01000000>,32
0,12,|10101100>,8
0,12,|00101101>,31
0,12,|01110110>,20
0,12,|00011101>,30
0,12,|10000000>,15
0,12,|01100010>,27
0,12,|01001011>,38
0,12,|10011010>,11
0,12,|01010110>,31
0,12,|01100111>,37
0,12,|00111011>,37
0,12,|00110010>,29
0,12,|01010001>,26
0,12,|01101111>,21
0,12,|10010100>,13
0,12,|01001100>,28
0,12,|01111100>,15
0,12,|01101010>,22
0,12,|00101001>,25
0,12,|00010001>,22
0,12,|11110110>,4
0,12,|00000011>,23
0,12,|00011001>,34
0,12,|00111110>,38
0,12,|01101101>,22
0,12,|00011100>,21
0,12,|00111001>,30
0,12,|01000010>,28
0,12,|01101000>,19
0,12,|00101111>,31
0,12,|01000111>,31
0,12,|01010100>,36
0,12,|00100101>,37
0,12,|00100010>,29
0,12,|00001111>,26
0,12,|00000111>,27
0,12,|10010000>,14
0,12,|10100110>,8
0,12,|00001110>,21
0,12,|01001101>,24
0,12,|01011110>,26
0,12,|00000101>,25
0,12,|00001011>,26
0,12,|01011001>,28
0,12,|01111000>,25
0,12,|10110010>,5
0,12,|01000011>,33
0,12,|10010111>,10
0,12,|10101001>,9
0,12,|01101100>,18
0,12,|00111100>,32
0,12,|10011110>,12
0,12,|00011000>,36
0,12,|01001000>,27
0,12,|10011000>,13
0,12,|00111101>,26
0,12,|00110011>,36
0,12,|10000110>,14
0,12,|01111101>,17
0,12,|00100011>,31
0,12,|00110100>,28
0,12,|01100100>,33
0,12,|10011001>,13
0,12,|01011010>,31
0,12,|01000110>,27
0,12,|01110010>,25
0,12,|01011100>,21
0,12,|01110001>,15
0,12,|10001000>,21
0,12,|10000010>,19
0,12,|00111111>,31
0,12,|00010000>,24
0,12,|01100000>,24
0,12,|00111000>,27
0,12,|01010010>,29
0,12,|10001111>,8
0,12,|01111011>,25
0,12,|00010010>,24
0,12,|10000001>,12
0,12,|00101011>,26
0,12,|01100011>,21
0,12,|01101011>,21
0,12,|00010110>,27
0,12,|00101100>,29
0,12,|01111001>,20
0,12,|01110101>,23
0,12,|00001100>,20
0,12,|00000110>,32
0,12,|10110001>,7
0,12,|00000100>,25
0,12,|10000011>,15
0,12,|01000101>,34
0,12,|00001001>,24
0,12,|10000111>,18
0,12,|10001100>,20
0,12,|00110001>,24
0,12,|00100000>,29
0,12,|11111000>,3
0,12,|00100111>,18
0,12,|00010100>,18
0,12,|00101010>,30
0,12,|00101000>,33
0,12,|01101001>,25
0,12,|00110111>,26
0,12,|01111111>,14
0,12,|01110011>,24
0,12,|10011100>,16
0,12,|00001000>,21
0,12,|00101110>,28
0,12,|01100101>,16
0,12,|01111110>,27
0,12,|11101110>,1
0,12,|10011101>,10
0,12,|10110101>,4
0,12,|01000001>,20
0,12,|01011111>,20
0,12,|01110111>,24
0,12,|01011011>,40
0,12,|10001101>,11
0,12,|11000000>,4
0,12,|11111110>,2
0,12,|00100001>,25
0,12,|01011000>,34
0,12,|10111100>,2
0,12,|10010101>,4
0,12,|10111010>,4
0,12,|00000000>,27
0,12,|01000100>,21
0,12,|11010011>,1
0,12,|10000101>,12
0,12,|10010011>,15
0,12,|01010000>,25
0,12,|01100110>,23
0,12,|10001010>,15
0,12,|10111001>,2
0,12,|01111010>,26
0,12,|00011111>,23
0,12,|00001010>,28
0,12,|10010001>,13
0,12,|10110110>,5
0,12,|00010111>,26
0,12,|01110100>,18
0,12,|11111011>,3
0,12,|10110100>,7
0,12,|01010101>,23
0,12,|11000010>,3
0,12,|10101000>,8
0,12,|10100011>,6
0,12,|10010110>,5
0,12,|10101111>,4
0,12,|10001001>,16
0,12,|10010010>,12
0,12,|11001011>,2
0,12,|10101011>,8
0,12,|10100101>,4
0,12,|11110011>,2
0,12,|10100111>,4
0,12,|11110101>,2
0,12,|11010010>,2
0,12,|10101101>,3
0,12,|10100100>,11
0,12,|10001011>,10
0,12,|11010100>,1
0,12,|10110011>,4
0,12,|11110111>,4
0,12,|10110111>,3
0,12,|11110000>,1
0,12,|10011011>,9
0,12,|10111011>,3
0,12,|10000100>,14
0,12,|11111101>,1
0,12,|11000101>,1
0,12,|11001110>,2
0,12,|10110000>,4
0,12,|10100000>,8
0,12,|11000100>,2
0,12,|11101100>,1
0,12,|11111100>,1
0,12,|11111001>,1
0,12,|10100010>,10
0,12,|10100001>,5
0,12,|10111110>,2
0,12,|11000110>,2
0,12,|11001111>,1
0,12,|11101010>,1
0,12,|11001001>,1
0,12,|11111010>,2
0,12,|11000011>,1
0,12,|10111101>,1
0,12,|11001000>,1
0,12,|11000001>,1
0,12,|10101110>,3
0,12,|10111000>,1
0,13,|01100000>,34
0,13,|00100101>,35
0,13,|10100100>,15
0,13,|01000010>,30
0,13,|01111101>,16
0,13,|01111111>,18
0,13,|10000100>,19
0,13,|01110100>,27
0,13,|00001110>,28
0,13,|01001111>,33
0,13,|01101000>,27
0,13,|01001101>,33
0,13,|10000111>,15
0,13,|00000111>,26
0,13,|10010001>,14
0,13,|10010011>,11
0,13,|00011110>,37
0,13,|00110100>,25
0,13,|00100000>,20
0,13,|00000010>,14
0,13,|00001111>,23
0,13,|01111110>,18
0,13,|00111000>,34
0,13,|10010110>,11
0,13,|00010111>,25
0,13,|00000101>,23
0,13,|00101011>,22
0,13,|00101100>,28
0,13,|01100111>,23
0,13,|01101100>,33
0,13,|00001001>,22
0,13,|10011010>,11
0,13,|01101101>,28
0,13,|01011011>,26
0,13,|01111000>,15
0,13,|01101010>,31
0,13,|01000100>,32
0,13,|01101110>,29
0,13,|01011100>,22
0,13,|00000001>,30
0,13,|10001110>,18
0,13,|00010010>,32
0,13,|01111001>,30
0,13,|10010101>,22
0,13,|01010101>,34
0,13,|01010110>,24
0,13,|01000000>,28
0,13,|00111110>,20
0,13,|01001000>,26
0,13,|00100011>,27
0,13,|01101011>,19
0,13,|01011111>,29
0,13,|01011110>,34
0,13,|00110110>,31
0,13,|00100001>,27
0,13,|00011010>,33
0,13,|10001111>,19
0,13,|10000110>,18
0,13,|00111111>,33
0,13,|01100110>,27
0,13,|00110001>,29
0,13,|00110101>,38
0,13,|00011111>,24
0,13,|01001011>,26
0,13,|10000101>,13
0,13,|00011001>,37
0,13,|10111111>,4
0,13,|00101010>,31
0,13,|01001100>,31
0,13,|00000100>,18
0,13,|00110010>,31
0,13,|10100110>,6
0,13,|10100011>,7
0,13,|00100110>,24
0,13,|01000101>,34
0,13,|01001010>,33
0,13,|01011101>,28
0,13,|01011000>,27
0,13,|00010101>,31
0,13,|11000011>,3
0,13,|00110011>,39
0,13,|01100010>,31
0,13,|00000110>,40
0,13,|00001101>,26
0,13,|01100100>,35
0,13,|00101001>,21
0,13,|00010100>,30
0,13,|10000010>,18
0,13,|01000110>,25
0,13,|00101110>,25
0,13,|01010010>,26
0,13,|01001001>,31
0,13,|01000001>,33
0,13,|00101111>,31
0,13,|01010001>,26
0,13,|01100101>,20
0,13,|01010011>,23
0,13,|01010100>,24
0,13,|00110111>,36
0,13,|01000011>,34
0,13,|00011000>,34
0,13,|01000111>,28
0,13,|11101100>,2
0,13,|10010010>,17
0,13,|10001010>,15
0,13,|10001000>,14
0,13,|10010111>,13
0,13,|10101100>,13
0,13,|01110110>,17
0,13,|00111011>,35
0,13,|10001100>,21
0,13,|01110010>,15
0,13,|00000000>,24
0,13,|01100011>,27
0,13,|00001011>,22
0,13,|01010000>,21
0,13,|00010011>,26
0,13,|11101110>,2
0,13,|10011101>,8
0,13,|00111010>,27
0,13,|00110000>,29
0,13,|10101000>,6
0,13,|00000011>,15
0,13,|10011011>,6
0,13,|10100001>,13
0,13,|00100100>,34
0,13,|11010101>,1
0,13,|00101101>,29
0,13,|11111011>,2
0,13,|00011101>,26
0,13,|00001010>,25
0,13,|11000100>,3
0,13,|10011000>,14
0,13,|10100010>,13
0,13,|11001111>,1
0,13,|10110010>,4
0,13,|00001000>,14
0,13,|00011100>,31
0,13,|01110000>,27
0,13,|00001100>,21
0,13,|11110000>,3
0,13,|10001101>,17
0,13,|10010000>,17
0,13,|00111001>,26
0,13,|01101001>,26
0,13,|10110000>,5
0,13,|01111011>,16
0,13,|10000000>,21
0,13,|01110101>,21
0,13,|01011001>,26
0,13,|00010110>,14
0,13,|10100000>,10
0,13,|10101010>,9
0,13,|10100101>,7
0,13,|00111100>,34
0,13,|10011110>,8
0,13,|01100001>,32
0,13,|01110011>,15
0,13,|00100010>,30
0,13,|01111010>,15
0,13,|10001011>,15
0,13,|11111001>,3
0,13,|00010000>,31
0,13,|00101000>,27
0,13,|01110111>,13
0,13,|00111101>,25
0,13,|10110101>,4
0,13,|00011011>,30
0,13,|01011010>,24
0,13,|00100111>,25
0,13,|10000011>,17
0,13,|01001110>,24
0,13,|10101101>,4
0,13,|10010100>,13
0,13,|01010111>,23
0,13,|01110001>,14
0,13,|11001001>,1
0,13,|11010001>,1
0,13,|11000010>,3
0,13,|10100111>,9
0,13,|10101001>,11
0,13,|10101110>,12
0,13,|01111100>,14
0,13,|11111111>,1
0,13,|10111000>,4
0,13,|00010001>,19
0,13,|11110101>,4
0,13,|10011001>,14
0,13,|10000001>,13
0,13,|10110001>,2
0,13,|10101011>,5
0,13,|11000111>,1
0,13,|10110100>,5
0,13,|01101111>,14
0,13,|11110001>,2
0,13,|10011111>,8
0,13,|10111001>,4
0,13,|10111010>,1
0,13,|10001001>,11
0,13,|10101111>,6
0,13,|10110111>,3
0,13,|11010100>,1
0,13,|11000001>,5
0,13,|10111011>,2
0,13,|11111010>,2
0,13,|11100111>,1
0,13,|11110110>,1
0,13,|11000000>,3
0,13,|11000101>,3
0,13,|10111110>,1
0,13,|10011100>,6
0,13,|11101000>,1
0,13,|11110011>,1
0,13,|10110011>,7
0,13,|11001100>,1
0,13,|11111101>,1
0,13,|11001010>,1
0,13,|10110110>,1
0,13,|11110111>,2
0,13,|11110100>,1
0,13,|11100010>,1
0,13,|11101010>,1
0,13,|11111000>,1
0,13,|11111100>,1
0,13,|11110010>,1
0,14,|10000100>,15
0,14,|00111000>,35
0,14,|01001001>,31
0,14,|00110000>,29
0,14,|01101111>,19
0,14,|10010100>,16
0,14,|10010101>,15
0,14,|00100101>,38
0,14,|10101111>,7
0,14,|01110010>,27
0,14,|00101101>,39
0,14,|01011110>,34
0,14,|00111001>,34
0,14,|01001010>,29
0,14,|00000001>,27
0,14,|01111110>,20
0,14,|11110011>,2
0,14,|11111100>,5
0,14,|10011110>,7
0,14,|00001110>,37
0,14,|00110011>,22
0,14,|01011010>,32
0,14,|01000010>,25
0,14,|00111111>,34
0,14,|00001100>,25
0,14,|00100000>,33
0,14,|01110000>,18
0,14,|01110011>,29
0,14,|01010001>,28
0,14,|01111111>,20
0,14,|00011111>,36
0,14,|10000000>,17
0,14,|01111000>,22
0,14,|00101011>,33
0,14,|00101001>,38
0,14,|10000010>,22
0,14,|01000011>,23
0,14,|01101010>,23
0,14,|00111010>,35
0,14,|01101101>,22
0,14,|00000111>,26
0,14,|01001000>,33
0,14,|00001111>,28
0,14,|01101001>,22
0,14,|00111011>,34
0,14,|00010000>,22
0,14,|00011010>,34
0,14,|10000101>,15
0,14,|11001101>,1
0,14,|00100111>,35
0,14,|00110110>,30
0,14,|00001001>,30
0,14,|01011100>,25
0,14,|01100000>,23
0,14,|00110001>,26
0,14,|01010000>,23
0,14,|01010100>,22
0,14,|01101100>,31
0,14,|01010010>,36
0,14,|00011101>,21
0,14,|10010111>,10
0,14,|00011000>,37
0,14,|10001101>,12
0,14,|00010111>,27
0,14,|00111110>,41
0,14,|01110111>,20
0,14,|00111100>,23
0,14,|01011001>,24
0,14,|00101000>,30
0,14,|01010110>,34
0,14,|00000000>,24
0,14,|00000010>,26
0,14,|01011011>,31
0,14,|10001001>,20
0,14,|00100011>,18
0,14,|00010011>,26
0,14,|10101010>,8
0,14,|01000100>,28
0,14,|01101011>,15
0,14,|10100001>,8
0,14,|01100111>,29
0,14,|10001111>,15
0,14,|01100100>,22
0,14,|00100110>,31
0,14,|10010110>,12
0,14,|00000101>,21
0,14,|00110010>,23
0,14,|00101010>,22
0,14,|01001011>,30
0,14,|00000011>,21
0,14,|01010011>,24
0,14,|01010101>,25
0,14,|10100111>,14
0,14,|00101110>,28
0,14,|10011011>,10
0,14,|01001111>,24
0,14,|01111100>,18
0,14,|00010100>,32
0,14,|00110100>,26
0,14,|01000110>,33
0,14,|10101001>,7
0,14,|10011000>,13
0,14,|00011001>,29
0,14,|01010111>,27
0,14,|10000001>,25
0,14,|00001000>,16
0,14,|11000011>,1
0,14,|01100011>,27
0,14,|11000110>,2
0,14,|00101100>,13
0,14,|01000001>,36
0,14,|10100011>,7
0,14,|00010101>,29
0,14,|01110110>,19
0,14,|00110111>,21
0,14,|01011000>,40
0,14,|10001010>,9
0,14,|00010010>,28
0,14,|10110100>,2
0,14,|01111001>,23
0,14,|10101100>,14
0,14,|00001010>,34
0,14,|01001100>,26
0,14,|10011001>,12
0,14,|01000000>,26
0,14,|10011010>,10
0,14,|10000111>,20
0,14,|00011110>,28
0,14,|01000111>,30
0,14,|01001110>,23
0,14,|01001101>,28
0,14,|01111010>,18
0,14,|00010110>,25
0,14,|01110100>,16
0,14,|01100101>,24
0,14,|01100001>,31
0,14,|00010001>,17
0,14,|10010001>,11
0,14,|01101110>,23
0,14,|01110101>,18
0,14,|00100001>,25
0,14,|01111101>,17
0,14,|01011101>,25
0,14,|00011100>,29
0,14,|10000110>,21
0,14,|01100110>,20
0,14,|01111011>,21
0,14,|10000011>,12
0,14,|01000101>,24
0,14,|10101101>,8
0,14,|10011101>,16
0,14,|10011111>,6
0,14,|10101011>,8
0,14,|01101000>,24
0,14,|10001000>,19
0,14,|01011111>,36
0,14,|00100100>,31
0,14,|00001101>,35
0,14,|10101110>,5
0,14,|10110010>,5
0,14,|00000100>,24
0,14,|10100010>,7
0,14,|00110101>,25
0,14,|00111101>,26
0,14,|10001100>,11
0,14,|10110101>,2
0,14,|10100000>,10
0,14,|00011011>,24
0,14,|00000110>,28
0,14,|00101111>,37
0,14,|00001011>,13
0,14,|01100010>,19
0,14,|11111011>,2
0,14,|10100101>,9
0,14,|10101000>,9
0,14,|10111000>,5
0,14,|10010000>,11
0,14,|11001001>,1
0,14,|10010010>,15
0,14,|10100110>,5
0,14,|11001111>,1
0,14,|10011100>,5
0,14,|10010011>,15
0,14,|00100010>,21
0,14,|01110001>,21
0,14,|10001011>,22
0,14,|10111110>,3
0,14,|11101111>,2
0,14,|10111011>,3
0,14,|10001110>,14
0,14,|10111010>,4
0,14,|11110001>,5
0,14,|10100100>,6
0,14,|10110001>,3
0,14,|10110000>,3
0,14,|10111101>,3
0,14,|11000000>,1
0,14,|11000001>,3
0,14,|11110111>,4
0,14,|11000101>,2
0,14,|11111110>,4
0,14,|11111111>,4
0,14,|11101101>,1
0,14,|10111111>,2
0,14,|11111010>,2
0,14,|10110110>,2
0,14,|10111100>,3
0,14,|11010001>,3
0,14,|10110111>,3
0,14,|11110010>,1
0,14,|11110101>,1
0,14,|11001100>,2
0,14,|11110100>,1
0,14,|10110011>,1
0,14,|10111001>,2
0,14,|11111001>,1
0,14,|11010000>,1
0,14,|11001000>,1
0,15,|01100000>,25
0,15,|00110100>,24
0,15,|00101001>,24
0,15,|00111100>,27
0,15,|00010110>,23
0,15,|01100001>,25
0,15,|00011011>,37
0,15,|01000100>,34
0,15,|00110010>,35
0,15,|00111000>,29
0,15,|00000100>,27
0,15,|01101100>,30
0,15,|01010100>,34
0,15,|00010111>,28
0,15,|00101111>,34
0,15,|01110011>,28
0,15,|00000111>,36
0,15,|00110101>,26
0,15,|01001011>,38
0,15,|01010000>,29
0,15,|10000101>,16
0,15,|01101111>,21
0,15,|00010010>,40
0,15,|10010011>,16
0,15,|00000010>,29
0,15,|01011100>,30
0,15,|01010001>,33
0,15,|00011000>,25
0,15,|01011000>,34
0,15,|00111111>,39
0,15,|00001010>,20
0,15,|00100110>,26
0,15,|00001100>,21
0,15,|00001111>,26
0,15,|01111000>,19
0,15,|00001000>,25
0,15,|01101001>,30
0,15,|01001100>,34
0,15,|00110000>,36
0,15,|00010101>,27
0,15,|01100100>,30
0,15,|01011111>,24
0,15,|10010110>,11
0,15,|00110001>,27
0,15,|10010010>,19
0,15,|10011001>,10
0,15,|01010011>,34
0,15,|00111110>,35
0,15,|10001110>,15
0,15,|01010110>,35
0,15,|00000101>,22
0,15,|01100111>,19
0,15,|00010100>,30
0,15,|01011001>,29
0,15,|00000000>,20
0,15,|00101011>,31
0,15,|00001001>,37
0,15,|00010011>,23
0,15,|01110000>,18
0,15,|00111101>,20
0,15,|00101110>,19
0,15,|00101101>,23
0,15,|10001010>,22
0,15,|00001011>,21
0,15,|00100011>,29
0,15,|01001101>,27
0,15,|10110000>,5
0,15,|00000001>,19
0,15,|00101100>,32
0,15,|00101010>,35
0,15,|01101000>,33
0,15,|10100011>,14
0,15,|00001101>,29
0,15,|01000011>,20
0,15,|00011100>,30
0,15,|01000101>,28
0,15,|01010101>,26
0,15,|01101010>,36
0,15,|10001100>,20
0,15,|01001001>,31
0,15,|01000001>,31
0,15,|01110110>,14
0,15,|10001111>,12
0,15,|01100110>,26
0,15,|10100001>,9
0,15,|00011111>,34
0,15,|00100000>,21
0,15,|00011110>,25
0,15,|00101000>,30
0,15,|01111001>,21
0,15,|00110011>,38
0,15,|00011010>,31
0,15,|01111110>,9
0,15,|10001011>,16
0,15,|01110001>,16
0,15,|00010001>,27
0,15,|10111001>,3
0,15,|01100010>,27
0,15,|10011011>,15
0,15,|10000110>,10
0,15,|00010000>,24
0,15,|10011100>,9
0,15,|10101011>,9
0,15,|01100011>,29
0,15,|10101100>,6
0,15,|01001111>,24
0,15,|00100101>,23
0,15,|00100100>,28
0,15,|01011110>,27
0,15,|10000010>,14
0,15,|01010010>,29
0,15,|01000010>,28
0,15,|01111111>,19
0,15,|10000000>,21
0,15,|00100010>,31
0,15,|01100101>,18
0,15,|11000010>,3
0,15,|00011101>,24
0,15,|10100110>,12
0,15,|01011010>,32
0,15,|01011011>,28
0,15,|01110101>,19
0,15,|10100101>,10
0,15,|00000011>,23
0,15,|01010111>,27
0,15,|01101011>,27
0,15,|00110110>,30
0,15,|01101110>,29
0,15,|01000110>,28
0,15,|00111001>,26
0,15,|01110100>,16
0,15,|10111101>,5
0,15,|00011001>,23
0,15,|01000111>,16
0,15,|01101101>,18
0,15,|10000111>,19
0,15,|10011000>,7
0,15,|01001010>,19
0,15,|01110010>,28
0,15,|01111011>,13
0,15,|10011110>,10
0,15,|10101000>,7
0,15,|10010001>,18
0,15,|01001000>,35
0,15,|01111100>,19
0,15,|10111010>,5
0,15,|01111101>,17
0,15,|01111010>,23
0,15,|11111111>,3
0,15,|10100000>,7
0,15,|10001101>,16
0,15,|00000110>,26
0,15,|00111010>,28
0,15,|10110100>,4
0,15,|00100001>,19
0,15,|11111110>,2
0,15,|10110101>,3
0,15,|01000000>,36
0,15,|00111011>,17
0,15,|10010111>,5
0,15,|10000001>,22
0,15,|01011101>,23
0,15,|00100111>,19
0,15,|10000011>,17
0,15,|10111110>,3
0,15,|10001001>,16
0,15,|10110110>,5
0,15,|10100010>,9
0,15,|10010100>,10
0,15,|01001110>,31
0,15,|10101001>,8
0,15,|10100100>,8
0,15,|11110111>,2
0,15,|10010101>,12
0,15,|10010000>,9
0,15,|10001000>,16
0,15,|11101100>,1
0,15,|00110111>,36
0,15,|10110001>,7
0,15,|11101011>,1
0,15,|11111100>,2
0,15,|10000100>,20
0,15,|10110010>,2
0,15,|00001110>,25
0,15,|11100010>,1
0,15,|10011010>,11
0,15,|10011111>,8
0,15,|10111100>,2
0,15,|11001110>,1
0,15,|11010100>,1
0,15,|10111111>,4
0,15,|01110111>,20
0,15,|10101110>,5
0,15,|11101111>,1
0,15,|10110011>,2
0,15,|11000100>,2
0,15,|11110100>,4
0,15,|10100111>,9
0,15,|10011101>,9
0,15,|11000101>,1
0,15,|11000110>,1
0,15,|11110000>,3
0,15,|11010001>,2
0,15,|11111010>,3
0,15,|11001001>,1
0,15,|11101101>,1
0,15,|10111000>,6
0,15,|11101110>,2
0,15,|11000000>,3
0,15,|11111001>,3
0,15,|11000001>,4
0,15,|10101101>,4
0,15,|10110111>,4
0,15,|11001100>,1
0,15,|11000011>,1
0,15,|10111011>,1
0,15,|11001101>,1
0,15,|10101111>,1
0,15,|11110011>,1
0,15,|10101010>,2
0,15,|11110010>,1
0,15,|11111101>,1
0,16,|00011110>,32
0,16,|10001101>,18
0,16,|01001011>,39
0,16,|01111101>,20
0,16,|10110101>,4
0,16,|00110010>,20
0,16,|00011001>,30
0,16,|01001101>,23
0,16,|01111011>,18
0,16,|00011111>,28
0,16,|00010101>,29
0,16,|00110110>,39
0,16,|01011111>,31
0,16,|01111010>,20
0,16,|01101111>,21
0,16,|01000001>,30
0,16,|00010000>,24
0,16,|00101110>,32
0,16,|00100111>,29
0,16,|01100100>,15
0,16,|00110000>,29
0,16,|01100001>,27
0,16,|00011101>,29
0,16,|01110011>,15
0,16,|00111100>,33
0,16,|00001111>,34
0,16,|00010110>,23
0,16,|00011010>,26
0,16,|00010010>,22
0,16,|01110010>,31
0,16,|00100110>,29
0,16,|00111101>,37
0,16,|00001011>,26
0,16,|10000101>,18
0,16,|00100011>,16
0,16,|00000101>,21
0,16,|00111111>,37
0,16,|00100100>,39
0,16,|00000110>,17
0,16,|10100101>,11
0,16,|01000100>,28
0,16,|10010010>,14
0,16,|00110100>,23
0,16,|00000111>,25
0,16,|01110111>,17
0,16,|00101111>,36
0,16,|01011100>,28
0,16,|00000001>,22
0,16,|01010111>,26
0,16,|01010100>,32
0,16,|01101010>,27
0,16,|00001001>,29
0,16,|10111110>,3
0,16,|10001111>,20
0,16,|00001100>,31
0,16,|10000011>,15
0,16,|10101001>,8
0,16,|00001010>,28
0,16,|01011000>,22
0,16,|01000101>,27
0,16,|00111001>,30
0,16,|00000100>,21
0,16,|01000011>,27
0,16,|01110001>,22
0,16,|00100000>,19
0,16,|10110000>,5
0,16,|01000111>,25
0,16,|00010111>,27
0,16,|01001110>,31
0,16,|00010100>,33
0,16,|00111011>,39
0,16,|01110101>,20
0,16,|00100010>,42
0,16,|01011101>,25
0,16,|01000110>,29
0,16,|01010010>,26
0,16,|01010001>,35
0,16,|01110100>,15
0,16,|00011011>,37
0,16,|01100110>,24
0,16,|10010001>,13
0,16,|00011100>,26
0,16,|00010001>,18
0,16,|00110101>,25
0,16,|00110011>,37
0,16,|01010101>,33
0,16,|01000010>,35
0,16,|10010101>,14
0,16,|10110111>,5
0,16,|00000011>,23
0,16,|00101011>,40
0,16,|01100010>,26
0,16,|11111101>,4
0,16,|01001001>,23
0,16,|00101101>,37
0,16,|01110000>,18
0,16,|10001011>,11
0,16,|01100111>,20
0,16,|01111100>,13
0,16,|01001000>,27
0,16,|01011001>,20
0,16,|00111110>,35
0,16,|10010011>,15
0,16,|10100000>,10
0,16,|00101000>,24
0,16,|00110001>,35
0,16,|10100110>,11
0,16,|01011011>,35
0,16,|11000001>,2
0,16,|01100000>,29
0,16,|10010111>,13
0,16,|01101110>,21
0,16,|01001111>,38
0,16,|00101100>,39
0,16,|10000111>,10
0,16,|10111000>,3
0,16,|10110001>,13
0,16,|01111000>,17
0,16,|01100101>,31
0,16,|00101001>,25
0,16,|01010011>,34
0,16,|00001101>,26
0,16,|00111000>,31
0,16,|01010000>,25
0,16,|00000010>,25
0,16,|00100001>,23
0,16,|00101010>,27
0,16,|01111111>,19
0,16,|00111010>,33
0,16,|01011110>,25
0,16,|00010011>,26
0,16,|01001100>,30
0,16,|11101101>,2
0,16,|10000010>,26
0,16,|10011101>,8
0,16,|01101101>,25
0,16,|10000000>,11
0,16,|10101101>,3
0,16,|10111011>,5
0,16,|01100011>,22
0,16,|00110111>,28
0,16,|01111001>,24
0,16,|01011010>,23
0,16,|10001001>,13
0,16,|10101110>,8
0,16,|00011000>,19
0,16,|01001010>,34
0,16,|01111110>,20
0,16,|01101001>,17
0,16,|10000110>,15
0,16,|00001000>,25
0,16,|10000100>,25
0,16,|10001000>,13
0,16,|10101011>,7
0,16,|01000000>,23
0,16,|01101011>,20
0,16,|01101100>,20
0,16,|10110110>,4
0,16,|01010110>,29
0,16,|10010110>,7
0,16,|00000000>,17
0,16,|11111001>,4
0,16,|01110110>,26
0,16,|10010000>,10
0,16,|10110010>,1
0,16,|10011100>,13
0,16,|10101000>,9
0,16,|10011111>,7
0,16,|10110100>,6
0,16,|10001110>,15
0,16,|10011010>,6
0,16,|10000001>,13
0,16,|10011011>,13
0,16,|11110000>,2
0,16,|01101000>,26
0,16,|10011000>,14
0,16,|10111100>,4
0,16,|10011110>,5
0,16,|10101010>,6
0,16,|10100100>,9
0,16,|10100011>,4
0,16,|11001010>,2
0,16,|00100101>,24
0,16,|11001000>,2
0,16,|11111111>,5
0,16,|11111011>,1
0,16,|10010100>,14
0,16,|11000010>,4
0,16,|11111100>,3
0,16,|10111101>,5
0,16,|11001100>,3
0,16,|00001110>,16
0,16,|10001100>,15
0,16,|10011001>,15
0,16,|10100001>,13
0,16,|11111010>,3
0,16,|10100111>,8
0,16,|10101111>,5
0,16,|10001010>,13
0,16,|11000110>,1
0,16,|10101100>,6
0,16,|11111000>,2
0,16,|10100010>,6
0,16,|11110001>,2
0,16,|10111010>,4
0,16,|11110010>,1
0,16,|11101100>,2
0,16,|11001011>,1
0,16,|10110011>,1
0,16,|11110111>,2
0,16,|10111001>,2
0,16,|11101001>,1
0,16,|11110101>,1
0,16,|11110011>,1
0,16,|11000011>,2
0,16,|11110100>,1
0,16,|11000100>,1
0,16,|11001001>,2
0,16,|11110110>,1
0,16,|11010101>,1
0,16,|11111110>,1
0,16,|11101010>,1
0,16,|11000101>,1
0,16,|11010001>,1
0,16,|11000111>,1
1,0,|11010001>,12
1,0,|11100110>,8
1,0,|10011110>,36
1,0,|00111000>,15
1,0,|01010001>,22
1,0,|10010011>,18
1,0,|00010111>,7
1,0,|10100110>,25
1,0,|01100111>,24
1,0,|01000100>,23
1,0,|01111011>,25
1,0,|00111010>,28
1,0,|10111100>,22
1,0,|00011001>,9
1,0,|10001101>,19
1,0,|01010010>,24
1,0,|10111110>,13
1,0,|01001101>,23
1,0,|10001110>,21
1,0,|10011010>,30
1,0,|00010101>,6
1,0,|01110111>,16
1,0,|01010000>,30
1,0,|10110101>,22
1,0,|10000001>,34
1,0,|01111111>,30
1,0,|01100101>,31
1,0,|00011100>,11
1,0,|11010011>,12
1,0,|00100100>,10
1,0,|11011100>,5
1,0,|11010010>,18
1,0,|10001111>,25
1,0,|10010010>,23
1,0,|10000010>,36
1,0,|10100001>,29
1,0,|01000101>,25
1,0,|01011101>,30
1,0,|10111011>,23
1,0,|11111000>,3
1,0,|00100110>,12
1,0,|10100100>,20
1,0,|01010110>,33
1,0,|00010100>,6
1,0,|00110011>,13
1,0,|10101001>,34
1,0,|01011111>,23
1,0,|10010101>,28
1,0,|10000100>,24
1,0,|10011011>,20
1,0,|00110010>,15
1,0,|11111110>,4
1,0,|01011011>,20
1,0,|01000011>,15
1,0,|11000001>,12
1,0,|10100101>,22
1,0,|11000111>,22
1,0,|00111011>,12
1,0,|01110100>,30
1,0,|00101011>,17
1,0,|00011011>,12
1,0,|10000101>,18
1,0,|00101111>,14
1,0,|01000110>,23
1,0,|01011110>,29
1,0,|01101110>,26
1,0,|01011100>,7
1,0,|01111010>,23
1,0,|01111101>,21
1,0,|10101101>,30
1,0,|01111001>,23
1,0,|10110010>,20
1,0,|10000111>,29
1,0,|11010100>,12
1,0,|01111110>,18
1,0,|10000011>,21
1,0,|00001001>,3
1,0,|10011001>,32
1,0,|00011101>,6
1,0,|10100000>,24
1,0,|01101101>,27
1,0,|11000010>,17
1,0,|11010110>,11
1,0,|10111010>,15
1,0,|01010011>,14
1,0,|10011101>,17
1,0,|10001010>,35
1,0,|11101001>,9
1,0,|10100111>,24
1,0,|01010101>,28
1,0,|10101010>,19
1,0,|10010001>,22
1,0,|01011010>,17
1,0,|10110110>,21
1,0,|01011000>,25
1,0,|00111001>,18
1,0,|11101110>,2
1,0,|00111111>,13
1,0,|01110101>,37
1,0,|10001001>,23
1,0,|11011010>,7
1,0,|11010101>,11
1,0,|01111000>,24
1,0,|01100011>,15
1,0,|10101011>,16
1,0,|11001011>,18
1,0,|01001110>,15
1,0,|11001000>,8
1,0,|01001100>,20
1,0,|10110111>,18
1,0,|11000110>,12
1,0,|10001100>,25
1,0,|11000011>,20
1,0,|01101011>,27
1,0,|00110100>,10
1,0,|00001010>,8
1,0,|01110010>,25
1,0,|11001010>,11
1,0,|11011110>,2
1,0,|01101001>,25
1,0,|01110011>,18
1,0,|11011001>,9
1,0,|11010000>,12
1,0,|10100011>,23
1,0,|00100000>,8
1,0,|01110110>,32
1,0,|01101000>,20
1,0,|10110100>,22
1,0,|10001011>,26
1,0,|01010111>,26
1,0,|11000101>,12
1,0,|01001010>,31
1,0,|11001001>,14
1,0,|01001111>,25
1,0,|00011110>,11
1,0,|00011111>,10
1,0,|00100111>,12
1,0,|11001101>,15
1,0,|11111111>,3
1,0,|10110011>,9
1,0,|01001000>,18
1,0,|00100010>,11
1,0,|11000100>,9
1,0,|01011001>,20
1,0,|11111101>,5
1,0,|10010110>,28
1,0,|01110000>,18
1,0,|11100001>,8
1,0,|10111000>,15
1,0,|01100100>,14
1,0,|10101000>,22
1,0,|00110101>,12
1,0,|10000000>,29
1,0,|01001001>,24
1,0,|01100000>,22
1,0,|00111100>,14
1,0,|10001000>,19
1,0,|00101001>,16
1,0,|10110000>,13
1,0,|00111101>,19
1,0,|01111100>,20
1,0,|10010000>,20
1,0,|10111101>,16
1,0,|10010100>,21
1,0,|00001011>,7
1,0,|00000100>,3
1,0,|00110000>,14
1,0,|11101000>,12
1,0,|11001100>,15
1,0,|11110111>,9
1,0,|01110001>,25
1,0,|11100010>,6
1,0,|11111010>,6
1,0,|01010100>,21
1,0,|01101100>,20
1,0,|10011111>,23
1,0,|00110110>,9
1,0,|11001111>,14
1,0,|00010110>,6
1,0,|00101000>,11
1,0,|10011100>,27
1,0,|01100110>,17
1,0,|10101111>,22
1,0,|11011111>,6
1,0,|10100010>,29
1,0,|11110001>,8
1,0,|01101010>,33
1,0,|00110001>,11
1,0,|10010111>,18
1,0,|01000000>,21
1,0,|11101111>,9
1,0,|11101101>,7
1,0,|00111110>,19
1,0,|00101110>,16
1,0,|11011101>,7
1,0,|01000111>,16
1,0,|10101110>,20
1,0,|01000010>,18
1,0,|00010011>,7
1,0,|00001111>,4
1,0,|10111001>,22
1,0,|00101100>,13
1,0,|11101100>,7
1,0,|11100000>,7
1,0,|10011000>,22
1,0,|11010111>,16
1,0,|00010001>,9
1,0,|11100100>,7
1,0,|00001110>,6
1,0,|00101101>,12
1,0,|01101111>,20
1,0,|10101100>,22
1,0,|11100111>,9
1,0,|01000001>,13
1,0,|00110111>,16
1,0,|11011000>,10
1,0,|11001110>,14
1,0,|11101010>,5
1,0,|00101010>,14
1,0,|10110001>,17
1,0,|10000110>,21
1,0,|00001000>,4
1,0,|11000000>,21
1,0,|11111100>,3
1,0,|01100001>,28
1,0,|00100001>,10
1,0,|00010010>,4
1,0,|01100010>,17
1,0,|11110101>,6
1,0,|11110011>,6
1,0,|00001100>,4
1,0,|00000101>,4
1,0,|11111001>,4
1,0,|11011011>,10
1,0,|11100011>,7
1,0,|00000011>,3
1,0,|11111011>,5
1,0,|00100011>,9
1,0,|10111111>,9
1,0,|00011010>,6
1,0,|01001011>,15
1,0,|00000000>,4
1,0,|00100101>,10
1,0,|00000111>,5
1,0,|11101011>,5
1,0,|11110100>,4
1,0,|11100101>,5
1,0,|00000010>,6
1,0,|11110000>,7
1,0,|00011000>,4
1,0,|00000001>,3
1,0,|00001101>,1
1,0,|11110010>,2
1,0,|00010000>,5
1,0,|00000110>,2
1,0,|11110110>,2
1,1,|10011111>,16
1,1,|01101100>,26
1,1,|10000100>,20
1,1,|10010011>,24
1,1,|01010100>,23
1,1,|01110100>,28
1,1,|11100100>,10
1,1,|10101010>,16
1,1,|01101011>,25
1,1,|00010011>,10
1,1,|01001010>,20
1,1,|01010011>,26
1,1,|11001001>,20
1,1,|10100110>,21
1,1,|01101000>,31
1,1,|00110010>,8
1,1,|10110101>,17
1,1,|00011101>,8
1,1,|10011110>,28
1,1,|11110100>,9
1,1,|10001001>,29
1,1,|11000101>,18
1,1,|01100010>,19
1,1,|01111101>,24
1,1,|01001011>,12
1,1,|10110100>,19
1,1,|11001011>,22
1,1,|00111100>,20
1,1,|00100000>,14
1,1,|01110110>,25
1,1,|10001101>,24
1,1,|10101110>,18
1,1,|11010010>,16
1,1,|10100101>,26
1,1,|01000000>,14
1,1,|00000000>,2
1,1,|11001100>,10
1,1,|00000101>,3
1,1,|11101000>,3
1,1,|11010011>,13
1,1,|01001000>,29
1,1,|00010000>,5
1,1,|10000010>,29
1,1,|01111011>,28
1,1,|10000101>,30
1,1,|11110010>,3
1,1,|10000000>,30
1,1,|00011100>,13
1,1,|01011100>,29
1,1,|10000110>,37
1,1,|10011001>,25
1,1,|01010001>,18
1,1,|11000011>,21
1,1,|00110101>,22
1,1,|11010000>,14
1,1,|10001000>,21
1,1,|01001101>,21
1,1,|11100010>,7
1,1,|00101100>,12
1,1,|01110010>,25
1,1,|11000001>,13
1,1,|01100110>,29
1,1,|01101010>,28
1,1,|10000111>,34
1,1,|10001110>,28
1,1,|00110100>,9
1,1,|10111100>,16
1,1,|01110000>,28
1,1,|01101001>,23
1,1,|00101011>,15
1,1,|01010000>,18
1,1,|00100111>,13
1,1,|01111110>,24
1,1,|00111111>,16
1,1,|00110111>,10
1,1,|01111111>,35
1,1,|01101111>,29
1,1,|00101001>,13
1,1,|10010001>,27
1,1,|11000111>,13
1,1,|01011010>,26
1,1,|10111011>,19
1,1,|01100011>,22
1,1,|00010001>,7
1,1,|10101000>,26
1,1,|01100001>,20
1,1,|10100000>,34
1,1,|10010010>,28
1,1,|01011001>,19
1,1,|00011110>,8
1,1,|01000011>,18
1,1,|11110000>,8
1,1,|00100101>,10
1,1,|11001101>,12
1,1,|00011001>,9
1,1,|10101011>,23
1,1,|01101110>,15
1,1,|01001110>,24
1,1,|00011010>,10
1,1,|01011111>,25
1,1,|00100001>,6
1,1,|01011011>,23
1,1,|01110011>,16
1,1,|10110010>,28
1,1,|01000100>,15
1,1,|10010110>,22
1,1,|10110000>,30
1,1,|01000110>,12
1,1,|01010111>,19
1,1,|10110110>,15
1,1,|01000101>,13
1,1,|01011110>,18
1,1,|10000011>,28
1,1,|01111000>,35
1,1,|10111001>,18
1,1,|10010101>,17
1,1,|00110011>,20
1,1,|10011100>,24
1,1,|01010101>,33
1,1,|10110011>,17
1,1,|01100111>,18
1,1,|10111111>,20
1,1,|11010100>,13
1,1,|10111110>,11
1,1,|10001011>,19
1,1,|11100011>,9
1,1,|01111001>,19
1,1,|11001000>,16
1,1,|00100110>,13
1,1,|00100011>,8
1,1,|10111000>,18
1,1,|00001101>,7
1,1,|10110111>,23
1,1,|00101101>,16
1,1,|01110101>,19
1,1,|10101001>,22
1,1,|11010110>,10
1,1,|11101010>,7
1,1,|10011010>,31
1,1,|11110111>,1
1,1,|00111000>,16
1,1,|01000111>,20
1,1,|11101101>,9
1,1,|11000100>,10
1,1,|10110001>,16
1,1,|01111100>,26
1,1,|11001111>,10
1,1,|11011101>,12
1,1,|01010010>,13
1,1,|01011101>,24
1,1,|01011000>,22
1,1,|10010100>,24
1,1,|10100010>,28
1,1,|11000010>,19
1,1,|11010101>,16
1,1,|10000001>,19
1,1,|11111110>,3
1,1,|10011011>,22
1,1,|11011010>,11
1,1,|01000001>,17
1,1,|10001010>,21
1,1,|10001100>,37
1,1,|00110110>,15
1,1,|01010110>,17
1,1,|01100101>,24
1,1,|01110111>,20
1,1,|10100100>,21
1,1,|10100001>,29
1,1,|00000100>,5
1,1,|00111001>,9
1,1,|01000010>,18
1,1,|01001001>,17
1,1,|10001111>,24
1,1,|11011110>,6
1,1,|10010000>,29
1,1,|00010111>,9
1,1,|00100100>,11
1,1,|10111101>,20
1,1,|00111011>,20
1,1,|00111101>,18
1,1,|10011000>,16
1,1,|11101111>,5
1,1,|11011100>,14
1,1,|10010111>,28
1,1,|01110001>,21
1,1,|11010111>,11
1,1,|01101101>,29
1,1,|10111010>,21
1,1,|11001110>,16
1,1,|00001100>,7
1,1,|00010101>,5
1,1,|00001010>,2
1,1,|11011001>,9
1,1,|01100100>,20
1,1,|01111010>,30
1,1,|00110001>,7
1,1,|00111110>,7
1,1,|11101100>,9
1,1,|11010001>,19
1,1,|10101111>,14
1,1,|11111111>,4
1,1,|00001001>,3
1,1,|01001100>,20
1,1,|10101101>,20
1,1,|00110000>,10
1,1,|11000000>,11
1,1,|11110101>,8
1,1,|10011101>,16
1,1,|11101110>,3
1,1,|01001111>,14
1,1,|00010110>,10
1,1,|00011000>,5
1,1,|00000010>,4
1,1,|00101110>,12
1,1,|11101001>,9
1,1,|00001110>,8
1,1,|11001010>,11
1,1,|00001011>,7
1,1,|01100000>,17
1,1,|00000001>,4
1,1,|11011111>,8
1,1,|11000110>,22
1,1,|00000110>,7
1,1,|11100000>,9
1,1,|10101100>,18
1,1,|00101111>,11
1,1,|00011111>,11
1,1,|11110110>,4
1,1,|00101010>,12
1,1,|11110001>,4
1,1,|11101011>,3
1,1,|11100101>,10
1,1,|11111101>,6
1,1,|00111010>,18
1,1,|11011000>,7
1,1,|11111011>,1
1,1,|10100111>,20
1,1,|11100110>,8
1,1,|00000111>,3
1,1,|11100001>,7
1,1,|00011011>,8
1,1,|00000011>,3
1,1,|11111000>,4
1,1,|00100010>,9
1,1,|10100011>,12
1,1,|00001000>,1
1,1,|00001111>,8
1,1,|11111100>,9
1,1,|11100111>,6
1,1,|11111010>,2
1,1,|00101000>,5
1,1,|00010010>,4
1,1,|11011011>,5
1,1,|11110011>,4
1,1,|00010100>,3
1,1,|11111001>,2
1,2,|10111101>,16
1,2,|01111010>,25
1,2,|00101100>,18
1,2,|01101101>,37
1,2,|10100111>,29
1,2,|01110100>,28
1,2,|11001001>,15
1,2,|10010110>,30
1,2,|01110010>,28
1,2,|10110101>,19
1,2,|01011101>,24
1,2,|01111001>,22
1,2,|10010100>,23
1,2,|00111010>,16
1,2,|01010010>,21
1,2,|01011100>,20
1,2,|01011001>,19
1,2,|10110001>,17
1,2,|11111010>,5
1,2,|01000001>,19
1,2,|01010110>,20
1,2,|10010001>,20
1,2,|01001011>,16
1,2,|00111011>,21
1,2,|00110101>,22
1,2,|00101101>,8
1,2,|01100100>,23
1,2,|01111100>,22
1,2,|01110011>,28
1,2,|01010101>,20
1,2,|10000100>,22
1,2,|10000010>,28
1,2,|10100001>,22
1,2,|01101100>,26
1,2,|01000101>,15
1,2,|01101001>,26
1,2,|10010010>,21
1,2,|10110111>,23
1,2,|01110000>,20
1,2,|00011010>,10
1,2,|01010100>,16
1,2,|10011000>,21
1,2,|01011110>,18
1,2,|00101110>,15
1,2,|10101000>,24
1,2,|10110010>,17
1,2,|10010011>,30
1,2,|10000000>,30
1,2,|01101011>,16
1,2,|11010101>,10
1,2,|10101101>,29
1,2,|01110101>,23
1,2,|01001110>,29
1,2,|01001111>,17
1,2,|01001010>,21
1,2,|00111111>,19
1,2,|10100110>,27
1,2,|10101111>,16
1,2,|10101100>,17
1,2,|11001000>,22
1,2,|00010010>,9
1,2,|00010111>,6
1,2,|01100111>,23
1,2,|01001001>,15
1,2,|01101010>,29
1,2,|10001010>,27
1,2,|01101000>,27
1,2,|10111000>,15
1,2,|11100100>,6
1,2,|11001010>,12
1,2,|10011110>,21
1,2,|10111110>,20
1,2,|01111011>,28
1,2,|10001001>,23
1,2,|01110111>,23
1,2,|10010101>,31
1,2,|01011010>,21
1,2,|11010011>,12
1,2,|10100000>,19
1,2,|00100111>,9
1,2,|01011000>,26
1,2,|01001101>,19
1,2,|01110110>,33
1,2,|00110010>,16
1,2,|01000100>,17
1,2,|10101010>,31
1,2,|00111001>,21
1,2,|11111001>,3
1,2,|01100001>,20
1,2,|00101010>,9
1,2,|01001000>,13
1,2,|00101011>,12
1,2,|01110001>,21
1,2,|11000011>,12
1,2,|10001110>,16
1,2,|01111110>,31
1,2,|11111110>,3
1,2,|11100000>,12
1,2,|00001100>,7
1,2,|10010000>,25
1,2,|10011001>,31
1,2,|01100011>,21
1,2,|10011011>,30
1,2,|10111100>,18
1,2,|10110100>,19
1,2,|00101000>,8
1,2,|01010111>,27
1,2,|00110001>,11
1,2,|11101101>,8
1,2,|11000111>,15
1,2,|11010001>,12
1,2,|11010111>,12
1,2,|10111001>,25
1,2,|11111000>,6
1,2,|01101110>,17
1,2,|01000011>,14
1,2,|11010100>,11
1,2,|10100011>,20
1,2,|01010001>,22
1,2,|00101001>,10
1,2,|00100011>,19
1,2,|11000001>,21
1,2,|10011111>,19
1,2,|10100010>,19
1,2,|10110110>,18
1,2,|10011101>,20
1,2,|10001000>,19
1,2,|00100110>,8
1,2,|01111101>,30
1,2,|00011001>,10
1,2,|11101011>,8
1,2,|10111111>,12
1,2,|10110011>,23
1,2,|10100101>,19
1,2,|10101011>,30
1,2,|10001011>,23
1,2,|10000101>,23
1,2,|11010000>,14
1,2,|11110101>,4
1,2,|11100010>,3
1,2,|10011010>,25
1,2,|00001111>,7
1,2,|11000100>,18
1,2,|10000001>,27
1,2,|01000110>,20
1,2,|11101000>,6
1,2,|10000111>,20
1,2,|11001110>,14
1,2,|10111011>,12
1,2,|11001100>,18
1,2,|10001101>,23
1,2,|10011100>,22
1,2,|00100001>,10
1,2,|00111000>,17
1,2,|11000010>,16
1,2,|11011110>,11
1,2,|01010000>,27
1,2,|11010010>,14
1,2,|01111000>,17
1,2,|10010111>,23
1,2,|00001101>,6
1,2,|01111111>,34
1,2,|01010011>,25
1,2,|10101110>,12
1,2,|11001101>,15
1,2,|11101001>,5
1,2,|00111110>,12
1,2,|01100010>,18
1,2,|00010100>,6
1,2,|10101001>,19
1,2,|01100110>,26
1,2,|11011000>,6
1,2,|10001111>,33
1,2,|00100000>,10
1,2,|00000001>,4
1,2,|00010001>,7
1,2,|00111100>,15
1,2,|10001100>,32
1,2,|01100000>,33
1,2,|00100010>,11
1,2,|00110110>,18
1,2,|00110100>,13
1,2,|01100101>,24
1,2,|01101111>,26
1,2,|11011011>,10
1,2,|01011111>,21
1,2,|01011011>,20
1,2,|00010110>,11
1,2,|01000111>,17
1,2,|10000011>,28
1,2,|00110000>,11
1,2,|11011100>,9
1,2,|00001000>,5
1,2,|00011011>,11
1,2,|00011000>,14
1,2,|11011010>,19
1,2,|11001011>,19
1,2,|00111101>,18
1,2,|11000101>,13
1,2,|01000000>,15
1,2,|01001100>,18
1,2,|11001111>,13
1,2,|00011111>,8
1,2,|00010011>,9
1,2,|10000110>,17
1,2,|10111010>,13
1,2,|11110010>,7
1,2,|11000000>,13
1,2,|11100110>,7
1,2,|11110110>,5
1,2,|11011111>,10
1,2,|00100101>,13
1,2,|00110011>,13
1,2,|11110111>,6
1,2,|00101111>,13
1,2,|11110000>,8
1,2,|11111100>,7
1,2,|11010110>,10
1,2,|00100100>,6
1,2,|01000010>,13
1,2,|11110011>,2
1,2,|00011110>,10
1,2,|10100100>,35
1,2,|00000100>,5
1,2,|00011101>,6
1,2,|00010101>,6
1,2,|11110100>,5
1,2,|00000010>,6
1,2,|11111101>,4
1,2,|11100101>,9
1,2,|00000111>,3
1,2,|11101100>,7
1,2,|00001001>,4
1,2,|10110000>,11
1,2,|11101110>,8
1,2,|11110001>,4
1,2,|00000110>,3
1,2,|11111011>,4
1,2,|11011001>,8
1,2,|11011101>,10
1,2,|11101010>,6
1,2,|00011100>,7
1,2,|00110111>,8
1,2,|00001010>,3
1,2,|11101111>,4
1,2,|11000110>,15
1,2,|00001110>,2
1,2,|00000101>,1
1,2,|11100111>,5
1,2,|00000011>,4
1,2,|11100011>,7
1,2,|00010000>,5
1,2,|11100001>,3
1,2,|00001011>,3
1,2,|00000000>,3
1,3,|00110111>,14
1,3,|01010101>,25
1,3,|01110000>,32
1,3,|10000110>,24
1,3,|10100010>,25
1,3,|01100000>,26
1,3,|10011001>,19
1,3,|10011100>,31
1,3,|01001101>,25
1,3,|01011010>,31
1,3,|01010110>,18
1,3,|00000000>,4
1,3,|10001101>,28
1,3,|10011011>,18
1,3,|01000110>,19
1,3,|10000010>,14
1,3,|11001110>,9
1,3,|01111101>,28
1,3,|00001001>,8
1,3,|10111011>,24
1,3,|00111000>,18
1,3,|01001001>,18
1,3,|01110011>,19
1,3,|01100010>,22
1,3,|11000001>,14
1,3,|01111001>,29
1,3,|10100111>,17
1,3,|10000011>,22
1,3,|00101011>,13
1,3,|01001010>,24
1,3,|11110101>,5
1,3,|01001011>,23
1,3,|00000110>,5
1,3,|00010010>,10
1,3,|10100101>,26
1,3,|10111001>,13
1,3,|10000111>,25
1,3,|10001000>,24
1,3,|10000001>,21
1,3,|01111110>,23
1,3,|10101010>,21
1,3,|10101100>,21
1,3,|01101010>,21
1,3,|11111101>,7
1,3,|11001001>,14
1,3,|10101001>,30
1,3,|10001100>,25
1,3,|11001101>,12
1,3,|01110110>,30
1,3,|01011111>,31
1,3,|11000010>,24
1,3,|00010000>,7
1,3,|11110011>,8
1,3,|00100111>,15
1,3,|10110000>,23
1,3,|01110101>,16
1,3,|10010011>,31
1,3,|11010001>,16
1,3,|11111011>,4
1,3,|10001011>,30
1,3,|10011111>,16
1,3,|00011111>,10
1,3,|00110100>,11
1,3,|11110100>,9
1,3,|01001110>,20
1,3,|10001111>,22
1,3,|01110001>,22
1,3,|01100011>,20
1,3,|11011100>,6
1,3,|11110001>,9
1,3,|10010000>,28
1,3,|01100110>,30
1,3,|10010110>,23
1,3,|10100110>,17
1,3,|10110110>,18
1,3,|01111000>,28
1,3,|11010100>,11
1,3,|10111000>,24
1,3,|10111110>,17
1,3,|10010100>,33
1,3,|00111100>,18
1,3,|11010010>,14
1,3,|01101001>,29
1,3,|01101101>,19
1,3,|00101111>,15
1,3,|01000010>,14
1,3,|10001010>,25
1,3,|10100000>,27
1,3,|01011101>,18
1,3,|01000101>,15
1,3,|11011001>,15
1,3,|10101101>,22
1,3,|01010010>,18
1,3,|11101011>,10
1,3,|11011000>,16
1,3,|01100001>,13
1,3,|10101000>,25
1,3,|11001010>,15
1,3,|01111010>,36
1,3,|00101000>,14
1,3,|10100011>,19
1,3,|00010100>,6
1,3,|11000100>,18
1,3,|00011010>,16
1,3,|01011011>,24
1,3,|00101101>,21
1,3,|10011000>,31
1,3,|00101001>,13
1,3,|01010011>,24
1,3,|10101110>,23
1,3,|11100101>,8
1,3,|10001110>,28
1,3,|10000100>,26
1,3,|10101011>,21
1,3,|00111010>,13
1,3,|10010101>,18
1,3,|01010100>,11
1,3,|10010111>,28
1,3,|10011010>,14
1,3,|01110100>,17
1,3,|01111011>,25
1,3,|01110010>,26
1,3,|11001111>,8
1,3,|00111111>,18
1,3,|10000101>,28
1,3,|01010111>,27
1,3,|01010000>,22
1,3,|00111110>,23
1,3,|01111111>,21
1,3,|10010001>,25
1,3,|00110000>,10
1,3,|00101100>,19
1,3,|01011100>,28
1,3,|11001011>,16
1,3,|11000101>,14
1,3,|11011110>,7
1,3,|01100101>,21
1,3,|00010111>,7
1,3,|10111010>,22
1,3,|10000000>,24
1,3,|00100011>,15
1,3,|10010010>,19
1,3,|11011011>,11
1,3,|10100001>,19
1,3,|10110100>,16
1,3,|10100100>,21
1,3,|00010001>,6
1,3,|01101100>,18
1,3,|11010101>,10
1,3,|01000001>,18
1,3,|01010001>,23
1,3,|11100000>,7
1,3,|00110110>,15
1,3,|11110010>,8
1,3,|10011101>,18
1,3,|10101111>,26
1,3,|10111101>,21
1,3,|01111100>,28
1,3,|01101000>,22
1,3,|00111101>,17
1,3,|00100110>,6
1,3,|01101111>,25
1,3,|11101101>,5
1,3,|10110011>,16
1,3,|01110111>,26
1,3,|01001100>,20
1,3,|00100101>,5
1,3,|10001001>,24
1,3,|01000111>,16
1,3,|11001100>,9
1,3,|00110001>,16
1,3,|01000011>,23
1,3,|11010000>,7
1,3,|01101011>,22
1,3,|00111011>,22
1,3,|01001111>,18
1,3,|01011110>,15
1,3,|11100110>,3
1,3,|11010111>,14
1,3,|11110000>,6
1,3,|11011010>,7
1,3,|11111100>,3
1,3,|00110010>,18
1,3,|00101110>,22
1,3,|01101110>,25
1,3,|01000100>,23
1,3,|10111111>,14
1,3,|11000000>,17
1,3,|11100010>,7
1,3,|11111110>,4
1,3,|00010011>,7
1,3,|00100000>,6
1,3,|00001110>,10
1,3,|00100010>,4
1,3,|01000000>,19
1,3,|00011001>,14
1,3,|01011000>,18
1,3,|00100001>,7
1,3,|00111001>,19
1,3,|11100001>,8
1,3,|10011110>,19
1,3,|11000011>,20
1,3,|10111100>,19
1,3,|11100100>,6
1,3,|11011111>,9
1,3,|11000111>,14
1,3,|01100111>,22
1,3,|10110101>,19
1,3,|00001101>,7
1,3,|00110101>,8
1,3,|00101010>,14
1,3,|00001000>,7
1,3,|00001100>,5
1,3,|11010110>,10
1,3,|00010101>,8
1,3,|00011000>,7
1,3,|11001000>,11
1,3,|00011110>,12
1,3,|00011100>,11
1,3,|01011001>,17
1,3,|11101010>,6
1,3,|00011011>,10
1,3,|00100100>,7
1,3,|11010011>,16
1,3,|11101110>,4
1,3,|00110011>,9
1,3,|11101001>,8
1,3,|00011101>,4
1,3,|10110001>,18
1,3,|11000110>,10
1,3,|00000011>,5
1,3,|11100011>,9
1,3,|11111001>,5
1,3,|11100111>,5
1,3,|10110010>,17
1,3,|11111000>,2
1,3,|01001000>,17
1,3,|00001010>,7
1,3,|10110111>,16
1,3,|01100100>,21
1,3,|11110111>,3
1,3,|00001011>,4
1,3,|00000100>,4
1,3,|11101111>,4
1,3,|11111111>,5
1,3,|00001111>,8
1,3,|11110110>,6
1,3,|00000101>,3
1,3,|11011101>,5
1,3,|00010110>,6
1,3,|11111010>,4
1,3,|11101000>,5
1,3,|00000111>,2
1,3,|11101100>,4
1,3,|00000001>,3
1,4,|10110010>,23
1,4,|10011110>,33
1,4,|10101001>,19
1,4,|10111101>,16
1,4,|00110100>,10
1,4,|01001110>,15
1,4,|01000111>,20
1,4,|10011001>,31
1,4,|01101100>,28
1,4,|00111110>,20
1,4,|10010001>,20
1,4,|01010110>,23
1,4,|10001001>,20
1,4,|11110010>,9
1,4,|01011000>,37
1,4,|01010000>,19
1,4,|01001011>,19
1,4,|01110111>,21
1,4,|10110000>,19
1,4,|10000001>,30
1,4,|01011010>,19
1,4,|01011101>,28
1,4,|01010100>,27
1,4,|10000100>,22
1,4,|11111011>,3
1,4,|10100010>,27
1,4,|10001010>,31
1,4,|01000010>,19
1,4,|10111010>,21
1,4,|01111000>,26
1,4,|10100000>,18
1,4,|11001001>,14
1,4,|10001101>,31
1,4,|10110100>,21
1,4,|11101000>,5
1,4,|11001011>,10
1,4,|01100101>,39
1,4,|01011001>,23
1,4,|11010100>,7
1,4,|01010111>,23
1,4,|10001000>,28
1,4,|01111001>,24
1,4,|01100000>,29
1,4,|10100101>,29
1,4,|10000101>,35
1,4,|01010010>,22
1,4,|10110011>,17
1,4,|01111100>,38
1,4,|11011000>,15
1,4,|11111110>,6
1,4,|11000000>,18
1,4,|10100100>,15
1,4,|01100001>,26
1,4,|10000011>,20
1,4,|01001010>,20
1,4,|10010010>,21
1,4,|01100010>,29
1,4,|01001101>,31
1,4,|11010010>,9
1,4,|11000001>,19
1,4,|01001000>,22
1,4,|01111101>,29
1,4,|01100111>,23
1,4,|01000100>,14
1,4,|01000000>,17
1,4,|01001001>,24
1,4,|11110001>,5
1,4,|01110100>,28
1,4,|00111011>,16
1,4,|10010110>,27
1,4,|00111101>,20
1,4,|01000011>,22
1,4,|00011000>,7
1,4,|01010011>,22
1,4,|10101111>,18
1,4,|10000110>,31
1,4,|11011111>,6
1,4,|11100110>,9
1,4,|10110111>,17
1,4,|10100111>,17
1,4,|10101100>,23
1,4,|10100011>,17
1,4,|11100100>,6
1,4,|00101001>,11
1,4,|00100000>,12
1,4,|01000001>,14
1,4,|10111111>,17
1,4,|10010101>,15
1,4,|00110101>,14
1,4,|00011110>,14
1,4,|10010000>,23
1,4,|10101010>,18
1,4,|11000101>,17
1,4,|10011111>,31
1,4,|10011011>,23
1,4,|01110001>,21
1,4,|01110101>,23
1,4,|01010101>,19
1,4,|11011101>,10
1,4,|11110110>,8
1,4,|00101010>,15
1,4,|10011000>,25
1,4,|01111111>,21
1,4,|10011010>,32
1,4,|01101101>,22
1,4,|10110101>,15
1,4,|10010100>,29
1,4,|01101111>,26
1,4,|01110000>,30
1,4,|00111111>,15
1,4,|00001000>,6
1,4,|11001110>,12
1,4,|10000111>,21
1,4,|01101000>,20
1,4,|00111010>,16
1,4,|11111100>,7
1,4,|00100011>,10
1,4,|00110111>,6
1,4,|00110011>,9
1,4,|01101010>,20
1,4,|11001100>,16
1,4,|10000000>,28
1,4,|11111000>,2
1,4,|11101011>,7
1,4,|10110001>,26
1,4,|11010110>,15
1,4,|00001101>,7
1,4,|10101101>,17
1,4,|11010111>,9
1,4,|01101110>,24
1,4,|01010001>,22
1,4,|01000110>,21
1,4,|00111001>,16
1,4,|01101001>,22
1,4,|00011010>,7
1,4,|01001111>,25
1,4,|10100001>,21
1,4,|10000010>,19
1,4,|10101000>,24
1,4,|01011111>,26
1,4,|00100101>,11
1,4,|01100011>,26
1,4,|01101011>,33
1,4,|01100110>,21
1,4,|11001010>,16
1,4,|10111110>,12
1,4,|00101000>,12
1,4,|11001000>,11
1,4,|00000100>,4
1,4,|11111010>,3
1,4,|10110110>,15
1,4,|01111010>,21
1,4,|11010101>,14
1,4,|00001100>,6
1,4,|11011010>,11
1,4,|01011011>,19
1,4,|01110011>,18
1,4,|10111001>,14
1,4,|00011100>,14
1,4,|00100100>,16
1,4,|00110000>,17
1,4,|10111100>,20
1,4,|00011001>,5
1,4,|10010111>,18
1,4,|11000010>,16
1,4,|11110101>,6
1,4,|11101010>,5
1,4,|10011101>,19
1,4,|00101111>,12
1,4,|11101100>,4
1,4,|11100011>,11
1,4,|11011100>,16
1,4,|11101110>,10
1,4,|00001001>,5
1,4,|11001111>,7
1,4,|11101101>,10
1,4,|00011011>,9
1,4,|01100100>,19
1,4,|11111111>,7
1,4,|00010111>,10
1,4,|10001011>,29
1,4,|11000111>,12
1,4,|11010011>,14
1,4,|10100110>,25
1,4,|00001011>,13
1,4,|00000010>,3
1,4,|00101110>,17
1,4,|11100101>,4
1,4,|11100000>,5
1,4,|11000011>,14
1,4,|10001111>,21
1,4,|11101111>,3
1,4,|00010010>,4
1,4,|10101011>,20
1,4,|00100001>,11
1,4,|00110010>,15
1,4,|01110110>,25
1,4,|00101100>,17
1,4,|00101101>,14
1,4,|01111011>,17
1,4,|10001110>,15
1,4,|00011111>,10
1,4,|00011101>,10
1,4,|00110001>,15
1,4,|11000100>,12
1,4,|11100001>,5
1,4,|00101011>,12
1,4,|10111011>,20
1,4,|11001101>,15
1,4,|00110110>,23
1,4,|11110011>,7
1,4,|00010011>,5
1,4,|01111110>,23
1,4,|11100010>,6
1,4,|00010001>,9
1,4,|00010000>,7
1,4,|11010001>,11
1,4,|11000110>,11
1,4,|00010110>,9
1,4,|11011001>,11
1,4,|01011110>,26
1,4,|01110010>,18
1,4,|11111001>,1
1,4,|00100110>,7
1,4,|01000101>,13
1,4,|10011100>,25
1,4,|00001010>,6
1,4,|10111000>,17
1,4,|10101110>,21
1,4,|11010000>,10
1,4,|11011110>,6
1,4,|01011100>,19
1,4,|01001100>,10
1,4,|00111100>,16
1,4,|11011011>,7
1,4,|10010011>,18
1,4,|00100111>,9
1,4,|00000111>,5
1,4,|00010101>,5
1,4,|00001110>,3
1,4,|00010100>,6
1,4,|00001111>,3
1,4,|00111000>,11
1,4,|11110000>,5
1,4,|00000011>,4
1,4,|11101001>,6
1,4,|10001100>,20
1,4,|00000110>,7
1,4,|00100010>,8
1,4,|11110100>,2
1,4,|00000101>,6
1,4,|11100111>,8
1,4,|11110111>,5
1,4,|00000001>,2
1,4,|11111101>,1
1,5,|00011101>,6
1,5,|10000111>,30
1,5,|01101011>,26
1,5,|01111001>,27
1,5,|01000110>,16
1,5,|01010011>,27
1,5,|10100001>,29
1,5,|10010011>,21
1,5,|00101011>,11
1,5,|01110001>,24
1,5,|01101100>,26
1,5,|11100110>,10
1,5,|10011100>,23
1,5,|10010010>,21
1,5,|10001011>,21
1,5,|00001100>,6
1,5,|01111111>,13
1,5,|01011101>,23
1,5,|00101100>,10
1,5,|11100000>,14
1,5,|01111110>,26
1,5,|01001110>,18
1,5,|10100011>,28
1,5,|10010111>,27
1,5,|01100101>,29
1,5,|00100110>,12
1,5,|00110000>,9
1,5,|11010011>,12
1,5,|11000000>,16
1,5,|01000100>,20
1,5,|10000010>,34
1,5,|10000100>,19
1,5,|11011100>,8
1,5,|10100000>,25
1,5,|11000011>,14
1,5,|01110110>,27
1,5,|10110011>,18
1,5,|10000110>,28
1,5,|10001110>,20
1,5,|01101101>,25
1,5,|01011100>,26
1,5,|10001100>,21
1,5,|01100111>,25
1,5,|01111101>,29
1,5,|11111011>,4
1,5,|01001111>,22
1,5,|10001111>,33
1,5,|00100010>,10
1,5,|00101000>,10
1,5,|00000111>,3
1,5,|01110011>,26
1,5,|00100101>,11
1,5,|10010110>,22
1,5,|10010100>,21
1,5,|01110010>,29
1,5,|11100100>,10
1,5,|00111000>,22
1,5,|00110111>,18
1,5,|01101000>,31
1,5,|11011010>,10
1,5,|01100000>,17
1,5,|10101111>,21
1,5,|01011111>,28
1,5,|00000001>,3
1,5,|11011110>,16
1,5,|11000111>,13
1,5,|10101000>,21
1,5,|10100010>,27
1,5,|01101001>,24
1,5,|00001110>,12
1,5,|01111100>,32
1,5,|00110101>,13
1,5,|01111011>,19
1,5,|10101011>,28
1,5,|10101001>,25
1,5,|10110000>,25
1,5,|11101110>,4
1,5,|10011101>,24
1,5,|01001100>,21
1,5,|00010111>,7
1,5,|11001010>,12
1,5,|01010000>,17
1,5,|00111110>,22
1,5,|11101111>,4
1,5,|01011110>,25
1,5,|10010000>,22
1,5,|01001101>,19
1,5,|10001001>,28
1,5,|10111101>,21
1,5,|11000010>,24
1,5,|01111000>,19
1,5,|01010101>,28
1,5,|11010101>,15
1,5,|10010101>,24
1,5,|00110001>,20
1,5,|01110000>,28
1,5,|10000001>,27
1,5,|11100111>,6
1,5,|11101010>,5
1,5,|01010100>,20
1,5,|10101101>,15
1,5,|10111010>,15
1,5,|00111100>,17
1,5,|00011100>,9
1,5,|00011110>,15
1,5,|10110101>,23
1,5,|11001100>,12
1,5,|11010110>,11
1,5,|01010110>,16
1,5,|01100011>,29
1,5,|01111010>,23
1,5,|01011011>,31
1,5,|01100010>,25
1,5,|11100001>,9
1,5,|01000101>,20
1,5,|10011010>,26
1,5,|10110110>,22
1,5,|10100100>,23
1,5,|11001001>,18
1,5,|10001101>,36
1,5,|01110100>,29
1,5,|10111111>,18
1,5,|11001110>,12
1,5,|10110100>,13
1,5,|00101110>,11
1,5,|00000110>,3
1,5,|11110001>,7
1,5,|00100000>,10
1,5,|11010010>,16
1,5,|00100011>,17
1,5,|11001011>,12
1,5,|01100100>,21
1,5,|00011010>,8
1,5,|00111011>,14
1,5,|11000001>,15
1,5,|00110110>,16
1,5,|00101101>,12
1,5,|10011110>,18
1,5,|11011111>,11
1,5,|11001101>,14
1,5,|11011001>,8
1,5,|11110100>,6
1,5,|10010001>,28
1,5,|10000011>,29
1,5,|01001010>,15
1,5,|11001000>,18
1,5,|11101001>,3
1,5,|00010001>,8
1,5,|10011001>,27
1,5,|11100011>,7
1,5,|00111001>,15
1,5,|10101010>,21
1,5,|11000101>,13
1,5,|01101110>,27
1,5,|11000110>,18
1,5,|10101100>,21
1,5,|01110101>,28
1,5,|10100111>,23
1,5,|10111000>,13
1,5,|10111011>,14
1,5,|10011011>,19
1,5,|01000011>,20
1,5,|01100001>,24
1,5,|00101111>,16
1,5,|11101101>,9
1,5,|11010100>,14
1,5,|01001000>,22
1,5,|10000000>,19
1,5,|01010010>,23
1,5,|01000010>,12
1,5,|10001000>,25
1,5,|01001001>,19
1,5,|00100100>,15
1,5,|10101110>,19
1,5,|00001000>,5
1,5,|00101010>,15
1,5,|00011000>,10
1,5,|01110111>,23
1,5,|10100110>,29
1,5,|10110010>,27
1,5,|10111110>,14
1,5,|01000001>,16
1,5,|11110111>,7
1,5,|00110010>,20
1,5,|01010001>,18
1,5,|10011000>,28
1,5,|00110011>,13
1,5,|11110011>,7
1,5,|00110100>,10
1,5,|00111111>,16
1,5,|01101111>,22
1,5,|01011000>,16
1,5,|10111100>,19
1,5,|10000101>,30
1,5,|01100110>,13
1,5,|10011111>,25
1,5,|01101010>,26
1,5,|10110001>,9
1,5,|01011010>,22
1,5,|01000111>,19
1,5,|00011001>,8
1,5,|11111001>,6
1,5,|11111101>,5
1,5,|10110111>,17
1,5,|01011001>,16
1,5,|11010000>,11
1,5,|10100101>,16
1,5,|11001111>,15
1,5,|10001010>,25
1,5,|01000000>,11
1,5,|00111010>,16
1,5,|01010111>,19
1,5,|11101011>,9
1,5,|00011111>,5
1,5,|11000100>,15
1,5,|00100111>,4
1,5,|00111101>,12
1,5,|00100001>,7
1,5,|11100010>,8
1,5,|10111001>,14
1,5,|11011011>,7
1,5,|00000101>,5
1,5,|00001111>,3
1,5,|00010010>,4
1,5,|01001011>,18
1,5,|11010001>,10
1,5,|00010101>,7
1,5,|00010100>,5
1,5,|00010110>,5
1,5,|11011000>,11
1,5,|11110101>,5
1,5,|11010111>,13
1,5,|00101001>,8
1,5,|11101100>,7
1,5,|00000010>,1
1,5,|00010011>,3
1,5,|00001011>,5
1,5,|11101000>,9
1,5,|00010000>,3
1,5,|11100101>,3
1,5,|11111010>,4
1,5,|11110010>,5
1,5,|00001001>,6
1,5,|11011101>,3
1,5,|00001010>,1
1,5,|00000011>,2
1,5,|11111100>,4
1,5,|00011011>,10
1,5,|00000100>,4
1,5,|11111111>,1
1,5,|11110000>,3
1,5,|11110110>,1
1,5,|00000000>,1
1,5,|00001101>,3
1,6,|01111111>,33
1,6,|10010110>,29
1,6,|11011100>,5
1,6,|01011000>,23
1,6,|10101000>,31
1,6,|00111000>,21
1,6,|01100011>,22
1,6,|01001100>,19
1,6,|00001011>,6
1,6,|11000100>,16
1,6,|01010001>,27
1,6,|00110001>,12
1,6,|11000010>,15
1,6,|11010001>,11
1,6,|01011111>,21
1,6,|01110001>,20
1,6,|10100000>,32
1,6,|01110100>,26
1,6,|10011011>,25
1,6,|10010001>,29
1,6,|10000011>,31
1,6,|11001111>,16
1,6,|11001100>,10
1,6,|11010110>,13
1,6,|10010000>,23
1,6,|00010101>,7
1,6,|01101010>,31
1,6,|01011010>,26
1,6,|01011001>,21
1,6,|10001000>,27
1,6,|10010011>,23
1,6,|11101100>,8
1,6,|01110101>,24
1,6,|10110110>,20
1,6,|11110011>,5
1,6,|00111011>,18
1,6,|01101110>,22
1,6,|10010111>,31
1,6,|11011010>,9
1,6,|10010101>,29
1,6,|01001011>,16
1,6,|01100110>,22
1,6,|10011001>,28
1,6,|10011100>,25
1,6,|01101111>,22
1,6,|10000110>,25
1,6,|01000111>,24
1,6,|11110110>,3
1,6,|01011100>,21
1,6,|10101110>,23
1,6,|01111010>,28
1,6,|10101011>,18
1,6,|10101001>,22
1,6,|10011000>,17
1,6,|01010100>,26
1,6,|00111110>,26
1,6,|10111001>,13
1,6,|11011000>,17
1,6,|01000100>,20
1,6,|01001001>,11
1,6,|11001011>,15
1,6,|11100010>,10
1,6,|01000110>,12
1,6,|01101011>,35
1,6,|00111001>,14
1,6,|00110100>,23
1,6,|11000110>,15
1,6,|10110000>,19
1,6,|00000010>,3
1,6,|10010100>,17
1,6,|01110110>,21
1,6,|00101110>,12
1,6,|01111001>,21
1,6,|01011011>,39
1,6,|00010100>,13
1,6,|11001101>,17
1,6,|11101000>,7
1,6,|10110100>,22
1,6,|01111110>,25
1,6,|11000000>,31
1,6,|00110010>,12
1,6,|01001000>,23
1,6,|01111100>,28
1,6,|01110010>,19
1,6,|01010110>,26
1,6,|10011010>,23
1,6,|10000001>,25
1,6,|01110000>,24
1,6,|10001110>,25
1,6,|10101101>,20
1,6,|10110111>,21
1,6,|11100011>,12
1,6,|01101100>,27
1,6,|11101010>,8
1,6,|01010011>,22
1,6,|01101000>,24
1,6,|11010010>,10
1,6,|11110100>,8
1,6,|10100001>,23
1,6,|10000111>,23
1,6,|00010000>,7
1,6,|11000101>,25
1,6,|10000010>,20
1,6,|10111010>,17
1,6,|01011110>,30
1,6,|10001010>,27
1,6,|11001010>,14
1,6,|00011110>,7
1,6,|01000001>,17
1,6,|00000000>,3
1,6,|11000001>,22
1,6,|11101111>,4
1,6,|10001101>,29
1,6,|00000100>,6
1,6,|01111000>,32
1,6,|11100111>,9
1,6,|10100111>,22
1,6,|10010010>,22
1,6,|10110011>,15
1,6,|00111010>,17
1,6,|01000010>,15
1,6,|01001111>,22
1,6,|10000100>,18
1,6,|01100101>,24
1,6,|10011110>,25
1,6,|01110011>,19
1,6,|10011111>,19
1,6,|00001110>,7
1,6,|00101111>,12
1,6,|01100111>,26
1,6,|00010111>,5
1,6,|00100011>,10
1,6,|10101010>,17
1,6,|10100011>,21
1,6,|00000111>,7
1,6,|11011110>,9
1,6,|00100110>,7
1,6,|10000000>,32
1,6,|10110001>,19
1,6,|10100100>,23
1,6,|10101111>,27
1,6,|00101011>,14
1,6,|00111100>,14
1,6,|00111101>,11
1,6,|00101100>,12
1,6,|10101100>,23
1,6,|11010101>,13
1,6,|10000101>,23
1,6,|01010111>,24
1,6,|01110111>,26
1,6,|01101101>,19
1,6,|11101001>,6
1,6,|11011111>,18
1,6,|01001101>,23
1,6,|00100010>,14
1,6,|00110110>,13
1,6,|01010010>,13
1,6,|11010000>,13
1,6,|10111000>,21
1,6,|01100010>,23
1,6,|00101010>,11
1,6,|01010000>,19
1,6,|11111011>,5
1,6,|11001000>,10
1,6,|11001001>,14
1,6,|00101000>,9
1,6,|01000011>,20
1,6,|01001010>,13
1,6,|01100001>,23
1,6,|11101110>,6
1,6,|10111110>,18
1,6,|01010101>,12
1,6,|00011101>,7
1,6,|00001010>,5
1,6,|10111101>,16
1,6,|10001100>,35
1,6,|11101011>,10
1,6,|00100101>,13
1,6,|01100100>,22
1,6,|00001001>,3
1,6,|00000001>,4
1,6,|10001011>,22
1,6,|00100000>,10
1,6,|01100000>,13
1,6,|00000110>,4
1,6,|01011101>,21
1,6,|01101001>,30
1,6,|00011100>,14
1,6,|00100111>,10
1,6,|00111111>,19
1,6,|11000011>,22
1,6,|11101101>,4
1,6,|10001001>,22
1,6,|00110101>,18
1,6,|11111101>,4
1,6,|00100100>,8
1,6,|00010010>,8
1,6,|11111000>,1
1,6,|11010100>,11
1,6,|10100110>,23
1,6,|10111011>,17
1,6,|00101001>,13
1,6,|10100010>,17
1,6,|11001110>,19
1,6,|11110101>,7
1,6,|01000101>,20
1,6,|11011101>,9
1,6,|10100101>,19
1,6,|11100000>,9
1,6,|01111011>,24
1,6,|11110001>,5
1,6,|10011101>,18
1,6,|11010011>,11
1,6,|00110011>,10
1,6,|01001110>,17
1,6,|00110000>,9
1,6,|01111101>,23
1,6,|00011111>,12
1,6,|11010111>,18
1,6,|10111111>,12
1,6,|00001100>,4
1,6,|10110101>,18
1,6,|11000111>,16
1,6,|00011000>,2
1,6,|11100110>,9
1,6,|10001111>,17
1,6,|00101101>,17
1,6,|01000000>,11
1,6,|11111010>,3
1,6,|00110111>,10
1,6,|11100001>,9
1,6,|11011011>,9
1,6,|00010011>,7
1,6,|11110111>,3
1,6,|00010001>,7
1,6,|00001101>,6
1,6,|11111100>,3
1,6,|11100100>,2
1,6,|00010110>,3
1,6,|11011001>,4
1,6,|00000011>,3
1,6,|00011001>,6
1,6,|00011011>,11
1,6,|11111110>,1
1,6,|00100001>,6
1,6,|00001111>,2
1,6,|10110010>,18
1,6,|11100101>,5
1,6,|10111100>,14
1,6,|00000101>,2
1,6,|00001000>,2
1,6,|11111111>,1
1,6,|11111001>,1
1,6,|00011010>,5
1,6,|11110000>,1
1,7,|10101100>,22
1,7,|01101101>,17
1,7,|11001001>,15
1,7,|10100000>,25
1,7,|01010010>,34
1,7,|00100100>,15
1,7,|11110001>,5
1,7,|10101001>,23
1,7,|01011010>,30
1,7,|10001101>,27
1,7,|10001001>,32
1,7,|10110110>,21
1,7,|00011110>,11
1,7,|11111110>,5
1,7,|00110110>,16
1,7,|01000101>,23
1,7,|10010101>,31
1,7,|10000000>,23
1,7,|01100000>,21
1,7,|01101010>,36
1,7,|00100101>,13
1,7,|01110000>,26
1,7,|00011010>,10
1,7,|11010100>,11
1,7,|01111111>,32
1,7,|10111010>,16
1,7,|11011000>,9
1,7,|10001111>,32
1,7,|01100100>,25
1,7,|01010100>,22
1,7,|11000010>,15
1,7,|10011010>,18
1,7,|11001110>,9
1,7,|01110101>,27
1,7,|11111001>,5
1,7,|01011001>,20
1,7,|01100111>,23
1,7,|01000001>,24
1,7,|10000110>,19
1,7,|01010111>,29
1,7,|10000010>,23
1,7,|11011111>,11
1,7,|10101110>,17
1,7,|10000011>,32
1,7,|01101110>,24
1,7,|00111110>,19
1,7,|10010011>,29
1,7,|01000010>,14
1,7,|10000100>,25
1,7,|01010000>,20
1,7,|10001000>,26
1,7,|11100011>,6
1,7,|10100101>,23
1,7,|10010110>,24
1,7,|00101000>,13
1,7,|01111100>,17
1,7,|10011000>,20
1,7,|01111101>,38
1,7,|11001111>,13
1,7,|11000011>,19
1,7,|01001001>,23
1,7,|01011110>,28
1,7,|01011000>,23
1,7,|11011001>,8
1,7,|01111110>,22
1,7,|01001111>,24
1,7,|10001011>,37
1,7,|10111000>,16
1,7,|11000001>,11
1,7,|10001100>,31
1,7,|01101100>,22
1,7,|10110011>,14
1,7,|01001011>,16
1,7,|11000101>,26
1,7,|00101110>,18
1,7,|11101011>,3
1,7,|01100011>,21
1,7,|10001010>,30
1,7,|11010110>,17
1,7,|00101011>,17
1,7,|10011111>,20
1,7,|10111001>,22
1,7,|00110001>,18
1,7,|10010111>,30
1,7,|11111100>,4
1,7,|10100111>,9
1,7,|01011011>,12
1,7,|01101111>,22
1,7,|10100110>,21
1,7,|10110101>,14
1,7,|01110110>,20
1,7,|01001100>,17
1,7,|10100010>,17
1,7,|11011101>,5
1,7,|01010101>,22
1,7,|10111111>,19
1,7,|10001110>,29
1,7,|10100100>,29
1,7,|01010001>,26
1,7,|10101011>,19
1,7,|00011011>,10
1,7,|11000000>,13
1,7,|00011001>,8
1,7,|11001011>,13
1,7,|00001101>,7
1,7,|11001000>,20
1,7,|10111101>,17
1,7,|10110100>,16
1,7,|01110010>,23
1,7,|00111011>,14
1,7,|11101100>,8
1,7,|10010010>,30
1,7,|01010110>,18
1,7,|00101100>,14
1,7,|11010111>,12
1,7,|01110001>,19
1,7,|10011100>,23
1,7,|10010100>,20
1,7,|10110000>,21
1,7,|01011100>,22
1,7,|00000110>,3
1,7,|00110101>,10
1,7,|00110010>,17
1,7,|00011101>,11
1,7,|10000111>,28
1,7,|00010110>,8
1,7,|10011110>,19
1,7,|01001010>,29
1,7,|10010001>,25
1,7,|01101011>,24
1,7,|01000111>,26
1,7,|00101001>,7
1,7,|01001000>,18
1,7,|11010000>,11
1,7,|01000011>,20
1,7,|00100110>,13
1,7,|00111101>,15
1,7,|00110111>,16
1,7,|10011001>,25
1,7,|00101101>,13
1,7,|01011101>,25
1,7,|11000111>,11
1,7,|11001101>,18
1,7,|00010101>,5
1,7,|10110010>,26
1,7,|11101110>,6
1,7,|01110100>,22
1,7,|11100001>,9
1,7,|10111011>,22
1,7,|01110011>,22
1,7,|10011101>,17
1,7,|01001101>,18
1,7,|01100010>,24
1,7,|10100001>,14
1,7,|01101000>,28
1,7,|11110110>,6
1,7,|10101000>,22
1,7,|00001010>,3
1,7,|01100110>,31
1,7,|11101001>,10
1,7,|00011111>,10
1,7,|01111001>,27
1,7,|11000100>,12
1,7,|01100101>,20
1,7,|01111010>,26
1,7,|10000001>,28
1,7,|00101010>,16
1,7,|00011000>,8
1,7,|10101101>,13
1,7,|11111010>,6
1,7,|11011011>,10
1,7,|01111011>,22
1,7,|01001110>,20
1,7,|00011100>,15
1,7,|01100001>,22
1,7,|01010011>,18
1,7,|11100110>,9
1,7,|10011011>,25
1,7,|00111001>,14
1,7,|00000011>,4
1,7,|11100100>,8
1,7,|00010000>,9
1,7,|01011111>,31
1,7,|00001100>,10
1,7,|11101111>,5
1,7,|01000100>,13
1,7,|00000111>,5
1,7,|10101111>,17
1,7,|11101101>,8
1,7,|00000101>,4
1,7,|11010011>,5
1,7,|00100011>,12
1,7,|11010001>,13
1,7,|10010000>,19
1,7,|00001111>,7
1,7,|11001100>,7
1,7,|01111000>,25
1,7,|00010111>,9
1,7,|00111000>,22
1,7,|10101010>,15
1,7,|01110111>,21
1,7,|11010101>,15
1,7,|11011010>,11
1,7,|11010010>,8
1,7,|00111111>,17
1,7,|11110101>,6
1,7,|10000101>,25
1,7,|11110111>,2
1,7,|10111100>,17
1,7,|11100101>,4
1,7,|10110111>,21
1,7,|11110100>,4
1,7,|11110000>,10
1,7,|01101001>,17
1,7,|11110010>,4
1,7,|11100000>,13
1,7,|00111100>,16
1,7,|00001110>,4
1,7,|00110100>,11
1,7,|00010100>,7
1,7,|11011110>,5
1,7,|11101010>,4
1,7,|00110011>,13
1,7,|11001010>,9
1,7,|10110001>,17
1,7,|11100010>,1
1,7,|01000110>,18
1,7,|11011100>,2
1,7,|11000110>,13
1,7,|00000000>,3
1,7,|00101111>,15
1,7,|00010011>,4
1,7,|00001000>,6
1,7,|01000000>,16
1,7,|00010010>,4
1,7,|00111010>,19
1,7,|11111101>,4
1,7,|00100010>,7
1,7,|11100111>,9
1,7,|00110000>,9
1,7,|11111111>,4
1,7,|10100011>,22
1,7,|00001001>,6
1,7,|10111110>,7
1,7,|11101000>,5
1,7,|00100000>,4
1,7,|00000100>,4
1,7,|00100001>,7
1,7,|00100111>,11
1,7,|00000001>,3
1,7,|11110011>,6
1,7,|11111000>,5
1,7,|00001011>,5
1,7,|11111011>,4
1,7,|00010001>,3
1,7,|00000010>,3
1,8,|10011110>,19
1,8,|10111100>,24
1,8,|11110001>,5
1,8,|00110111>,17
1,8,|01011110>,16
1,8,|10101010>,21
1,8,|01101101>,26
1,8,|11111100>,3
1,8,|01110001>,25
1,8,|10000000>,35
1,8,|01111010>,28
1,8,|01110111>,21
1,8,|10100011>,26
1,8,|00111111>,11
1,8,|11001111>,17
1,8,|10010101>,26
1,8,|10111001>,30
1,8,|10101001>,24
1,8,|11010111>,9
1,8,|10100001>,19
1,8,|00111100>,10
1,8,|01001111>,26
1,8,|01011100>,32
1,8,|11011001>,11
1,8,|01010100>,17
1,8,|01100000>,31
1,8,|10100101>,31
1,8,|10000101>,34
1,8,|01011001>,19
1,8,|00101101>,16
1,8,|01000100>,13
1,8,|00100111>,8
1,8,|11100100>,6
1,8,|11010100>,12
1,8,|00110011>,21
1,8,|10011000>,26
1,8,|01101110>,23
1,8,|00001101>,9
1,8,|10001111>,17
1,8,|11001011>,17
1,8,|01010101>,18
1,8,|10011101>,28
1,8,|10110001>,20
1,8,|11001110>,14
1,8,|01000000>,15
1,8,|01101000>,29
1,8,|01110000>,24
1,8,|01100010>,27
1,8,|00110110>,19
1,8,|11001001>,18
1,8,|01110110>,30
1,8,|10001000>,26
1,8,|01111110>,26
1,8,|01000001>,15
1,8,|01111000>,16
1,8,|10001100>,31
1,8,|10110000>,18
1,8,|01010000>,15
1,8,|10110110>,21
1,8,|01011011>,21
1,8,|00100001>,16
1,8,|00101110>,10
1,8,|00101111>,11
1,8,|01111001>,22
1,8,|00110000>,13
1,8,|11011101>,11
1,8,|10001011>,27
1,8,|01010010>,14
1,8,|00101001>,12
1,8,|01001001>,21
1,8,|01001100>,14
1,8,|01101010>,21
1,8,|10010111>,28
1,8,|01110011>,21
1,8,|00011001>,10
1,8,|01110010>,31
1,8,|01100001>,28
1,8,|11001101>,12
1,8,|01000010>,15
1,8,|10000011>,41
1,8,|11110111>,6
1,8,|00110001>,8
1,8,|10011011>,19
1,8,|00110010>,19
1,8,|01100110>,25
1,8,|01110100>,27
1,8,|01101111>,17
1,8,|10001110>,21
1,8,|00111110>,15
1,8,|01010111>,24
1,8,|10010001>,25
1,8,|01011111>,34
1,8,|11111001>,5
1,8,|11010001>,9
1,8,|11000000>,14
1,8,|10010011>,23
1,8,|00111011>,10
1,8,|00010011>,2
1,8,|11000001>,16
1,8,|11000110>,20
1,8,|00001110>,7
1,8,|10110101>,19
1,8,|01110101>,21
1,8,|10110011>,26
1,8,|10100111>,18
1,8,|11010101>,12
1,8,|11000011>,25
1,8,|01111111>,22
1,8,|10000010>,34
1,8,|10010010>,22
1,8,|01011000>,26
1,8,|00011010>,6
1,8,|10011001>,21
1,8,|11001000>,15
1,8,|11101011>,10
1,8,|00110101>,20
1,8,|01000111>,15
1,8,|01011010>,21
1,8,|01101001>,24
1,8,|10111111>,14
1,8,|00111101>,12
1,8,|00111001>,16
1,8,|11011110>,8
1,8,|00101100>,13
1,8,|11010010>,12
1,8,|10000001>,22
1,8,|10000111>,22
1,8,|10000110>,13
1,8,|01100011>,22
1,8,|10101100>,27
1,8,|01010001>,24
1,8,|10100100>,16
1,8,|01000011>,21
1,8,|10111010>,16
1,8,|00101000>,15
1,8,|10101110>,22
1,8,|11000010>,18
1,8,|01001110>,18
1,8,|01101100>,31
1,8,|00001001>,6
1,8,|01001010>,19
1,8,|01001000>,14
1,8,|10111011>,19
1,8,|10100110>,28
1,8,|01111101>,21
1,8,|11101100>,8
1,8,|10000100>,24
1,8,|00111000>,16
1,8,|11100111>,8
1,8,|10001101>,26
1,8,|10100000>,23
1,8,|10010110>,26
1,8,|00100101>,11
1,8,|11011100>,15
1,8,|00100110>,12
1,8,|11100011>,15
1,8,|00111010>,20
1,8,|01000110>,28
1,8,|10010100>,26
1,8,|11100110>,10
1,8,|10001010>,39
1,8,|11000100>,10
1,8,|01100101>,23
1,8,|00010110>,7
1,8,|00000101>,8
1,8,|10110111>,18
1,8,|00001111>,10
1,8,|10010000>,18
1,8,|11101101>,5
1,8,|10011111>,24
1,8,|10101000>,19
1,8,|00101010>,12
1,8,|11001100>,15
1,8,|11001010>,12
1,8,|00101011>,10
1,8,|10101111>,26
1,8,|00110100>,12
1,8,|10111110>,19
1,8,|10011010>,20
1,8,|10101011>,16
1,8,|01111011>,26
1,8,|00000011>,4
1,8,|00001000>,5
1,8,|00100010>,7
1,8,|10101101>,27
1,8,|10011100>,20
1,8,|11000101>,17
1,8,|10110010>,14
1,8,|00010111>,11
1,8,|01111100>,20
1,8,|11010000>,17
1,8,|11101001>,7
1,8,|01001011>,18
1,8,|10001001>,24
1,8,|01010110>,16
1,8,|11011111>,8
1,8,|10110100>,15
1,8,|00100011>,9
1,8,|11010110>,11
1,8,|01100100>,17
1,8,|00011011>,7
1,8,|10100010>,20
1,8,|01101011>,23
1,8,|01011101>,25
1,8,|00001010>,3
1,8,|01100111>,19
1,8,|10111101>,14
1,8,|00011100>,7
1,8,|00011111>,4
1,8,|01010011>,18
1,8,|00000010>,2
1,8,|11100101>,6
1,8,|01001101>,16
1,8,|11101010>,7
1,8,|11110011>,8
1,8,|11000111>,15
1,8,|10111000>,17
1,8,|00011110>,10
1,8,|01000101>,16
1,8,|11110000>,7
1,8,|11111110>,4
1,8,|00000111>,9
1,8,|00000100>,4
1,8,|11011010>,10
1,8,|00010101>,7
1,8,|11011011>,8
1,8,|11110110>,7
1,8,|00100100>,13
1,8,|11100010>,9
1,8,|00010100>,7
1,8,|00010000>,5
1,8,|00000110>,7
1,8,|11110100>,2
1,8,|11011000>,8
1,8,|11100000>,11
1,8,|11100001>,8
1,8,|00011101>,4
1,8,|00010010>,10
1,8,|11101111>,7
1,8,|00010001>,6
1,8,|11110010>,5
1,8,|00100000>,4
1,8,|11111101>,3
1,8,|11101000>,8
1,8,|11111010>,2
1,8,|11010011>,7
1,8,|11111011>,3
1,8,|11111111>,1
1,8,|11111000>,4
1,8,|00000000>,4
1,8,|00001100>,4
1,8,|00001011>,2
1,8,|11101110>,3
1,8,|00011000>,6
1,8,|11110101>,3
1,8,|00000001>,1
1,9,|10111001>,17
1,9,|10011111>,21
1,9,|10010111>,24
1,9,|10001000>,37
1,9,|01011011>,28
1,9,|11000001>,10
1,9,|01101001>,22
1,9,|00111001>,24
1,9,|10101000>,20
1,9,|01110010>,22
1,9,|01110110>,25
1,9,|10000100>,27
1,9,|11000000>,14
1,9,|11001100>,10
1,9,|01111100>,36
1,9,|11011111>,7
1,9,|10001001>,22
1,9,|00011001>,11
1,9,|10011110>,15
1,9,|10010110>,23
1,9,|10101011>,19
1,9,|10110110>,23
1,9,|01001111>,28
1,9,|00011000>,9
1,9,|10011100>,23
1,9,|00100100>,10
1,9,|01001010>,19
1,9,|11001011>,16
1,9,|01011110>,28
1,9,|00111101>,17
1,9,|00010110>,6
1,9,|01000110>,20
1,9,|10100001>,22
1,9,|01111011>,23
1,9,|11001111>,15
1,9,|01101010>,31
1,9,|00101010>,12
1,9,|00100111>,16
1,9,|10100101>,36
1,9,|10101010>,23
1,9,|00110100>,21
1,9,|10000000>,22
1,9,|11010000>,10
1,9,|01000111>,18
1,9,|11001000>,14
1,9,|10100110>,28
1,9,|11101011>,8
1,9,|10010011>,24
1,9,|00101111>,11
1,9,|10000010>,31
1,9,|10011001>,22
1,9,|10101001>,15
1,9,|11010001>,17
1,9,|10001100>,19
1,9,|10111101>,27
1,9,|11000101>,13
1,9,|01101101>,28
1,9,|01100000>,33
1,9,|00111111>,18
1,9,|10000111>,26
1,9,|01101111>,30
1,9,|01000100>,13
1,9,|01101110>,31
1,9,|01100011>,16
1,9,|00001000>,5
1,9,|01101000>,30
1,9,|10100011>,25
1,9,|00111000>,11
1,9,|11111110>,2
1,9,|11010110>,7
1,9,|10111000>,19
1,9,|10100100>,18
1,9,|11111001>,4
1,9,|10000110>,20
1,9,|10111111>,16
1,9,|01101011>,25
1,9,|11000010>,16
1,9,|01001100>,27
1,9,|11001010>,16
1,9,|11010101>,15
1,9,|11011100>,14
1,9,|10100010>,30
1,9,|10111100>,18
1,9,|00100011>,16
1,9,|01100110>,25
1,9,|01000001>,15
1,9,|00101000>,11
1,9,|11110011>,4
1,9,|10000011>,22
1,9,|01001110>,18
1,9,|10110111>,22
1,9,|10110100>,23
1,9,|01011000>,24
1,9,|10101100>,23
1,9,|01110100>,30
1,9,|01111101>,31
1,9,|00000100>,5
1,9,|11011011>,12
1,9,|01001001>,17
1,9,|01010111>,29
1,9,|10000101>,35
1,9,|01011111>,28
1,9,|10110001>,25
1,9,|10001101>,27
1,9,|00000010>,3
1,9,|10011101>,15
1,9,|01011010>,16
1,9,|01111110>,19
1,9,|00001100>,3
1,9,|10101101>,15
1,9,|11011000>,10
1,9,|00111011>,14
1,9,|01110101>,24
1,9,|00011101>,13
1,9,|01000011>,18
1,9,|01110111>,24
1,9,|01110000>,28
1,9,|11001101>,15
1,9,|11100001>,11
1,9,|00101100>,8
1,9,|01000010>,25
1,9,|10010100>,21
1,9,|01110011>,30
1,9,|01010011>,20
1,9,|01100100>,29
1,9,|11100110>,7
1,9,|00101001>,13
1,9,|01110001>,25
1,9,|10111011>,14
1,9,|00011111>,9
1,9,|00010001>,10
1,9,|10110101>,27
1,9,|01011100>,27
1,9,|00110000>,10
1,9,|01010110>,24
1,9,|10001111>,15
1,9,|00011011>,7
1,9,|01001011>,17
1,9,|10110000>,19
1,9,|11011010>,13
1,9,|10011010>,24
1,9,|11101000>,11
1,9,|01100010>,16
1,9,|10010101>,24
1,9,|10100000>,24
1,9,|01011001>,22
1,9,|11101110>,5
1,9,|10100111>,18
1,9,|00001011>,8
1,9,|01111111>,20
1,9,|00011110>,9
1,9,|00110101>,14
1,9,|01100001>,27
1,9,|11101010>,5
1,9,|10000001>,20
1,9,|00101101>,12
1,9,|01011101>,23
1,9,|11010111>,13
1,9,|01010000>,21
1,9,|10010000>,20
1,9,|01111001>,19
1,9,|00100010>,9
1,9,|00100101>,9
1,9,|10001011>,22
1,9,|00001010>,4
1,9,|11001110>,14
1,9,|00001110>,7
1,9,|11110111>,6
1,9,|01001000>,19
1,9,|00101110>,10
1,9,|10010010>,25
1,9,|10001010>,27
1,9,|00010101>,14
1,9,|01111000>,37
1,9,|00111110>,15
1,9,|01010010>,30
1,9,|01000000>,18
1,9,|11010011>,12
1,9,|00110011>,12
1,9,|11101101>,11
1,9,|11111101>,4
1,9,|11110010>,6
1,9,|10011000>,22
1,9,|10101110>,20
1,9,|10101111>,18
1,9,|01111010>,28
1,9,|11001001>,7
1,9,|11010010>,12
1,9,|11100111>,7
1,9,|11010100>,11
1,9,|01010101>,26
1,9,|11101001>,9
1,9,|00100001>,7
1,9,|01100111>,30
1,9,|00101011>,12
1,9,|11101100>,4
1,9,|00110010>,23
1,9,|00000011>,6
1,9,|00110111>,19
1,9,|11110000>,7
1,9,|11000011>,17
1,9,|11000111>,13
1,9,|11110001>,6
1,9,|11011110>,7
1,9,|10001110>,21
1,9,|11100101>,10
1,9,|11110100>,3
1,9,|10011011>,21
1,9,|11011001>,8
1,9,|11110101>,3
1,9,|01010001>,12
1,9,|01101100>,21
1,9,|00001001>,7
1,9,|00111010>,6
1,9,|01000101>,16
1,9,|00000000>,6
1,9,|10111010>,16
1,9,|01100101>,21
1,9,|00100000>,8
1,9,|11000100>,13
1,9,|10110011>,11
1,9,|10010001>,22
1,9,|00111100>,11
1,9,|11100000>,8
1,9,|11000110>,12
1,9,|11101111>,5
1,9,|10111110>,10
1,9,|00010111>,4
1,9,|00000001>,4
1,9,|11011101>,12
1,9,|00001111>,2
1,9,|00000111>,5
1,9,|00010000>,6
1,9,|00110110>,5
1,9,|01001101>,13
1,9,|11100100>,12
1,9,|10110010>,11
1,9,|00000110>,1
1,9,|11100011>,4
1,9,|00011100>,8
1,9,|00011010>,6
1,9,|00100110>,13
1,9,|01010100>,20
1,9,|00010011>,5
1,9,|00110001>,11
1,9,|11111010>,3
1,9,|11110110>,3
1,9,|00000101>,3
1,9,|00010010>,5
1,9,|11111000>,6
1,9,|00001101>,8
1,9,|11100010>,7
1,9,|00010100>,5
1,9,|11111111>,1
1,9,|11111011>,1
1,10,|01010110>,29
1,10,|00111001>,24
1,10,|00110000>,17
1,10,|11000101>,18
1,10,|01010111>,26
1,10,|01011010>,25
1,10,|00001011>,2
1,10,|10010100>,29
1,10,|10111011>,23
1,10,|01111010>,31
1,10,|10110101>,17
1,10,|10101000>,19
1,10,|11010101>,6
1,10,|11010100>,16
1,10,|11111001>,8
1,10,|01100101>,22
1,10,|01101001>,23
1,10,|10001011>,28
1,10,|10000001>,15
1,10,|01101101>,15
1,10,|01110000>,29
1,10,|10100000>,23
1,10,|01001111>,24
1,10,|10110110>,24
1,10,|10000101>,27
1,10,|01111101>,27
1,10,|00101101>,15
1,10,|01001010>,14
1,10,|11000110>,16
1,10,|01100100>,24
1,10,|01111100>,28
1,10,|01011000>,19
1,10,|01110111>,28
1,10,|10010110>,26
1,10,|11001111>,19
1,10,|10100001>,22
1,10,|00101000>,14
1,10,|01010100>,28
1,10,|10101001>,21
1,10,|11001000>,8
1,10,|01000001>,19
1,10,|10010001>,30
1,10,|01101010>,24
1,10,|01101011>,33
1,10,|01001001>,22
1,10,|10111001>,19
1,10,|11011100>,13
1,10,|10001111>,26
1,10,|10001110>,29
1,10,|10000100>,32
1,10,|00001000>,6
1,10,|10111110>,21
1,10,|01110001>,22
1,10,|11000001>,12
1,10,|01001011>,23
1,10,|01111111>,26
1,10,|10100101>,21
1,10,|11101111>,7
1,10,|00011100>,10
1,10,|10000111>,28
1,10,|00110101>,12
1,10,|01100001>,22
1,10,|10001010>,26
1,10,|01100111>,17
1,10,|00100001>,6
1,10,|01110101>,21
1,10,|01101100>,28
1,10,|01011111>,19
1,10,|11001011>,22
1,10,|01011001>,21
1,10,|00011111>,8
1,10,|10110111>,17
1,10,|01011110>,36
1,10,|10000110>,25
1,10,|01000110>,23
1,10,|01111000>,31
1,10,|10000000>,23
1,10,|01110110>,20
1,10,|01011011>,25
1,10,|01010000>,21
1,10,|00000011>,3
1,10,|10011111>,27
1,10,|11001001>,15
1,10,|10001001>,28
1,10,|01000100>,23
1,10,|10110001>,12
1,10,|00111000>,11
1,10,|11011011>,6
1,10,|01101000>,21
1,10,|01000000>,15
1,10,|01111001>,25
1,10,|00110010>,14
1,10,|11111000>,4
1,10,|01101111>,26
1,10,|10110100>,14
1,10,|00001101>,5
1,10,|01010011>,19
1,10,|10011001>,17
1,10,|01010010>,17
1,10,|01010101>,25
1,10,|11100101>,8
1,10,|01110010>,27
1,10,|10011100>,23
1,10,|10111010>,20
1,10,|10101101>,20
1,10,|00111101>,14
1,10,|11101001>,8
1,10,|10110011>,24
1,10,|01100000>,19
1,10,|10011010>,14
1,10,|01000010>,20
1,10,|10101100>,24
1,10,|10000010>,24
1,10,|11011001>,8
1,10,|11010110>,12
1,10,|11100110>,6
1,10,|10101110>,22
1,10,|00101111>,18
1,10,|01000011>,22
1,10,|00111110>,9
1,10,|00011001>,7
1,10,|10100100>,21
1,10,|11100100>,11
1,10,|10100111>,20
1,10,|01010001>,22
1,10,|10010010>,27
1,10,|10001000>,35
1,10,|01100010>,25
1,10,|01001100>,14
1,10,|00100111>,13
1,10,|11000010>,12
1,10,|10001100>,23
1,10,|01001110>,18
1,10,|00101010>,15
1,10,|00111111>,14
1,10,|11010010>,18
1,10,|10000011>,31
1,10,|00110100>,13
1,10,|00100011>,9
1,10,|00101011>,20
1,10,|10010011>,29
1,10,|10101111>,16
1,10,|10111111>,17
1,10,|10010101>,30
1,10,|01101110>,15
1,10,|10101010>,22
1,10,|11101100>,9
1,10,|00100110>,10
1,10,|00011110>,10
1,10,|10110010>,13
1,10,|01111011>,22
1,10,|01100011>,26
1,10,|11001101>,13
1,10,|01110011>,28
1,10,|00110001>,23
1,10,|00000101>,5
1,10,|00100000>,9
1,10,|10011000>,33
1,10,|11101000>,7
1,10,|00010000>,5
1,10,|00001111>,7
1,10,|11011010>,7
1,10,|00111100>,25
1,10,|11110001>,6
1,10,|00110110>,14
1,10,|00010010>,6
1,10,|10001101>,19
1,10,|00011101>,13
1,10,|10111101>,17
1,10,|11110000>,10
1,10,|11000111>,16
1,10,|00000010>,3
1,10,|01110100>,20
1,10,|10011110>,21
1,10,|00100010>,11
1,10,|10100110>,27
1,10,|10111100>,17
1,10,|01000101>,23
1,10,|00100100>,14
1,10,|00010001>,7
1,10,|00010011>,7
1,10,|11000100>,14
1,10,|11011101>,9
1,10,|11001010>,12
1,10,|01011100>,23
1,10,|11100010>,5
1,10,|01001101>,18
1,10,|01111110>,17
1,10,|11011111>,8
1,10,|11001110>,14
1,10,|10111000>,15
1,10,|11011000>,6
1,10,|10011011>,18
1,10,|00110111>,16
1,10,|00100101>,8
1,10,|11000011>,14
1,10,|10100011>,24
1,10,|11010001>,15
1,10,|00010110>,5
1,10,|10011101>,22
1,10,|10100010>,22
1,10,|00101110>,12
1,10,|01100110>,30
1,10,|01000111>,17
1,10,|11100001>,15
1,10,|00111010>,16
1,10,|11010011>,12
1,10,|10010111>,26
1,10,|11001100>,22
1,10,|00101100>,9
1,10,|01001000>,17
1,10,|00101001>,11
1,10,|11011110>,11
1,10,|11101110>,8
1,10,|01011101>,15
1,10,|11100011>,4
1,10,|00000000>,2
1,10,|00011011>,7
1,10,|11000000>,9
1,10,|00001110>,3
1,10,|11101011>,5
1,10,|11111100>,4
1,10,|11110011>,3
1,10,|00000110>,5
1,10,|10010000>,19
1,10,|00010101>,7
1,10,|00111011>,15
1,10,|11100000>,10
1,10,|11100111>,6
1,10,|00000100>,3
1,10,|11010111>,10
1,10,|00001001>,5
1,10,|00001100>,3
1,10,|11110100>,5
1,10,|11111111>,2
1,10,|10110000>,16
1,10,|11101010>,11
1,10,|00000001>,4
1,10,|11101101>,6
1,10,|11111011>,2
1,10,|11010000>,14
1,10,|00110011>,14
1,10,|00011000>,7
1,10,|00010111>,2
1,10,|00000111>,5
1,10,|10101011>,14
1,10,|00011010>,6
1,10,|11110101>,1
1,10,|11110111>,6
1,10,|11110010>,3
1,10,|11111110>,3
1,10,|11110110>,2
1,10,|00010100>,2
1,10,|11111101>,1
1,11,|11001111>,18
1,11,|01000111>,14
1,11,|00100111>,19
1,11,|00100100>,10
1,11,|10110010>,26
1,11,|10011000>,32
1,11,|00101011>,12
1,11,|10110100>,22
1,11,|00010111>,12
1,11,|10001111>,26
1,11,|10110110>,15
1,11,|10011001>,18
1,11,|10111000>,19
1,11,|10000000>,34
1,11,|10111100>,23
1,11,|10101000>,16
1,11,|10000100>,23
1,11,|01011111>,23
1,11,|01110010>,23
1,11,|11100100>,5
1,11,|01011001>,18
1,11,|01011110>,23
1,11,|10100010>,24
1,11,|01101100>,25
1,11,|01110011>,32
1,11,|10011100>,26
1,11,|10110101>,27
1,11,|11010111>,13
1,11,|10000111>,32
1,11,|01001101>,26
1,11,|10010101>,32
1,11,|11001001>,15
1,11,|10000010>,21
1,11,|11011100>,17
1,11,|10001011>,26
1,11,|10010100>,28
1,11,|00000110>,7
1,11,|01110001>,17
1,11,|01000011>,20
1,11,|10000001>,31
1,11,|10101101>,19
1,11,|01101101>,25
1,11,|00110101>,21
1,11,|11111011>,3
1,11,|10001110>,21
1,11,|10001010>,25
1,11,|00011000>,9
1,11,|01011101>,20
1,11,|00010110>,11
1,11,|01100000>,19
1,11,|01000010>,18
1,11,|01110000>,18
1,11,|10001000>,36
1,11,|10001001>,33
1,11,|10101110>,27
1,11,|00000111>,5
1,11,|01000110>,13
1,11,|01101110>,27
1,11,|10101010>,19
1,11,|01001000>,25
1,11,|01101000>,23
1,11,|01111001>,30
1,11,|10000011>,25
1,11,|01100110>,30
1,11,|00110111>,16
1,11,|01100010>,31
1,11,|10011111>,22
1,11,|00110100>,18
1,11,|10010000>,20
1,11,|01000001>,25
1,11,|11110011>,2
1,11,|11000111>,11
1,11,|10111111>,11
1,11,|10111110>,20
1,11,|01010101>,27
1,11,|01101111>,26
1,11,|00110011>,15
1,11,|10011101>,21
1,11,|00100000>,9
1,11,|10010110>,25
1,11,|00110010>,22
1,11,|10011110>,22
1,11,|11010100>,14
1,11,|01111101>,23
1,11,|00100011>,17
1,11,|00111011>,13
1,11,|10011011>,21
1,11,|00110001>,17
1,11,|01100111>,30
1,11,|10010111>,31
1,11,|01111000>,24
1,11,|10100100>,16
1,11,|01001110>,23
1,11,|10110111>,21
1,11,|11000110>,14
1,11,|10010011>,21
1,11,|11101011>,6
1,11,|11011101>,12
1,11,|10110011>,33
1,11,|11001010>,13
1,11,|01010010>,29
1,11,|00101101>,14
1,11,|00111101>,15
1,11,|00100101>,12
1,11,|10111001>,14
1,11,|11100010>,8
1,11,|01001111>,18
1,11,|00001100>,6
1,11,|11111010>,2
1,11,|01100011>,23
1,11,|01111011>,27
1,11,|11001101>,14
1,11,|00110110>,16
1,11,|01100001>,18
1,11,|10010001>,21
1,11,|10101111>,20
1,11,|00100001>,10
1,11,|10111101>,18
1,11,|11001110>,7
1,11,|01110110>,34
1,11,|11101001>,3
1,11,|10100000>,15
1,11,|00110000>,14
1,11,|11110101>,4
1,11,|10100001>,22
1,11,|00111110>,21
1,11,|11011001>,10
1,11,|11100011>,12
1,11,|10001100>,26
1,11,|01001010>,13
1,11,|10100110>,13
1,11,|01110111>,27
1,11,|01110100>,28
1,11,|11010000>,8
1,11,|01110101>,25
1,11,|01011011>,16
1,11,|11000101>,21
1,11,|01010111>,21
1,11,|10000110>,20
1,11,|01101001>,27
1,11,|11100001>,7
1,11,|00011100>,10
1,11,|11011010>,10
1,11,|10101001>,21
1,11,|01000100>,20
1,11,|00000011>,5
1,11,|11011000>,12
1,11,|01010110>,23
1,11,|11001011>,7
1,11,|01011100>,27
1,11,|11010101>,9
1,11,|11110000>,7
1,11,|01001001>,20
1,11,|11101110>,6
1,11,|01100101>,16
1,11,|00000101>,3
1,11,|01111110>,22
1,11,|11001000>,10
1,11,|10111011>,17
1,11,|10101100>,17
1,11,|00111111>,15
1,11,|00001110>,4
1,11,|01111111>,39
1,11,|10101011>,27
1,11,|10011010>,24
1,11,|00011011>,13
1,11,|00101001>,5
1,11,|10110001>,25
1,11,|01011000>,22
1,11,|11000010>,24
1,11,|10001101>,27
1,11,|10100111>,18
1,11,|00111100>,22
1,11,|01001100>,18
1,11,|01111010>,27
1,11,|01010000>,20
1,11,|00100010>,10
1,11,|01101011>,23
1,11,|00111001>,15
1,11,|11101100>,7
1,11,|00001010>,5
1,11,|11101000>,6
1,11,|10100101>,19
1,11,|11001100>,16
1,11,|00010101>,7
1,11,|00011111>,12
1,11,|11101101>,4
1,11,|10000101>,24
1,11,|01100100>,25
1,11,|11100110>,4
1,11,|01000101>,17
1,11,|11000011>,16
1,11,|00101000>,6
1,11,|01111100>,18
1,11,|01010011>,19
1,11,|11010001>,13
1,11,|00100110>,5
1,11,|00010010>,8
1,11,|10110000>,19
1,11,|01101010>,22
1,11,|00111000>,14
1,11,|00011110>,9
1,11,|00101100>,8
1,11,|10111010>,16
1,11,|11000001>,14
1,11,|11111111>,3
1,11,|00001001>,4
1,11,|11111100>,4
1,11,|01011010>,19
1,11,|00001011>,4
1,11,|00010011>,7
1,11,|01010001>,25
1,11,|11110110>,4
1,11,|11100000>,4
1,11,|10100011>,20
1,11,|11100101>,7
1,11,|10010010>,17
1,11,|11000000>,14
1,11,|00000001>,5
1,11,|00101010>,10
1,11,|11010110>,10
1,11,|11110010>,5
1,11,|00011010>,9
1,11,|11111101>,5
1,11,|11111000>,7
1,11,|01001011>,19
1,11,|00101111>,12
1,11,|00111010>,15
1,11,|11111110>,8
1,11,|11101010>,4
1,11,|00101110>,12
1,11,|11110111>,8
1,11,|11000100>,19
1,11,|01010100>,15
1,11,|00010100>,3
1,11,|11100111>,6
1,11,|11011011>,3
1,11,|00010001>,4
1,11,|00001101>,3
1,11,|00001111>,7
1,11,|11110100>,5
1,11,|11010011>,9
1,11,|00010000>,5
1,11,|11011110>,5
1,11,|11101111>,2
1,11,|11010010>,9
1,11,|00000000>,1
1,11,|00001000>,5
1,11,|00011101>,7
1,11,|01000000>,13
1,11,|11111001>,6
1,11,|11110001>,1
1,11,|00000100>,3
1,11,|00000010>,3
1,11,|00011001>,2
1,11,|11011111>,3
1,12,|10001111>,28
1,12,|01000011>,15
1,12,|01111111>,28
1,12,|01000111>,18
1,12,|10011000>,23
1,12,|01010101>,16
1,12,|10011111>,20
1,12,|01110111>,24
1,12,|10100110>,28
1,12,|00111111>,12
1,12,|11100111>,9
1,12,|10000001>,26
1,12,|00011011>,12
1,12,|01011010>,20
1,12,|10101010>,20
1,12,|10111110>,19
1,12,|10010100>,27
1,12,|00011110>,5
1,12,|01101110>,29
1,12,|01110010>,26
1,12,|00110010>,19
1,12,|10100010>,21
1,12,|01110001>,29
1,12,|00101111>,10
1,12,|10111100>,16
1,12,|10010000>,26
1,12,|01100000>,21
1,12,|11010001>,16
1,12,|10001000>,31
1,12,|11010100>,14
1,12,|01100111>,18
1,12,|11010101>,9
1,12,|01100101>,30
1,12,|10011100>,24
1,12,|11110100>,8
1,12,|10111010>,20
1,12,|00010100>,12
1,12,|00100011>,17
1,12,|00101100>,11
1,12,|01011100>,22
1,12,|11010000>,9
1,12,|11011110>,13
1,12,|10010011>,24
1,12,|01000110>,24
1,12,|10000000>,27
1,12,|00111110>,32
1,12,|01001101>,22
1,12,|11011111>,12
1,12,|10001011>,30
1,12,|10111000>,16
1,12,|01100010>,22
1,12,|11000110>,13
1,12,|10110001>,21
1,12,|10101100>,25
1,12,|11011010>,7
1,12,|10111101>,19
1,12,|01110101>,18
1,12,|01010100>,23
1,12,|00111010>,15
1,12,|01011000>,27
1,12,|01011111>,26
1,12,|00100010>,5
1,12,|01100100>,23
1,12,|11000001>,12
1,12,|00000101>,3
1,12,|11110110>,5
1,12,|10101101>,25
1,12,|01000010>,14
1,12,|00110111>,15
1,12,|01001011>,17
1,12,|11001011>,17
1,12,|11011000>,17
1,12,|00110110>,11
1,12,|10010101>,22
1,12,|10100101>,27
1,12,|01001100>,25
1,12,|00101110>,14
1,12,|00110011>,17
1,12,|10101000>,19
1,12,|01010000>,33
1,12,|10101110>,24
1,12,|01010111>,16
1,12,|10000011>,21
1,12,|10000101>,26
1,12,|00010110>,11
1,12,|01011001>,22
1,12,|01001001>,26
1,12,|01101011>,32
1,12,|01001010>,20
1,12,|01101010>,24
1,12,|11100011>,6
1,12,|10111001>,17
1,12,|00011100>,9
1,12,|00100110>,7
1,12,|01100110>,24
1,12,|10100111>,22
1,12,|10110100>,25
1,12,|00110001>,15
1,12,|10111111>,17
1,12,|01111000>,22
1,12,|00100111>,13
1,12,|11101101>,6
1,12,|11001101>,13
1,12,|01101000>,28
1,12,|11000010>,16
1,12,|01011011>,28
1,12,|10101001>,24
1,12,|10100001>,27
1,12,|10000010>,18
1,12,|11001010>,13
1,12,|10011001>,18
1,12,|10000111>,30
1,12,|01100001>,25
1,12,|10011011>,22
1,12,|01010001>,23
1,12,|10011110>,25
1,12,|00011111>,9
1,12,|01001110>,23
1,12,|11000101>,10
1,12,|01111010>,27
1,12,|01000001>,17
1,12,|10110011>,20
1,12,|10010110>,20
1,12,|11111001>,5
1,12,|00100101>,13
1,12,|01111001>,23
1,12,|11001111>,16
1,12,|01111110>,22
1,12,|11001100>,17
1,12,|00100000>,14
1,12,|10110111>,20
1,12,|00111000>,14
1,12,|00110101>,13
1,12,|10111011>,22
1,12,|01110011>,19
1,12,|10101111>,18
1,12,|10110110>,21
1,12,|10010111>,18
1,12,|01111100>,28
1,12,|01010010>,22
1,12,|11011100>,11
1,12,|00101011>,8
1,12,|01101111>,21
1,12,|01011110>,19
1,12,|11010110>,11
1,12,|01000100>,17
1,12,|10011101>,15
1,12,|10110010>,12
1,12,|00001100>,8
1,12,|10001100>,15
1,12,|00010011>,9
1,12,|00100001>,12
1,12,|00110000>,21
1,12,|01011101>,21
1,12,|10100011>,29
1,12,|00110100>,16
1,12,|01010011>,25
1,12,|00001011>,7
1,12,|00111100>,17
1,12,|00010111>,10
1,12,|00111001>,13
1,12,|00101010>,18
1,12,|10000100>,32
1,12,|01100011>,26
1,12,|11001110>,12
1,12,|01010110>,24
1,12,|11010011>,12
1,12,|10011010>,21
1,12,|10100000>,22
1,12,|10000110>,23
1,12,|10101011>,19
1,12,|00101101>,16
1,12,|11110001>,4
1,12,|01101101>,22
1,12,|01110110>,26
1,12,|11011011>,11
1,12,|11011101>,9
1,12,|00000000>,4
1,12,|01111011>,23
1,12,|00000110>,5
1,12,|11001001>,14
1,12,|00001001>,7
1,12,|11011001>,6
1,12,|01000000>,15
1,12,|10001110>,19
1,12,|11000111>,12
1,12,|01001111>,18
1,12,|01111101>,30
1,12,|10110101>,18
1,12,|10001010>,24
1,12,|11000100>,17
1,12,|11100001>,9
1,12,|10001101>,21
1,12,|00010101>,7
1,12,|00100100>,5
1,12,|11001000>,19
1,12,|11100000>,11
1,12,|10010001>,18
1,12,|10010010>,26
1,12,|10100100>,28
1,12,|00111011>,18
1,12,|00001111>,4
1,12,|11111110>,5
1,12,|01001000>,12
1,12,|00101001>,9
1,12,|11010010>,13
1,12,|11110011>,5
1,12,|11101111>,7
1,12,|01000101>,12
1,12,|00010010>,7
1,12,|01101001>,27
1,12,|11100110>,6
1,12,|11110010>,2
1,12,|00111101>,12
1,12,|00000100>,4
1,12,|11111010>,4
1,12,|11101010>,6
1,12,|10001001>,21
1,12,|00011000>,12
1,12,|11000000>,8
1,12,|11101110>,2
1,12,|00000111>,5
1,12,|00000001>,7
1,12,|11010111>,12
1,12,|01110100>,24
1,12,|11101000>,8
1,12,|11101011>,6
1,12,|00001000>,6
1,12,|11111101>,3
1,12,|10110000>,12
1,12,|00011101>,11
1,12,|11000011>,9
1,12,|00101000>,17
1,12,|00011001>,9
1,12,|01110000>,19
1,12,|01101100>,24
1,12,|00001101>,2
1,12,|00011010>,6
1,12,|11110101>,7
1,12,|11100100>,8
1,12,|00000011>,4
1,12,|11111011>,5
1,12,|11100101>,3
1,12,|11110111>,4
1,12,|00010000>,8
1,12,|11101001>,6
1,12,|00010001>,7
1,12,|11111111>,1
1,12,|00001010>,7
1,12,|00001110>,2
1,12,|11101100>,4
1,12,|11111100>,3
1,12,|11100010>,5
1,12,|11110000>,4
1,12,|00000010>,1
1,13,|10011010>,24
1,13,|10100000>,22
1,13,|10100011>,21
1,13,|00001011>,5
1,13,|10011101>,26
1,13,|10111011>,20
1,13,|10011111>,16
1,13,|01000001>,16
1,13,|10010101>,24
1,13,|01100101>,29
1,13,|11101010>,6
1,13,|00110100>,13
1,13,|01111100>,20
1,13,|10110010>,25
1,13,|10011011>,25
1,13,|01101001>,23
1,13,|01101000>,26
1,13,|10101001>,27
1,13,|10100111>,25
1,13,|00101111>,17
1,13,|00110111>,11
1,13,|11001100>,13
1,13,|10100100>,26
1,13,|10010000>,21
1,13,|01111010>,37
1,13,|00111111>,13
1,13,|11010001>,5
1,13,|00101100>,13
1,13,|10001110>,25
1,13,|01110101>,32
1,13,|11000110>,23
1,13,|01100011>,21
1,13,|00100001>,12
1,13,|01010011>,22
1,13,|10001010>,27
1,13,|11001101>,15
1,13,|10000101>,26
1,13,|01100001>,19
1,13,|01010010>,24
1,13,|00101101>,19
1,13,|01111101>,26
1,13,|10000110>,18
1,13,|01000011>,17
1,13,|01101100>,27
1,13,|00111110>,11
1,13,|11001111>,12
1,13,|11101011>,7
1,13,|01110000>,20
1,13,|10100110>,17
1,13,|11011111>,10
1,13,|10100101>,24
1,13,|00111000>,7
1,13,|10011000>,24
1,13,|11010111>,9
1,13,|01010000>,17
1,13,|11001110>,14
1,13,|00011010>,10
1,13,|10010111>,30
1,13,|01011001>,19
1,13,|00010101>,4
1,13,|01110010>,31
1,13,|00000011>,6
1,13,|01011011>,19
1,13,|00011110>,12
1,13,|11010101>,20
1,13,|01100000>,24
1,13,|11000100>,16
1,13,|11000000>,20
1,13,|01101111>,27
1,13,|11000101>,16
1,13,|10111010>,22
1,13,|01110111>,24
1,13,|01101010>,20
1,13,|00011011>,13
1,13,|01000101>,24
1,13,|11000001>,12
1,13,|01101110>,26
1,13,|01010101>,22
1,13,|00111100>,16
1,13,|01001000>,27
1,13,|10110100>,17
1,13,|01011111>,29
1,13,|10001001>,32
1,13,|00110110>,15
1,13,|01111110>,19
1,13,|10011001>,28
1,13,|00010110>,15
1,13,|01011110>,23
1,13,|01001111>,29
1,13,|11000011>,27
1,13,|10000001>,24
1,13,|01001101>,24
1,13,|01000010>,12
1,13,|11011110>,11
1,13,|01001010>,15
1,13,|01001001>,25
1,13,|01011100>,20
1,13,|01011101>,22
1,13,|00100000>,9
1,13,|00101010>,11
1,13,|01011000>,20
1,13,|00101011>,14
1,13,|10000100>,27
1,13,|10011110>,23
1,13,|01001110>,29
1,13,|01111111>,21
1,13,|01010100>,12
1,13,|01111011>,18
1,13,|01001100>,22
1,13,|11101111>,3
1,13,|10101110>,21
1,13,|11011101>,5
1,13,|11101001>,6
1,13,|11111011>,4
1,13,|01000111>,16
1,13,|00111010>,16
1,13,|10001000>,24
1,13,|00110010>,20
1,13,|10111100>,17
1,13,|10111000>,23
1,13,|01000000>,16
1,13,|00110011>,12
1,13,|01100111>,24
1,13,|00111101>,16
1,13,|01100010>,29
1,13,|11010010>,14
1,13,|00111001>,12
1,13,|10001011>,23
1,13,|10110101>,16
1,13,|01000110>,24
1,13,|10010011>,31
1,13,|01101011>,18
1,13,|01100110>,32
1,13,|01011010>,22
1,13,|11110010>,6
1,13,|01110001>,18
1,13,|01010001>,23
1,13,|10000111>,28
1,13,|11100000>,9
1,13,|10001101>,23
1,13,|01100100>,23
1,13,|10011100>,24
1,13,|10101011>,27
1,13,|10111101>,23
1,13,|10000011>,23
1,13,|10010110>,20
1,13,|10110000>,21
1,13,|00010100>,10
1,13,|11001000>,14
1,13,|00001101>,6
1,13,|01110100>,19
1,13,|11100011>,5
1,13,|11110100>,6
1,13,|01110110>,24
1,13,|10010010>,19
1,13,|01001011>,22
1,13,|00100011>,7
1,13,|10000000>,27
1,13,|00111011>,15
1,13,|10000010>,34
1,13,|00000101>,5
1,13,|10110110>,16
1,13,|01111000>,27
1,13,|01111001>,35
1,13,|01110011>,33
1,13,|11101101>,3
1,13,|00011000>,12
1,13,|10101111>,23
1,13,|10101101>,20
1,13,|00110001>,16
1,13,|10101010>,15
1,13,|00110000>,11
1,13,|11100010>,10
1,13,|11100100>,8
1,13,|10001100>,22
1,13,|10101100>,19
1,13,|10111001>,18
1,13,|10101000>,17
1,13,|11011001>,16
1,13,|00000010>,4
1,13,|00101000>,15
1,13,|00011101>,5
1,13,|11000010>,17
1,13,|11001010>,8
1,13,|11000111>,8
1,13,|00010111>,10
1,13,|11101100>,5
1,13,|11110101>,4
1,13,|11100101>,7
1,13,|11011011>,12
1,13,|10100010>,18
1,13,|00000100>,6
1,13,|00100110>,9
1,13,|00100101>,7
1,13,|00100010>,9
1,13,|00101001>,9
1,13,|10010100>,21
1,13,|10110001>,25
1,13,|00101110>,11
1,13,|10110011>,18
1,13,|11011010>,9
1,13,|00100100>,5
1,13,|00100111>,13
1,13,|10001111>,21
1,13,|01000100>,15
1,13,|11001011>,16
1,13,|01010111>,24
1,13,|11111100>,5
1,13,|00001100>,5
1,13,|11101110>,2
1,13,|11001001>,9
1,13,|11010110>,13
1,13,|00010001>,4
1,13,|10111111>,18
1,13,|11010011>,10
1,13,|10110111>,19
1,13,|01101101>,20
1,13,|00011111>,9
1,13,|00011100>,10
1,13,|00110101>,11
1,13,|00010011>,10
1,13,|11111000>,7
1,13,|00010010>,6
1,13,|10100001>,18
1,13,|11010000>,16
1,13,|01010110>,17
1,13,|00000111>,7
1,13,|00011001>,14
1,13,|11111001>,5
1,13,|11101000>,7
1,13,|11010100>,10
1,13,|11100110>,7
1,13,|00010000>,10
1,13,|11111111>,5
1,13,|11011000>,10
1,13,|10111110>,10
1,13,|10010001>,21
1,13,|00001110>,6
1,13,|11110001>,8
1,13,|11110000>,5
1,13,|00001010>,5
1,13,|00001111>,7
1,13,|11100001>,4
1,13,|11111110>,7
1,13,|11110011>,5
1,13,|11100111>,6
1,13,|11110110>,2
1,13,|00000001>,1
1,13,|11011100>,5
1,13,|00001001>,2
1,13,|11111101>,1
1,13,|00001000>,5
1,13,|11110111>,4
1,13,|00000110>,1
1,13,|00000000>,2
1,13,|11111010>,1
1,14,|01110011>,31
1,14,|10001000>,34
1,14,|00000010>,5
1,14,|10010010>,22
1,14,|00100100>,10
1,14,|10001011>,28
1,14,|11101101>,8
1,14,|10001110>,26
1,14,|00111001>,16
1,14,|10011101>,22
1,14,|10111100>,10
1,14,|00110111>,12
1,14,|11000000>,21
1,14,|10000111>,30
1,14,|01000000>,13
1,14,|10110101>,17
1,14,|10101000>,23
1,14,|10100110>,22
1,14,|00001111>,6
1,14,|10101100>,22
1,14,|01100000>,28
1,14,|01110101>,24
1,14,|10101110>,19
1,14,|01110110>,29
1,14,|10000011>,19
1,14,|01101011>,25
1,14,|10101011>,24
1,14,|10111111>,16
1,14,|10110100>,22
1,14,|01001100>,29
1,14,|00110001>,16
1,14,|01011010>,15
1,14,|10110010>,16
1,14,|01011000>,23
1,14,|11000100>,21
1,14,|00101101>,10
1,14,|11001111>,13
1,14,|00100001>,12
1,14,|01100001>,26
1,14,|10010101>,35
1,14,|01010110>,20
1,14,|00001010>,6
1,14,|01010011>,24
1,14,|00010000>,9
1,14,|01011100>,26
1,14,|01000100>,22
1,14,|00100110>,7
1,14,|10100111>,28
1,14,|10101101>,19
1,14,|01101110>,24
1,14,|11100000>,7
1,14,|11101010>,10
1,14,|11010100>,17
1,14,|01000010>,16
1,14,|00111111>,23
1,14,|11010010>,19
1,14,|00110110>,20
1,14,|01001110>,20
1,14,|11010011>,11
1,14,|10001111>,22
1,14,|11100011>,6
1,14,|01000110>,15
1,14,|10110001>,18
1,14,|01010001>,15
1,14,|10001001>,32
1,14,|01001010>,16
1,14,|11000010>,14
1,14,|01010111>,22
1,14,|11001000>,10
1,14,|01101101>,26
1,14,|01000001>,23
1,14,|10010110>,23
1,14,|00110100>,17
1,14,|01001000>,23
1,14,|10011010>,26
1,14,|11101100>,10
1,14,|01111101>,28
1,14,|00101111>,16
1,14,|01001001>,24
1,14,|10000101>,29
1,14,|10001010>,23
1,14,|10000100>,31
1,14,|10000110>,27
1,14,|11011011>,10
1,14,|11011111>,9
1,14,|10000000>,28
1,14,|11101111>,5
1,14,|11100010>,12
1,14,|10111010>,16
1,14,|00111010>,14
1,14,|01111000>,25
1,14,|00111100>,23
1,14,|10110110>,16
1,14,|01101000>,15
1,14,|00101000>,11
1,14,|01111100>,33
1,14,|10111001>,15
1,14,|11101110>,7
1,14,|11010000>,22
1,14,|10111110>,14
1,14,|01100111>,19
1,14,|01011111>,17
1,14,|11001001>,15
1,14,|11101000>,9
1,14,|11001100>,12
1,14,|10011001>,30
1,14,|00111000>,14
1,14,|00100111>,10
1,14,|01110100>,33
1,14,|11111110>,6
1,14,|01110111>,28
1,14,|10100001>,18
1,14,|10101001>,26
1,14,|01001111>,18
1,14,|01100110>,27
1,14,|00010001>,5
1,14,|11100100>,6
1,14,|01100101>,32
1,14,|01010100>,19
1,14,|10011110>,32
1,14,|10011111>,24
1,14,|01001011>,23
1,14,|10010001>,21
1,14,|10110000>,14
1,14,|00111011>,13
1,14,|01101111>,24
1,14,|01100100>,25
1,14,|00010100>,11
1,14,|00011110>,11
1,14,|00111101>,14
1,14,|11000111>,22
1,14,|11011110>,14
1,14,|01000101>,16
1,14,|11101011>,6
1,14,|11011001>,10
1,14,|11110101>,3
1,14,|11010110>,14
1,14,|10100000>,28
1,14,|10001101>,23
1,14,|00111110>,16
1,14,|11000001>,28
1,14,|01011110>,20
1,14,|01011011>,29
1,14,|01111111>,23
1,14,|01111011>,18
1,14,|11110100>,2
1,14,|01010101>,17
1,14,|01111010>,25
1,14,|00010111>,7
1,14,|10000001>,25
1,14,|11110000>,4
1,14,|01010000>,21
1,14,|00011101>,12
1,14,|11001101>,9
1,14,|00100101>,11
1,14,|10101010>,20
1,14,|00000110>,4
1,14,|00011011>,9
1,14,|01010010>,23
1,14,|01101100>,19
1,14,|11001010>,8
1,14,|10011011>,22
1,14,|00001000>,2
1,14,|00000101>,4
1,14,|01100011>,22
1,14,|00100000>,14
1,14,|01001101>,21
1,14,|11011100>,11
1,14,|10100010>,19
1,14,|10001100>,22
1,14,|01101010>,25
1,14,|01110001>,27
1,14,|11010101>,16
1,14,|10011000>,12
1,14,|11011010>,12
1,14,|10011100>,23
1,14,|10000010>,23
1,14,|00011001>,8
1,14,|10010111>,20
1,14,|01110000>,15
1,14,|10100101>,23
1,14,|00011111>,11
1,14,|11010001>,9
1,14,|11000011>,15
1,14,|10101111>,24
1,14,|01011001>,22
1,14,|01100010>,25
1,14,|11100111>,12
1,14,|01101001>,26
1,14,|01011101>,19
1,14,|00010010>,7
1,14,|01000111>,17
1,14,|00101010>,5
1,14,|00000000>,3
1,14,|01111110>,20
1,14,|00010011>,5
1,14,|10110011>,20
1,14,|00101110>,12
1,14,|00000001>,4
1,14,|00101100>,11
1,14,|00011010>,7
1,14,|10010100>,31
1,14,|01111001>,26
1,14,|11110010>,6
1,14,|10111011>,21
1,14,|10111000>,17
1,14,|00101011>,15
1,14,|10100100>,29
1,14,|00011000>,9
1,14,|11110110>,4
1,14,|00110101>,13
1,14,|10010000>,22
1,14,|11000110>,21
1,14,|00110010>,9
1,14,|11111010>,3
1,14,|00011100>,7
1,14,|10010011>,21
1,14,|00110011>,15
1,14,|00001100>,11
1,14,|00100010>,9
1,14,|11011000>,5
1,14,|01000011>,14
1,14,|00101001>,8
1,14,|10111101>,11
1,14,|10100011>,17
1,14,|00000111>,5
1,14,|11111101>,3
1,14,|11001011>,10
1,14,|11000101>,12
1,14,|00000100>,4
1,14,|11110001>,5
1,14,|00110000>,14
1,14,|00100011>,8
1,14,|11011101>,11
1,14,|11101001>,10
1,14,|11010111>,12
1,14,|11100101>,5
1,14,|00010101>,8
1,14,|10110111>,9
1,14,|11001110>,10
1,14,|00000011>,2
1,14,|11111011>,2
1,14,|00010110>,5
1,14,|01110010>,26
1,14,|11100001>,5
1,14,|11100110>,4
1,14,|00001001>,3
1,14,|00001110>,6
1,14,|00001011>,3
1,14,|11110111>,2
1,14,|11110011>,3
1,14,|11111000>,1
1,14,|11111001>,6
1,14,|00001101>,1
1,14,|11111100>,1
1,15,|10000110>,26
1,15,|00100000>,6
1,15,|11010011>,15
1,15,|10101011>,24
1,15,|01010111>,23
1,15,|01110101>,25
1,15,|10100101>,25
1,15,|10011001>,28
1,15,|10100111>,20
1,15,|10110000>,18
1,15,|01101000>,19
1,15,|00011001>,9
1,15,|10000010>,23
1,15,|01010110>,16
1,15,|11111000>,3
1,15,|01010010>,20
1,15,|00110101>,18
1,15,|11011011>,3
1,15,|01100000>,27
1,15,|11000000>,20
1,15,|01101111>,20
1,15,|01011011>,22
1,15,|00101000>,12
1,15,|10110100>,22
1,15,|10111110>,14
1,15,|10000000>,28
1,15,|10000100>,32
1,15,|10011100>,30
1,15,|10010010>,27
1,15,|01110110>,18
1,15,|10011101>,16
1,15,|11101001>,8
1,15,|01101101>,22
1,15,|11110011>,12
1,15,|01100111>,27
1,15,|10001000>,27
1,15,|10101010>,31
1,15,|01111100>,28
1,15,|00110111>,17
1,15,|00001100>,13
1,15,|01001100>,15
1,15,|00101010>,11
1,15,|01010101>,32
1,15,|11101010>,10
1,15,|00100111>,13
1,15,|00111100>,12
1,15,|01111011>,30
1,15,|01110000>,24
1,15,|01000011>,16
1,15,|00110100>,11
1,15,|10101111>,21
1,15,|10001111>,30
1,15,|01001011>,26
1,15,|01001111>,12
1,15,|01011101>,27
1,15,|10110110>,21
1,15,|11010111>,13
1,15,|01000101>,22
1,15,|11000101>,24
1,15,|10100110>,28
1,15,|10011111>,25
1,15,|01100001>,28
1,15,|11100010>,13
1,15,|00101111>,10
1,15,|01001001>,16
1,15,|10010100>,25
1,15,|01111111>,29
1,15,|00010110>,9
1,15,|11110000>,3
1,15,|10101110>,15
1,15,|00110110>,11
1,15,|01100101>,26
1,15,|10001010>,18
1,15,|11111001>,3
1,15,|00011000>,9
1,15,|01110011>,18
1,15,|10101000>,19
1,15,|00101001>,14
1,15,|01000111>,16
1,15,|00011010>,12
1,15,|10100001>,21
1,15,|10000101>,33
1,15,|10000011>,27
1,15,|01101010>,31
1,15,|01010100>,21
1,15,|01001101>,15
1,15,|01001110>,17
1,15,|00010010>,6
1,15,|10001110>,24
1,15,|01100100>,26
1,15,|01111000>,22
1,15,|11011010>,9
1,15,|00101011>,8
1,15,|10001011>,25
1,15,|01110100>,35
1,15,|10011110>,21
1,15,|10001001>,22
1,15,|11011001>,14
1,15,|10000111>,29
1,15,|11100001>,5
1,15,|11111101>,6
1,15,|10001101>,23
1,15,|10111001>,19
1,15,|00011111>,7
1,15,|01000001>,18
1,15,|11010000>,16
1,15,|11000011>,15
1,15,|00010101>,4
1,15,|01110001>,23
1,15,|10101100>,23
1,15,|01001000>,23
1,15,|00111011>,10
1,15,|01100011>,30
1,15,|00010100>,13
1,15,|10111111>,16
1,15,|00011011>,9
1,15,|01111001>,16
1,15,|10110011>,18
1,15,|10000001>,30
1,15,|01010000>,21
1,15,|10100011>,25
1,15,|01011100>,24
1,15,|00011101>,7
1,15,|11001010>,14
1,15,|01110111>,34
1,15,|00010111>,5
1,15,|01111010>,20
1,15,|11001101>,14
1,15,|11000111>,12
1,15,|00111010>,21
1,15,|01000010>,17
1,15,|10110010>,19
1,15,|11011110>,9
1,15,|01100110>,22
1,15,|11000110>,12
1,15,|10010000>,22
1,15,|11010010>,11
1,15,|10100000>,24
1,15,|11100101>,7
1,15,|11100111>,7
1,15,|00010001>,8
1,15,|11010110>,10
1,15,|11001000>,20
1,15,|00101100>,15
1,15,|10011000>,19
1,15,|10010011>,23
1,15,|01110010>,21
1,15,|10011010>,27
1,15,|01011000>,26
1,15,|01010001>,16
1,15,|00111111>,15
1,15,|10010111>,30
1,15,|00110010>,11
1,15,|11001100>,14
1,15,|01011110>,16
1,15,|11010001>,8
1,15,|10100100>,26
1,15,|11110110>,4
1,15,|11011000>,13
1,15,|00110011>,14
1,15,|01010011>,21
1,15,|00111110>,16
1,15,|10001100>,29
1,15,|10010001>,23
1,15,|10110111>,16
1,15,|11110001>,6
1,15,|01001010>,12
1,15,|00111001>,14
1,15,|00010011>,6
1,15,|11100100>,7
1,15,|01000100>,21
1,15,|11111110>,4
1,15,|11011101>,9
1,15,|10100010>,26
1,15,|01100010>,29
1,15,|11011111>,8
1,15,|01101011>,15
1,15,|11111111>,1
1,15,|00001110>,11
1,15,|01101110>,26
1,15,|10110001>,22
1,15,|00110000>,11
1,15,|01000110>,22
1,15,|00100011>,10
1,15,|01101100>,23
1,15,|01111101>,28
1,15,|00100110>,12
1,15,|11001110>,11
1,15,|01011010>,24
1,15,|11000100>,21
1,15,|00010000>,11
1,15,|10011011>,16
1,15,|00100100>,13
1,15,|10101001>,20
1,15,|01000000>,15
1,15,|01111110>,28
1,15,|11000001>,13
1,15,|11000010>,21
1,15,|00001101>,4
1,15,|10111010>,18
1,15,|10111101>,13
1,15,|11101111>,8
1,15,|11110100>,7
1,15,|00100101>,7
1,15,|11111011>,4
1,15,|00001011>,5
1,15,|01011111>,21
1,15,|10110101>,20
1,15,|11110010>,6
1,15,|10111100>,16
1,15,|00101110>,16
1,15,|10111011>,16
1,15,|10010110>,22
1,15,|00011110>,10
1,15,|11010101>,13
1,15,|00110001>,12
1,15,|11011100>,13
1,15,|00000001>,4
1,15,|01101001>,18
1,15,|01011001>,17
1,15,|00001000>,6
1,15,|11101100>,4
1,15,|11101000>,8
1,15,|11001011>,17
1,15,|00000000>,1
1,15,|00111101>,19
1,15,|11001001>,14
1,15,|11100110>,6
1,15,|10010101>,29
1,15,|00000100>,3
1,15,|10111000>,20
1,15,|00001001>,3
1,15,|00001010>,5
1,15,|10101101>,18
1,15,|00100001>,14
1,15,|00000011>,3
1,15,|11100000>,7
1,15,|11111010>,4
1,15,|00001111>,7
1,15,|11001111>,9
1,15,|11010100>,9
1,15,|00011100>,4
1,15,|00101101>,13
1,15,|00000010>,2
1,15,|11101011>,8
1,15,|11101101>,11
1,15,|11100011>,5
1,15,|00000110>,7
1,15,|00000101>,1
1,15,|00100010>,8
1,15,|11110111>,3
1,15,|11101110>,1
1,15,|00111000>,7
1,15,|11110101>,2
1,15,|00000111>,3
1,16,|00010110>,13
1,16,|00101001>,14
1,16,|01100001>,19
1,16,|01000000>,18
1,16,|11010110>,9
1,16,|10110011>,22
1,16,|11001011>,15
1,16,|01001111>,13
1,16,|11011100>,9
1,16,|01101001>,21
1,16,|11011111>,9
1,16,|10100110>,23
1,16,|10100000>,25
1,16,|00010100>,6
1,16,|10001011>,23
1,16,|01111000>,27
1,16,|10010101>,26
1,16,|11100111>,5
1,16,|01100100>,25
1,16,|01001110>,18
1,16,|11010001>,10
1,16,|10100111>,25
1,16,|10010011>,17
1,16,|10001101>,28
1,16,|10110111>,18
1,16,|01011011>,27
1,16,|11000010>,21
1,16,|00110110>,18
1,16,|10101010>,25
1,16,|11000000>,18
1,16,|10001100>,30
1,16,|00110100>,15
1,16,|10000101>,27
1,16,|10101100>,21
1,16,|00011111>,8
1,16,|10010000>,30
1,16,|11101011>,9
1,16,|10000011>,23
1,16,|11001110>,14
1,16,|10000111>,23
1,16,|10110100>,18
1,16,|01100111>,26
1,16,|01011111>,21
1,16,|10011101>,21
1,16,|10000100>,32
1,16,|01100101>,34
1,16,|11110101>,9
1,16,|00101100>,15
1,16,|10111101>,19
1,16,|10001110>,23
1,16,|11101010>,6
1,16,|11001111>,9
1,16,|01111100>,18
1,16,|01101010>,32
1,16,|00100111>,15
1,16,|01000110>,18
1,16,|11010111>,10
1,16,|01101101>,23
1,16,|01100010>,22
1,16,|11011101>,9
1,16,|01011100>,23
1,16,|11010000>,12
1,16,|01000001>,23
1,16,|10111000>,15
1,16,|00011011>,10
1,16,|10100100>,25
1,16,|10011111>,27
1,16,|01101100>,29
1,16,|00110001>,16
1,16,|01010000>,22
1,16,|01010010>,19
1,16,|00010011>,6
1,16,|11000111>,13
1,16,|01000100>,20
1,16,|01110000>,29
1,16,|11100010>,10
1,16,|00111110>,29
1,16,|01111011>,15
1,16,|00101111>,15
1,16,|10010110>,28
1,16,|01110100>,31
1,16,|01001011>,28
1,16,|11110100>,4
1,16,|10101000>,27
1,16,|10011001>,32
1,16,|11100110>,8
1,16,|11011010>,8
1,16,|10110001>,25
1,16,|01010001>,20
1,16,|00010010>,6
1,16,|10001111>,25
1,16,|01000010>,19
1,16,|00001001>,5
1,16,|01010110>,16
1,16,|01011001>,13
1,16,|10111010>,20
1,16,|01110110>,23
1,16,|00111100>,16
1,16,|00011010>,12
1,16,|11010011>,11
1,16,|10101001>,27
1,16,|11011110>,10
1,16,|01111101>,21
1,16,|01001001>,20
1,16,|00111111>,12
1,16,|01001101>,30
1,16,|00000010>,6
1,16,|10010111>,20
1,16,|01010101>,17
1,16,|01011000>,28
1,16,|01100110>,21
1,16,|00111001>,17
1,16,|00011000>,10
1,16,|10001000>,30
1,16,|01111001>,18
1,16,|10101111>,10
1,16,|10010010>,31
1,16,|00000011>,7
1,16,|10010001>,21
1,16,|11101100>,8
1,16,|11001101>,19
1,16,|10010100>,30
1,16,|10000001>,25
1,16,|11000001>,9
1,16,|01111111>,29
1,16,|01101110>,25
1,16,|10100010>,22
1,16,|01011110>,20
1,16,|11010101>,7
1,16,|00111010>,16
1,16,|11000101>,10
1,16,|10011110>,25
1,16,|10101101>,20
1,16,|10000010>,25
1,16,|01010100>,19
1,16,|00010111>,12
1,16,|10011011>,14
1,16,|10110000>,23
1,16,|00011001>,9
1,16,|00011101>,9
1,16,|10111011>,18
1,16,|01101000>,28
1,16,|10101110>,23
1,16,|11100101>,10
1,16,|00110101>,15
1,16,|01110111>,16
1,16,|10011010>,28
1,16,|00111011>,21
1,16,|01111010>,26
1,16,|00101010>,13
1,16,|01101011>,30
1,16,|01001000>,9
1,16,|01010111>,27
1,16,|00010001>,6
1,16,|10100101>,29
1,16,|11010100>,8
1,16,|01001010>,19
1,16,|11110010>,7
1,16,|11001001>,15
1,16,|00001100>,4
1,16,|00001010>,8
1,16,|10100011>,25
1,16,|00110000>,13
1,16,|01110101>,26
1,16,|10000110>,29
1,16,|10110010>,19
1,16,|11000110>,15
1,16,|11101101>,6
1,16,|00110111>,13
1,16,|11100000>,8
1,16,|00111101>,17
1,16,|01101111>,17
1,16,|00100000>,7
1,16,|00101011>,15
1,16,|00001011>,9
1,16,|00100010>,7
1,16,|10111100>,21
1,16,|01000101>,19
1,16,|01110011>,32
1,16,|10001001>,26
1,16,|01010011>,25
1,16,|00100101>,9
1,16,|10000000>,15
1,16,|10100001>,21
1,16,|11010010>,7
1,16,|11110110>,4
1,16,|00000101>,3
1,16,|10001010>,28
1,16,|10011000>,19
1,16,|10011100>,21
1,16,|11111111>,5
1,16,|11111100>,3
1,16,|11111000>,4
1,16,|00001111>,4
1,16,|01011101>,31
1,16,|10111110>,17
1,16,|11101001>,9
1,16,|00001101>,6
1,16,|11000011>,11
1,16,|00110011>,11
1,16,|11000100>,21
1,16,|10111001>,22
1,16,|10101011>,20
1,16,|11110111>,5
1,16,|11011000>,8
1,16,|11110011>,8
1,16,|11011011>,8
1,16,|01110001>,22
1,16,|11111101>,4
1,16,|00100001>,11
1,16,|00010101>,6
1,16,|10111111>,18
1,16,|11110001>,3
1,16,|10110101>,18
1,16,|01111110>,24
1,16,|00000100>,4
1,16,|00011100>,10
1,16,|00100011>,13
1,16,|00000110>,2
1,16,|00111000>,15
1,16,|00101110>,14
1,16,|01100011>,17
1,16,|11101110>,2
1,16,|11100100>,8
1,16,|01000111>,13
1,16,|00000000>,4
1,16,|00101000>,9
1,16,|00011110>,6
1,16,|11100001>,10
1,16,|11100011>,6
1,16,|01001100>,18
1,16,|00001110>,7
1,16,|11001010>,8
1,16,|01100000>,28
1,16,|10110110>,15
1,16,|00100100>,10
1,16,|01011010>,22
1,16,|11110000>,2
1,16,|01110010>,20
1,16,|11011001>,5
1,16,|00010000>,9
1,16,|00101101>,7
1,16,|01000011>,9
1,16,|00100110>,8
1,16,|00001000>,7
1,16,|11001000>,13
1,16,|00110010>,12
1,16,|11111110>,4
1,16,|11001100>,9
1,16,|11101000>,6
1,16,|11111001>,4
1,16,|00000111>,3
1,16,|11111010>,2
1,16,|00000001>,2
1,16,|11111011>,1
1,16,|11101111>,3
2,0,|11101110>,38
2,0,|01100000>,10
2,0,|10011010>,31
2,0,|10010001>,21
2,0,|10111111>,30
2,0,|11000010>,34
2,0,|11010000>,27
2,0,|11110000>,16
2,0,|10000111>,22
2,0,|10001001>,26
2,0,|11001100>,16
2,0,|10001000>,13
2,0,|10111001>,35
2,0,|11011110>,32
2,0,|11110011>,28
2,0,|11110010>,32
2,0,|11000000>,29
2,0,|01100111>,11
2,0,|11111110>,18
2,0,|10100000>,34
2,0,|11010001>,23
2,0,|11110101>,22
2,0,|11011101>,30
2,0,|10101100>,31
2,0,|01110110>,17
2,0,|11001110>,28
2,0,|11111000>,22
2,0,|11110110>,29
2,0,|10011101>,16
2,0,|10111010>,32
2,0,|11110111>,35
2,0,|01111100>,16
2,0,|11101001>,33
2,0,|01111111>,22
2,0,|11011010>,26
2,0,|11111111>,25
2,0,|10111100>,31
2,0,|10101101>,33
2,0,|11000111>,32
2,0,|11101111>,29
2,0,|01111110>,17
2,0,|11100000>,47
2,0,|01111001>,13
2,0,|11111001>,19
2,0,|01100001>,10
2,0,|10010010>,20
2,0,|10110010>,38
2,0,|10100110>,27
2,0,|10001111>,20
2,0,|11010100>,23
2,0,|11001000>,32
2,0,|01101000>,13
2,0,|11101011>,29
2,0,|01001100>,8
2,0,|10011110>,23
2,0,|01110011>,11
2,0,|01111000>,23
2,0,|10101001>,28
2,0,|10010110>,26
2,0,|11100100>,29
2,0,|00000001>,2
2,0,|10101000>,32
2,0,|11101000>,34
2,0,|11010110>,30
2,0,|01100110>,18
2,0,|11001011>,27
2,0,|10110100>,28
2,0,|10101010>,34
2,0,|10011000>,23
2,0,|10010000>,26
2,0,|11111100>,29
2,0,|10010111>,26
2,0,|11000110>,25
2,0,|10111101>,27
2,0,|11111011>,19
2,0,|10000100>,19
2,0,|01110101>,20
2,0,|10110101>,29
2,0,|10000001>,25
2,0,|10000011>,19
2,0,|01101011>,15
2,0,|10001010>,24
2,0,|10000000>,21
2,0,|11011011>,20
2,0,|01100011>,7
2,0,|00111010>,7
2,0,|01100010>,12
2,0,|10011001>,22
2,0,|11100101>,27
2,0,|01011010>,6
2,0,|10100010>,21
2,0,|10111000>,34
2,0,|11101101>,33
2,0,|10110111>,29
2,0,|01011110>,8
2,0,|11110001>,25
2,0,|01000101>,7
2,0,|10011100>,34
2,0,|10010011>,21
2,0,|01010000>,6
2,0,|10001101>,14
2,0,|10111011>,31
2,0,|01110111>,17
2,0,|00000101>,6
2,0,|11101010>,27
2,0,|10010100>,19
2,0,|11111101>,27
2,0,|11000100>,27
2,0,|10000101>,23
2,0,|11110100>,18
2,0,|10011111>,25
2,0,|10011011>,25
2,0,|10101111>,25
2,0,|10001011>,17
2,0,|01111101>,27
2,0,|11001101>,21
2,0,|01100101>,10
2,0,|11010111>,25
2,0,|11100110>,28
2,0,|10110001>,37
2,0,|11000101>,29
2,0,|10101110>,34
2,0,|10110110>,33
2,0,|01110100>,15
2,0,|01100100>,9
2,0,|11000011>,35
2,0,|11001111>,34
2,0,|10100011>,22
2,0,|10100100>,26
2,0,|11100010>,23
2,0,|01011111>,8
2,0,|10000110>,26
2,0,|01001001>,3
2,0,|11011111>,31
2,0,|11010101>,20
2,0,|10110000>,21
2,0,|11100011>,22
2,0,|10010101>,21
2,0,|11011001>,30
2,0,|01101101>,13
2,0,|11001010>,25
2,0,|10111110>,22
2,0,|11011100>,31
2,0,|10000010>,30
2,0,|11010010>,26
2,0,|11000001>,18
2,0,|00111110>,4
2,0,|10001110>,21
2,0,|01011001>,7
2,0,|01101010>,11
2,0,|01111011>,16
2,0,|01010010>,10
2,0,|00111100>,1
2,0,|00111111>,4
2,0,|10001100>,28
2,0,|00001001>,2
2,0,|11100111>,25
2,0,|01011000>,5
2,0,|10110011>,31
2,0,|01111010>,14
2,0,|11010011>,27
2,0,|01110010>,8
2,0,|10100001>,30
2,0,|01000000>,3
2,0,|11111010>,23
2,0,|01110001>,13
2,0,|10100111>,27
2,0,|11001001>,31
2,0,|10100101>,32
2,0,|10101011>,19
2,0,|01101110>,13
2,0,|00010001>,2
2,0,|11100001>,32
2,0,|01101001>,13
2,0,|11011000>,21
2,0,|01011100>,8
2,0,|00000111>,3
2,0,|01000110>,4
2,0,|01000011>,2
2,0,|01010011>,4
2,0,|01010101>,5
2,0,|00110011>,1
2,0,|01001011>,4
2,0,|11101100>,23
2,0,|00110001>,2
2,0,|01001110>,4
2,0,|01101111>,5
2,0,|01001010>,5
2,0,|01000010>,3
2,0,|01010100>,8
2,0,|01110000>,19
2,0,|00000000>,2
2,0,|01001101>,3
2,0,|00011001>,1
2,0,|00000010>,1
2,0,|01011101>,7
2,0,|01010111>,11
2,0,|00110100>,1
2,0,|01010001>,7
2,0,|01010110>,9
2,0,|00000100>,2
2,0,|00111001>,1
2,0,|00111011>,3
2,0,|01000111>,3
2,0,|00110010>,2
2,0,|00101101>,1
2,0,|00000110>,3
2,0,|00110110>,2
2,0,|01001111>,3
2,0,|01101100>,9
2,0,|01011011>,5
2,0,|00001000>,2
2,0,|00001111>,1
2,0,|01000100>,5
2,0,|00011100>,1
2,0,|00001101>,1
2,0,|00010101>,1
2,0,|00001010>,3
2,0,|01001000>,3
2,0,|00010000>,1
2,0,|00101111>,1
2,0,|00000011>,1
2,0,|00010010>,1
2,0,|00111101>,3
2,0,|00010111>,2
2,0,|00111000>,1
2,0,|00010100>,1
2,0,|00101010>,1
2,1,|01010010>,6
2,1,|11000100>,28
2,1,|11001101>,27
2,1,|11010110>,30
2,1,|11100100>,21
2,1,|10001010>,23
2,1,|01101100>,14
2,1,|10011001>,25
2,1,|01110000>,14
2,1,|11011100>,27
2,1,|11000110>,30
2,1,|10011011>,18
2,1,|11111100>,24
2,1,|11100110>,26
2,1,|10110101>,30
2,1,|10000100>,25
2,1,|11010100>,30
2,1,|11001100>,31
2,1,|10100101>,35
2,1,|10011000>,17
2,1,|10011111>,32
2,1,|10001011>,22
2,1,|10101010>,30
2,1,|11010111>,28
2,1,|10111010>,22
2,1,|10001000>,16
2,1,|10100010>,28
2,1,|11110111>,30
2,1,|10001110>,26
2,1,|01111111>,15
2,1,|10100111>,30
2,1,|10111101>,30
2,1,|11010011>,29
2,1,|01000011>,2
2,1,|01110111>,13
2,1,|10000111>,24
2,1,|10000101>,25
2,1,|10110011>,27
2,1,|01110101>,17
2,1,|11101100>,29
2,1,|10001101>,22
2,1,|11011000>,31
2,1,|10010001>,23
2,1,|10100000>,30
2,1,|00001011>,2
2,1,|11110001>,30
2,1,|10111000>,33
2,1,|10110111>,32
2,1,|01001110>,6
2,1,|11011010>,30
2,1,|01100110>,16
2,1,|10001111>,20
2,1,|11100001>,23
2,1,|11010000>,49
2,1,|10110000>,41
2,1,|01100111>,11
2,1,|11011111>,32
2,1,|10000011>,16
2,1,|11101010>,29
2,1,|11100101>,33
2,1,|10111110>,27
2,1,|10110100>,29
2,1,|11000101>,36
2,1,|10010011>,26
2,1,|11000011>,29
2,1,|11000111>,42
2,1,|11000001>,38
2,1,|11100011>,19
2,1,|11101011>,21
2,1,|01011010>,5
2,1,|10010110>,22
2,1,|11101101>,26
2,1,|01100100>,9
2,1,|11001110>,38
2,1,|10100100>,34
2,1,|11100000>,22
2,1,|11110011>,26
2,1,|11110010>,30
2,1,|01110011>,21
2,1,|10101001>,21
2,1,|01110010>,14
2,1,|10100110>,25
2,1,|11111101>,25
2,1,|00110110>,3
2,1,|00000000>,6
2,1,|11111111>,34
2,1,|10011101>,26
2,1,|10101110>,34
2,1,|11011001>,27
2,1,|11111110>,29
2,1,|01111010>,22
2,1,|11001000>,27
2,1,|10011100>,27
2,1,|10011110>,29
2,1,|11010010>,36
2,1,|11101001>,22
2,1,|10101111>,29
2,1,|00001110>,2
2,1,|11010101>,27
2,1,|01100010>,13
2,1,|11010001>,28
2,1,|01010100>,5
2,1,|10010000>,26
2,1,|10000010>,16
2,1,|10010101>,20
2,1,|01000010>,3
2,1,|01110001>,19
2,1,|10111111>,29
2,1,|01010000>,4
2,1,|01000101>,4
2,1,|01000000>,3
2,1,|11000010>,30
2,1,|11100111>,26
2,1,|01111101>,13
2,1,|01101101>,10
2,1,|11110100>,34
2,1,|10100011>,18
2,1,|11111000>,22
2,1,|11001001>,31
2,1,|01110110>,12
2,1,|10110001>,32
2,1,|11110101>,29
2,1,|01111000>,11
2,1,|11000000>,34
2,1,|10010010>,28
2,1,|10000001>,13
2,1,|10111100>,35
2,1,|11111011>,21
2,1,|01011100>,8
2,1,|01101110>,13
2,1,|10101101>,30
2,1,|11100010>,29
2,1,|10000110>,21
2,1,|11101000>,25
2,1,|10101011>,23
2,1,|10010111>,27
2,1,|11011101>,35
2,1,|11101110>,28
2,1,|11001010>,28
2,1,|00000100>,4
2,1,|00000111>,5
2,1,|11111010>,17
2,1,|11111001>,25
2,1,|01111110>,15
2,1,|11110110>,25
2,1,|11001011>,34
2,1,|00000101>,4
2,1,|11110000>,23
2,1,|10100001>,29
2,1,|01111011>,7
2,1,|01101001>,13
2,1,|01111001>,19
2,1,|10000000>,27
2,1,|01001011>,2
2,1,|10110010>,25
2,1,|10111001>,22
2,1,|01111100>,16
2,1,|10110110>,36
2,1,|10001100>,14
2,1,|01011110>,6
2,1,|01011011>,6
2,1,|00001000>,5
2,1,|01100000>,8
2,1,|11101111>,29
2,1,|11011110>,22
2,1,|01101010>,9
2,1,|01100001>,10
2,1,|00111110>,5
2,1,|01010110>,6
2,1,|10101000>,29
2,1,|00001100>,4
2,1,|01000100>,3
2,1,|01101111>,13
2,1,|01110100>,8
2,1,|01100101>,10
2,1,|01011001>,9
2,1,|00000110>,3
2,1,|01011101>,8
2,1,|01100011>,3
2,1,|01000111>,2
2,1,|01010111>,10
2,1,|01011111>,14
2,1,|10101100>,23
2,1,|00101110>,1
2,1,|00111000>,2
2,1,|10011010>,29
2,1,|01010011>,8
2,1,|00111010>,2
2,1,|10001001>,21
2,1,|10010100>,12
2,1,|00001111>,1
2,1,|11001111>,26
2,1,|10111011>,15
2,1,|11011011>,22
2,1,|00110111>,1
2,1,|01101000>,11
2,1,|01001101>,4
2,1,|01010101>,3
2,1,|01001001>,7
2,1,|01011000>,10
2,1,|00000010>,3
2,1,|01101011>,11
2,1,|01001111>,3
2,1,|01010001>,6
2,1,|00010000>,1
2,1,|00010110>,1
2,1,|00001010>,2
2,1,|00111101>,4
2,1,|01001010>,3
2,1,|00001001>,1
2,1,|00110101>,1
2,1,|01001000>,1
2,1,|00111100>,2
2,1,|00111001>,1
2,1,|01000110>,1
2,1,|01001100>,2
2,1,|00000011>,1
2,1,|00011001>,1
2,1,|01000001>,2
2,1,|00001101>,1
2,2,|10101100>,27
2,2,|01101101>,13
2,2,|11111101>,21
2,2,|10100101>,25
2,2,|11111100>,21
2,2,|11111011>,26
2,2,|10101010>,28
2,2,|11000011>,33
2,2,|11101000>,30
2,2,|11100101>,31
2,2,|11110011>,25
2,2,|11011101>,31
2,2,|01110001>,12
2,2,|00000001>,4
2,2,|01111101>,26
2,2,|01110011>,17
2,2,|01101001>,12
2,2,|11011001>,36
2,2,|11010100>,26
2,2,|11001000>,23
2,2,|11100000>,32
2,2,|11100011>,30
2,2,|11110110>,29
2,2,|10011111>,27
2,2,|11001010>,33
2,2,|10101110>,27
2,2,|11010001>,41
2,2,|10000010>,20
2,2,|11110010>,30
2,2,|11001101>,27
2,2,|11101011>,23
2,2,|10111010>,33
2,2,|10110001>,26
2,2,|10001110>,28
2,2,|10100011>,24
2,2,|10010011>,31
2,2,|10110000>,27
2,2,|01111001>,16
2,2,|11011010>,37
2,2,|10110101>,25
2,2,|11110001>,31
2,2,|10010110>,18
2,2,|01110110>,12
2,2,|01110100>,10
2,2,|11000110>,34
2,2,|10001001>,16
2,2,|01100101>,14
2,2,|11010110>,33
2,2,|01011001>,6
2,2,|10100100>,25
2,2,|01100000>,9
2,2,|10011101>,29
2,2,|11101111>,30
2,2,|10111000>,35
2,2,|11111111>,27
2,2,|10111101>,38
2,2,|11100010>,36
2,2,|10010100>,28
2,2,|10101011>,20
2,2,|11111001>,21
2,2,|01101111>,11
2,2,|11010000>,41
2,2,|00101111>,1
2,2,|11011011>,33
2,2,|11101101>,26
2,2,|01101100>,8
2,2,|10101101>,29
2,2,|01111010>,20
2,2,|11001011>,33
2,2,|11001100>,24
2,2,|11110100>,30
2,2,|10111001>,28
2,2,|00000101>,2
2,2,|10001101>,25
2,2,|11100001>,30
2,2,|11000111>,29
2,2,|10011010>,29
2,2,|11101110>,33
2,2,|10111110>,31
2,2,|01111011>,11
2,2,|00110000>,1
2,2,|00001101>,1
2,2,|10010001>,32
2,2,|11000010>,31
2,2,|10011100>,27
2,2,|10110111>,25
2,2,|01000011>,4
2,2,|10001111>,16
2,2,|10010111>,29
2,2,|01011110>,7
2,2,|11101100>,25
2,2,|01011111>,13
2,2,|00110101>,2
2,2,|11011111>,29
2,2,|10111100>,33
2,2,|10110110>,23
2,2,|10000000>,17
2,2,|10111111>,40
2,2,|11100110>,31
2,2,|11001110>,36
2,2,|11001001>,34
2,2,|01110111>,15
2,2,|11111010>,26
2,2,|11000100>,35
2,2,|11111110>,24
2,2,|01101110>,10
2,2,|01001011>,6
2,2,|10000111>,21
2,2,|10000110>,24
2,2,|10100000>,33
2,2,|11011110>,24
2,2,|11110101>,25
2,2,|11010101>,41
2,2,|11010011>,38
2,2,|10101001>,24
2,2,|01011011>,13
2,2,|11011100>,21
2,2,|10010101>,19
2,2,|10111011>,26
2,2,|11101010>,32
2,2,|10011011>,20
2,2,|11100100>,33
2,2,|00001110>,2
2,2,|11010010>,30
2,2,|10100111>,24
2,2,|01000110>,7
2,2,|10010010>,28
2,2,|11011000>,29
2,2,|10110011>,24
2,2,|10101000>,24
2,2,|10011110>,16
2,2,|11101001>,24
2,2,|01001100>,8
2,2,|11001111>,36
2,2,|01010100>,3
2,2,|11000101>,33
2,2,|11000000>,25
2,2,|11000001>,33
2,2,|01001111>,3
2,2,|10110100>,23
2,2,|11100111>,22
2,2,|10011000>,24
2,2,|01111100>,16
2,2,|01001010>,3
2,2,|01111110>,22
2,2,|10001000>,24
2,2,|01000000>,5
2,2,|00111000>,1
2,2,|10001100>,21
2,2,|01101010>,10
2,2,|00000011>,1
2,2,|10000101>,25
2,2,|01010111>,9
2,2,|10100010>,22
2,2,|01100100>,12
2,2,|01110010>,12
2,2,|01110000>,11
2,2,|00110010>,1
2,2,|11010111>,30
2,2,|10001011>,15
2,2,|01111000>,12
2,2,|01100011>,10
2,2,|01000111>,3
2,2,|10000011>,21
2,2,|01100111>,12
2,2,|01010010>,7
2,2,|11111000>,18
2,2,|10110010>,26
2,2,|11110000>,26
2,2,|01011010>,3
2,2,|10000100>,14
2,2,|01110101>,12
2,2,|10010000>,17
2,2,|01101000>,14
2,2,|10101111>,19
2,2,|10000001>,16
2,2,|10001010>,21
2,2,|01101011>,8
2,2,|00010110>,1
2,2,|00001000>,2
2,2,|10100110>,23
2,2,|10100001>,26
2,2,|10011001>,18
2,2,|00111100>,2
2,2,|00010010>,2
2,2,|01111111>,17
2,2,|00000100>,1
2,2,|01100001>,6
2,2,|01100110>,10
2,2,|00000010>,7
2,2,|01011100>,6
2,2,|01001110>,7
2,2,|01001001>,3
2,2,|01011101>,6
2,2,|01010110>,7
2,2,|11110111>,22
2,2,|00000111>,4
2,2,|00111001>,1
2,2,|00111110>,2
2,2,|00001001>,1
2,2,|01010011>,8
2,2,|00001100>,3
2,2,|00111101>,1
2,2,|01000001>,3
2,2,|01010001>,5
2,2,|00011000>,2
2,2,|00110110>,1
2,2,|01001000>,2
2,2,|00001011>,2
2,2,|01010101>,2
2,2,|01001101>,2
2,2,|00111011>,1
2,2,|01000010>,2
2,2,|00110001>,2
2,2,|00000000>,3
2,2,|00111111>,4
2,2,|00111010>,2
2,2,|01000100>,2
2,2,|00110100>,1
2,2,|01011000>,3
2,2,|00001111>,3
2,2,|00010101>,1
2,2,|01100010>,2
2,2,|01010000>,1
2,2,|00000110>,2
2,3,|10111101>,26
2,3,|11100011>,29
2,3,|11111111>,22
2,3,|11110000>,32
2,3,|10000110>,21
2,3,|10101100>,30
2,3,|01100011>,14
2,3,|10010000>,27
2,3,|11001100>,30
2,3,|10010111>,23
2,3,|10011100>,21
2,3,|11010110>,22
2,3,|11000000>,31
2,3,|11101001>,34
2,3,|10010101>,25
2,3,|11010011>,34
2,3,|11001111>,29
2,3,|11100101>,33
2,3,|11100110>,26
2,3,|11000110>,23
2,3,|10100100>,44
2,3,|11000001>,30
2,3,|11011110>,25
2,3,|11011100>,33
2,3,|10000111>,28
2,3,|10101010>,42
2,3,|01110010>,14
2,3,|10110001>,30
2,3,|11011001>,30
2,3,|10110000>,29
2,3,|11010001>,29
2,3,|11011011>,37
2,3,|10110101>,33
2,3,|10101111>,30
2,3,|01101110>,18
2,3,|11000101>,31
2,3,|10011001>,41
2,3,|11010100>,32
2,3,|10010001>,21
2,3,|11110010>,37
2,3,|11011010>,30
2,3,|11000100>,19
2,3,|00101101>,3
2,3,|11011101>,27
2,3,|10100111>,24
2,3,|10100000>,26
2,3,|10110011>,26
2,3,|01100010>,13
2,3,|11100100>,40
2,3,|01011011>,6
2,3,|10111111>,35
2,3,|10000101>,27
2,3,|01101000>,14
2,3,|01001011>,7
2,3,|01111111>,25
2,3,|10000001>,21
2,3,|01000010>,3
2,3,|00001001>,3
2,3,|10000000>,30
2,3,|10010010>,23
2,3,|11011111>,21
2,3,|11111011>,26
2,3,|11001000>,16
2,3,|11000011>,34
2,3,|10111011>,26
2,3,|11111101>,19
2,3,|11100000>,20
2,3,|10011011>,26
2,3,|01110000>,14
2,3,|10100011>,30
2,3,|01010011>,12
2,3,|11110100>,21
2,3,|11100111>,21
2,3,|01101001>,9
2,3,|10111110>,23
2,3,|01111110>,18
2,3,|01011111>,7
2,3,|11100010>,23
2,3,|10010110>,25
2,3,|01100101>,15
2,3,|10011110>,21
2,3,|11001101>,25
2,3,|10001101>,29
2,3,|01010111>,7
2,3,|01100111>,14
2,3,|00101111>,2
2,3,|11111100>,23
2,3,|10011010>,26
2,3,|11001110>,39
2,3,|01110101>,16
2,3,|10000100>,14
2,3,|01010001>,3
2,3,|01110110>,18
2,3,|11111110>,25
2,3,|11101110>,31
2,3,|10001001>,20
2,3,|01000011>,4
2,3,|11001001>,29
2,3,|01101010>,11
2,3,|11111000>,29
2,3,|10101011>,26
2,3,|00000011>,8
2,3,|11100001>,28
2,3,|10101110>,23
2,3,|11010010>,33
2,3,|11001011>,30
2,3,|10011101>,19
2,3,|10001011>,25
2,3,|11111010>,23
2,3,|11101101>,30
2,3,|10101001>,26
2,3,|10110010>,27
2,3,|11111001>,23
2,3,|11101010>,29
2,3,|11000010>,26
2,3,|10010100>,17
2,3,|01000111>,4
2,3,|10110110>,25
2,3,|00001010>,3
2,3,|10001110>,17
2,3,|01010110>,8
2,3,|11110011>,33
2,3,|01101100>,15
2,3,|11010101>,33
2,3,|10111001>,32
2,3,|10101101>,26
2,3,|10001000>,21
2,3,|10011000>,19
2,3,|10111000>,33
2,3,|10100010>,27
2,3,|01011100>,12
2,3,|11010111>,22
2,3,|10010011>,24
2,3,|01111000>,13
2,3,|10100101>,24
2,3,|11101100>,32
2,3,|01100001>,6
2,3,|11101111>,15
2,3,|11101011>,29
2,3,|01110001>,19
2,3,|10110111>,32
2,3,|10101000>,20
2,3,|11110111>,19
2,3,|01110111>,11
2,3,|11001010>,29
2,3,|10100110>,28
2,3,|10000010>,24
2,3,|01010010>,8
2,3,|00111100>,4
2,3,|10000011>,20
2,3,|10001010>,24
2,3,|11000111>,37
2,3,|11110101>,20
2,3,|01010100>,6
2,3,|01111101>,19
2,3,|10100001>,22
2,3,|10001100>,27
2,3,|01100000>,10
2,3,|01001100>,3
2,3,|01111010>,20
2,3,|01110011>,13
2,3,|10011111>,25
2,3,|01101011>,11
2,3,|01101111>,11
2,3,|01000100>,6
2,3,|10111100>,34
2,3,|11110001>,22
2,3,|10001111>,17
2,3,|01000101>,1
2,3,|11010000>,24
2,3,|01100100>,7
2,3,|01110100>,17
2,3,|01001111>,6
2,3,|11110110>,23
2,3,|00000010>,3
2,3,|10110100>,27
2,3,|00100111>,1
2,3,|11101000>,24
2,3,|11011000>,20
2,3,|01111001>,16
2,3,|01001000>,2
2,3,|01001010>,7
2,3,|10111010>,27
2,3,|01100110>,7
2,3,|01010101>,1
2,3,|00001000>,4
2,3,|01000110>,4
2,3,|01001101>,6
2,3,|00011000>,1
2,3,|01001110>,5
2,3,|01010000>,7
2,3,|01011010>,5
2,3,|01001001>,3
2,3,|01000000>,3
2,3,|01011110>,7
2,3,|01101101>,16
2,3,|00110110>,1
2,3,|01111100>,15
2,3,|00000100>,3
2,3,|00001110>,1
2,3,|00000000>,4
2,3,|01111011>,7
2,3,|00111000>,1
2,3,|01011000>,5
2,3,|00000001>,5
2,3,|00111110>,1
2,3,|00110111>,1
2,3,|01011001>,8
2,3,|01011101>,4
2,3,|00010101>,1
2,3,|00111010>,3
2,3,|00000110>,4
2,3,|00010010>,1
2,3,|00010000>,1
2,3,|00001011>,1
2,3,|00000101>,3
2,3,|00110101>,1
2,3,|00111011>,1
2,3,|00000111>,1
2,3,|00101011>,1
2,3,|00001111>,1
2,4,|01111111>,17
2,4,|11010100>,28
2,4,|10000011>,23
2,4,|10000101>,19
2,4,|01010111>,8
2,4,|11111011>,18
2,4,|01110011>,15
2,4,|11010001>,35
2,4,|11110101>,33
2,4,|11100110>,46
2,4,|10001110>,31
2,4,|10111011>,34
2,4,|10101001>,22
2,4,|11111111>,24
2,4,|11100000>,30
2,4,|10110110>,23
2,4,|10001111>,24
2,4,|11001000>,39
2,4,|01101100>,16
2,4,|10111101>,28
2,4,|01111110>,16
2,4,|11001010>,24
2,4,|10101111>,38
2,4,|11111001>,33
2,4,|11100011>,29
2,4,|11100100>,23
2,4,|10010110>,33
2,4,|01111100>,19
2,4,|11101110>,27
2,4,|10101101>,32
2,4,|11000011>,29
2,4,|11101101>,22
2,4,|10011101>,32
2,4,|10110100>,26
2,4,|01110010>,14
2,4,|01101110>,15
2,4,|10000100>,20
2,4,|10010011>,22
2,4,|01111000>,22
2,4,|11101010>,31
2,4,|10101010>,30
2,4,|01110000>,11
2,4,|10100011>,22
2,4,|10100110>,31
2,4,|01111010>,14
2,4,|10101100>,30
2,4,|10111000>,27
2,4,|11001111>,23
2,4,|11100111>,30
2,4,|11000110>,32
2,4,|10010100>,25
2,4,|11011111>,32
2,4,|11000101>,29
2,4,|10010111>,24
2,4,|01100110>,7
2,4,|10110101>,22
2,4,|11001001>,36
2,4,|10100001>,31
2,4,|10101011>,37
2,4,|11101011>,24
2,4,|11111100>,27
2,4,|11110110>,27
2,4,|10011001>,19
2,4,|10011010>,28
2,4,|01110001>,15
2,4,|01110100>,22
2,4,|11011100>,34
2,4,|10010101>,26
2,4,|10011110>,26
2,4,|11010000>,25
2,4,|10000010>,16
2,4,|10100000>,34
2,4,|10001010>,30
2,4,|01010011>,6
2,4,|10011111>,27
2,4,|11000010>,32
2,4,|11110100>,34
2,4,|00000100>,4
2,4,|01101111>,10
2,4,|01100101>,12
2,4,|10110111>,32
2,4,|11000000>,30
2,4,|11111101>,24
2,4,|01011001>,5
2,4,|01101010>,8
2,4,|10100101>,26
2,4,|10111111>,33
2,4,|11011101>,29
2,4,|11001011>,28
2,4,|11110001>,29
2,4,|01110110>,13
2,4,|01111101>,13
2,4,|10000000>,19
2,4,|11101000>,27
2,4,|10110010>,26
2,4,|11011011>,40
2,4,|11010010>,31
2,4,|11010110>,21
2,4,|10011000>,17
2,4,|11010101>,23
2,4,|11100101>,23
2,4,|10111100>,35
2,4,|11000100>,36
2,4,|11100010>,31
2,4,|11111000>,35
2,4,|10001001>,19
2,4,|11000111>,23
2,4,|01100001>,6
2,4,|11110000>,22
2,4,|10010001>,25
2,4,|10110001>,30
2,4,|10101000>,28
2,4,|01101011>,15
2,4,|11101001>,35
2,4,|10101110>,36
2,4,|11001101>,21
2,4,|10111010>,37
2,4,|01110101>,11
2,4,|11111110>,21
2,4,|11011000>,31
2,4,|11100001>,18
2,4,|01011010>,7
2,4,|00001010>,2
2,4,|10001000>,19
2,4,|01100111>,16
2,4,|10010010>,22
2,4,|01010100>,8
2,4,|01100011>,7
2,4,|10111110>,20
2,4,|10011011>,24
2,4,|11110111>,32
2,4,|10100010>,16
2,4,|11011010>,23
2,4,|11010111>,23
2,4,|11111010>,22
2,4,|10001011>,13
2,4,|11001100>,37
2,4,|11101100>,26
2,4,|10011100>,31
2,4,|11110011>,22
2,4,|11011001>,36
2,4,|01011101>,5
2,4,|11101111>,25
2,4,|01111001>,20
2,4,|01101000>,9
2,4,|00101101>,1
2,4,|01110111>,17
2,4,|10010000>,19
2,4,|11001110>,31
2,4,|01011100>,7
2,4,|10001101>,19
2,4,|10100111>,19
2,4,|00010110>,1
2,4,|10110000>,35
2,4,|01111011>,13
2,4,|10000001>,22
2,4,|01001100>,4
2,4,|00000010>,9
2,4,|10000111>,25
2,4,|01101001>,15
2,4,|01100100>,10
2,4,|10111001>,30
2,4,|11011110>,26
2,4,|10110011>,30
2,4,|00001100>,2
2,4,|10000110>,23
2,4,|01100010>,12
2,4,|01001111>,3
2,4,|11110010>,25
2,4,|01011000>,6
2,4,|10100100>,22
2,4,|01011111>,9
2,4,|01001101>,8
2,4,|00000101>,2
2,4,|01000010>,1
2,4,|10001100>,17
2,4,|01011011>,8
2,4,|01000100>,3
2,4,|11000001>,25
2,4,|01101101>,10
2,4,|00111011>,2
2,4,|01010000>,1
2,4,|00111101>,1
2,4,|00001110>,2
2,4,|00111010>,1
2,4,|01000000>,1
2,4,|00111000>,2
2,4,|01010110>,9
2,4,|01001010>,5
2,4,|01100000>,6
2,4,|01010101>,7
2,4,|11010011>,21
2,4,|00000001>,4
2,4,|00000111>,1
2,4,|00001111>,1
2,4,|01001000>,2
2,4,|01001001>,4
2,4,|00001000>,3
2,4,|00110101>,1
2,4,|00111110>,3
2,4,|00110111>,2
2,4,|00001011>,3
2,4,|00110110>,2
2,4,|00111001>,1
2,4,|01001110>,6
2,4,|01000101>,1
2,4,|01010010>,2
2,4,|00010111>,1
2,4,|01010001>,3
2,4,|01000011>,2
2,4,|01011110>,3
2,4,|01000110>,1
2,4,|00010001>,1
2,4,|00000000>,1
2,4,|00010101>,1
2,4,|00001001>,1
2,4,|00110011>,1
2,4,|01001011>,2
2,4,|00110000>,1
2,4,|00000110>,1
2,4,|00010000>,1
2,4,|00111100>,1
2,4,|00010011>,1
2,4,|00111111>,2
2,4,|00000011>,1
2,5,|10010011>,26
2,5,|11001010>,26
2,5,|01111111>,14
2,5,|11100010>,27
2,5,|10100000>,23
2,5,|01110010>,11
2,5,|10101100>,24
2,5,|11101100>,32
2,5,|11111011>,26
2,5,|11011010>,34
2,5,|11001110>,27
2,5,|10001011>,30
2,5,|01011110>,9
2,5,|01101010>,8
2,5,|10110001>,25
2,5,|11100011>,19
2,5,|11000000>,33
2,5,|10111011>,30
2,5,|10111000>,25
2,5,|11011100>,30
2,5,|10000001>,15
2,5,|10001110>,20
2,5,|11101011>,31
2,5,|11010111>,33
2,5,|11101111>,26
2,5,|11010100>,30
2,5,|11100100>,31
2,5,|10110000>,27
2,5,|11010001>,31
2,5,|10110011>,39
2,5,|10001010>,19
2,5,|11011101>,39
2,5,|11000100>,32
2,5,|11110001>,16
2,5,|11100000>,28
2,5,|11010110>,35
2,5,|01101001>,16
2,5,|10101001>,30
2,5,|10011011>,31
2,5,|10101000>,35
2,5,|11011000>,26
2,5,|11101101>,31
2,5,|10101110>,41
2,5,|11101010>,38
2,5,|10101011>,30
2,5,|01100110>,11
2,5,|10101111>,19
2,5,|11010011>,30
2,5,|01111010>,17
2,5,|11011011>,25
2,5,|10000111>,20
2,5,|10001111>,35
2,5,|11011111>,28
2,5,|11101001>,38
2,5,|11000111>,27
2,5,|01010100>,6
2,5,|11001101>,33
2,5,|10111100>,31
2,5,|11000011>,24
2,5,|10000000>,17
2,5,|11101000>,33
2,5,|01111001>,17
2,5,|01011010>,11
2,5,|10100110>,23
2,5,|11001011>,33
2,5,|01100100>,10
2,5,|01111011>,17
2,5,|01111000>,17
2,5,|11001111>,22
2,5,|11010000>,40
2,5,|01100000>,10
2,5,|10001001>,20
2,5,|10100100>,29
2,5,|11110101>,26
2,5,|01011001>,5
2,5,|11111001>,18
2,5,|01011100>,9
2,5,|10100001>,36
2,5,|10010001>,22
2,5,|10001100>,24
2,5,|10010010>,23
2,5,|11111000>,32
2,5,|01001010>,2
2,5,|10000011>,18
2,5,|11110010>,18
2,5,|10011101>,30
2,5,|01001111>,9
2,5,|11000101>,36
2,5,|10001000>,20
2,5,|10000101>,19
2,5,|10111111>,33
2,5,|10011000>,13
2,5,|11000001>,27
2,5,|10011100>,29
2,5,|01010001>,7
2,5,|01111110>,16
2,5,|11100111>,28
2,5,|01101100>,17
2,5,|11001000>,36
2,5,|11011001>,24
2,5,|11001001>,26
2,5,|11100110>,26
2,5,|10100010>,23
2,5,|11011110>,30
2,5,|10100011>,32
2,5,|01100111>,10
2,5,|11111100>,22
2,5,|10010100>,24
2,5,|01011011>,12
2,5,|10110101>,30
2,5,|10111101>,40
2,5,|10000110>,24
2,5,|10101010>,24
2,5,|10010101>,29
2,5,|10000100>,19
2,5,|01111101>,20
2,5,|00000111>,2
2,5,|10000010>,17
2,5,|11100001>,22
2,5,|11000010>,33
2,5,|10010000>,23
2,5,|10100111>,22
2,5,|10011110>,18
2,5,|10011010>,16
2,5,|00001001>,3
2,5,|10110100>,26
2,5,|11111111>,21
2,5,|01010111>,9
2,5,|10110111>,45
2,5,|11110111>,21
2,5,|01101000>,13
2,5,|10110010>,26
2,5,|01110110>,15
2,5,|11111110>,19
2,5,|10010111>,24
2,5,|11100101>,27
2,5,|10010110>,21
2,5,|10111001>,24
2,5,|01110000>,9
2,5,|01111100>,25
2,5,|11110011>,25
2,5,|10011111>,36
2,5,|11010010>,32
2,5,|01011111>,8
2,5,|11110110>,24
2,5,|10100101>,26
2,5,|11110000>,27
2,5,|01110011>,19
2,5,|01010110>,5
2,5,|01000111>,4
2,5,|01100101>,13
2,5,|01110001>,13
2,5,|01001011>,4
2,5,|01110100>,15
2,5,|10111010>,26
2,5,|01000100>,2
2,5,|11101110>,26
2,5,|10011001>,13
2,5,|01100011>,7
2,5,|11001100>,30
2,5,|11000110>,24
2,5,|00000001>,5
2,5,|01110111>,20
2,5,|11010101>,33
2,5,|01101111>,18
2,5,|00000011>,2
2,5,|01100001>,8
2,5,|10001101>,12
2,5,|01101101>,17
2,5,|01010101>,6
2,5,|00000100>,3
2,5,|00111101>,3
2,5,|01000110>,4
2,5,|11110100>,24
2,5,|00111111>,3
2,5,|10101101>,26
2,5,|01101011>,12
2,5,|11111101>,18
2,5,|00001100>,1
2,5,|01101110>,11
2,5,|10111110>,24
2,5,|01011101>,13
2,5,|01010010>,7
2,5,|01001001>,6
2,5,|00000010>,2
2,5,|00010000>,1
2,5,|01001101>,5
2,5,|00111011>,4
2,5,|01000001>,3
2,5,|10110110>,24
2,5,|01010000>,4
2,5,|01110101>,17
2,5,|00001101>,1
2,5,|01000101>,4
2,5,|01001110>,5
2,5,|01011000>,5
2,5,|11111010>,17
2,5,|00001011>,1
2,5,|00001110>,2
2,5,|01010011>,3
2,5,|01001100>,3
2,5,|00010110>,1
2,5,|01100010>,9
2,5,|00010100>,2
2,5,|00000000>,6
2,5,|00110110>,1
2,5,|00000110>,5
2,5,|01000000>,1
2,5,|00001000>,1
2,5,|00110011>,1
2,5,|00010001>,1
2,5,|00111010>,1
2,5,|01000011>,2
2,5,|01001000>,2
2,5,|00111100>,1
2,5,|00000101>,2
2,5,|00111001>,1
2,5,|00111110>,1
2,5,|00110010>,1
2,6,|10101000>,21
2,6,|11001010>,29
2,6,|11010101>,31
2,6,|11100111>,30
2,6,|01111110>,22
2,6,|10111110>,30
2,6,|11011111>,23
2,6,|10001010>,19
2,6,|11110100>,25
2,6,|10011100>,25
2,6,|11000000>,36
2,6,|01101111>,11
2,6,|10111111>,38
2,6,|01011101>,7
2,6,|10010100>,24
2,6,|11111101>,30
2,6,|10101001>,35
2,6,|10100000>,24
2,6,|01100000>,9
2,6,|11101101>,25
2,6,|10000110>,14
2,6,|10001100>,30
2,6,|10011101>,22
2,6,|11001000>,31
2,6,|10110011>,30
2,6,|01011011>,12
2,6,|11110101>,30
2,6,|10010011>,21
2,6,|10011001>,34
2,6,|10111010>,28
2,6,|10111100>,33
2,6,|11011100>,32
2,6,|10110100>,34
2,6,|10100010>,23
2,6,|11111011>,27
2,6,|01110101>,18
2,6,|01101001>,16
2,6,|10110110>,30
2,6,|11110001>,24
2,6,|10000001>,22
2,6,|11010010>,38
2,6,|10000000>,12
2,6,|11001110>,20
2,6,|01111000>,17
2,6,|00111001>,2
2,6,|11101100>,21
2,6,|10111000>,32
2,6,|11110111>,21
2,6,|10101111>,24
2,6,|10101101>,22
2,6,|10001011>,18
2,6,|11101011>,28
2,6,|11011110>,29
2,6,|11111110>,22
2,6,|10001111>,21
2,6,|10101110>,27
2,6,|11000111>,37
2,6,|10010111>,24
2,6,|11000110>,37
2,6,|11001011>,26
2,6,|11101111>,31
2,6,|01111001>,9
2,6,|11000001>,36
2,6,|11100100>,33
2,6,|11100001>,24
2,6,|11110011>,27
2,6,|11101010>,25
2,6,|10011111>,21
2,6,|10110001>,28
2,6,|11011010>,30
2,6,|11010000>,23
2,6,|10100110>,29
2,6,|10010110>,30
2,6,|11001111>,31
2,6,|01001100>,4
2,6,|10100011>,25
2,6,|01010000>,7
2,6,|11100101>,26
2,6,|10001101>,21
2,6,|10010101>,33
2,6,|10101010>,29
2,6,|10100111>,25
2,6,|11100000>,26
2,6,|01101110>,13
2,6,|10001001>,17
2,6,|11000101>,28
2,6,|11010001>,33
2,6,|10100100>,33
2,6,|11100011>,35
2,6,|11011001>,32
2,6,|11000100>,26
2,6,|11010011>,33
2,6,|10110000>,32
2,6,|11101000>,26
2,6,|11001101>,29
2,6,|10110111>,38
2,6,|10101011>,31
2,6,|01010110>,7
2,6,|11111010>,26
2,6,|00001010>,4
2,6,|10101100>,31
2,6,|11100110>,31
2,6,|11111000>,27
2,6,|01001111>,5
2,6,|00000000>,3
2,6,|10010010>,29
2,6,|01101101>,11
2,6,|11000011>,21
2,6,|01000100>,3
2,6,|10111101>,28
2,6,|01010101>,8
2,6,|10100101>,25
2,6,|10011110>,30
2,6,|10001000>,19
2,6,|10100001>,33
2,6,|11101001>,23
2,6,|11011011>,34
2,6,|11110010>,18
2,6,|01001011>,5
2,6,|01100110>,9
2,6,|01110001>,14
2,6,|01011010>,10
2,6,|11111100>,22
2,6,|11110000>,17
2,6,|10110101>,39
2,6,|11110110>,28
2,6,|01100010>,12
2,6,|11010111>,33
2,6,|01101000>,16
2,6,|10011000>,29
2,6,|11101110>,21
2,6,|01010011>,10
2,6,|11001100>,19
2,6,|00000011>,6
2,6,|01110000>,18
2,6,|11000010>,34
2,6,|11010110>,39
2,6,|10001110>,24
2,6,|10000111>,29
2,6,|01111010>,22
2,6,|10011011>,21
2,6,|11011000>,31
2,6,|10111011>,33
2,6,|01111101>,16
2,6,|01001000>,3
2,6,|01001110>,4
2,6,|10000010>,15
2,6,|11011101>,27
2,6,|11111111>,21
2,6,|11100010>,17
2,6,|00110111>,1
2,6,|01011111>,6
2,6,|01110010>,19
2,6,|00010110>,2
2,6,|10010000>,26
2,6,|10111001>,32
2,6,|01011110>,7
2,6,|10000101>,22
2,6,|10010001>,22
2,6,|01101011>,10
2,6,|10011010>,19
2,6,|01100101>,8
2,6,|01110100>,11
2,6,|01111111>,18
2,6,|01110011>,18
2,6,|10110010>,30
2,6,|01010001>,7
2,6,|01001010>,3
2,6,|01101010>,11
2,6,|01100111>,5
2,6,|01010111>,4
2,6,|01110110>,14
2,6,|11111001>,18
2,6,|00001100>,1
2,6,|01011001>,7
2,6,|00111100>,2
2,6,|00010011>,1
2,6,|01111011>,14
2,6,|01111100>,16
2,6,|00000010>,2
2,6,|01110111>,7
2,6,|01010010>,6
2,6,|01100011>,11
2,6,|00001000>,3
2,6,|00001011>,5
2,6,|10000100>,13
2,6,|11001001>,29
2,6,|01100001>,13
2,6,|01000111>,3
2,6,|01010100>,5
2,6,|10000011>,12
2,6,|11010100>,30
2,6,|01000000>,3
2,6,|01000101>,2
2,6,|01011000>,6
2,6,|01100100>,16
2,6,|00000111>,4
2,6,|01000110>,1
2,6,|00001110>,3
2,6,|00101111>,1
2,6,|00111110>,3
2,6,|01101100>,5
2,6,|00010010>,1
2,6,|01001101>,3
2,6,|00111011>,2
2,6,|01000001>,2
2,6,|01011100>,9
2,6,|00111111>,2
2,6,|00000100>,3
2,6,|00000001>,3
2,6,|00000110>,3
2,6,|00001001>,1
2,6,|00000101>,2
2,6,|00110101>,1
2,6,|01000010>,1
2,6,|00111101>,2
2,6,|00001111>,1
2,6,|00001101>,1
2,7,|10000110>,22
2,7,|11111001>,27
2,7,|11111101>,31
2,7,|11101110>,33
2,7,|11100011>,41
2,7,|01110111>,18
2,7,|11101001>,31
2,7,|11101000>,26
2,7,|01101000>,16
2,7,|11001000>,34
2,7,|11110011>,28
2,7,|10101011>,22
2,7,|01110010>,10
2,7,|11101010>,36
2,7,|10010101>,27
2,7,|10100111>,26
2,7,|10011100>,21
2,7,|01111010>,21
2,7,|11110001>,25
2,7,|10110000>,29
2,7,|10000000>,12
2,7,|10111111>,16
2,7,|10100000>,28
2,7,|11101011>,21
2,7,|11001011>,26
2,7,|11000010>,31
2,7,|00111110>,2
2,7,|10000001>,23
2,7,|10011101>,25
2,7,|11111100>,24
2,7,|10001000>,17
2,7,|10001100>,16
2,7,|10011110>,22
2,7,|11010000>,28
2,7,|10101101>,25
2,7,|01110000>,13
2,7,|01010010>,10
2,7,|11011001>,26
2,7,|11011000>,30
2,7,|10111001>,16
2,7,|10000010>,20
2,7,|11000001>,35
2,7,|01110011>,16
2,7,|10110101>,32
2,7,|11100100>,35
2,7,|11011011>,31
2,7,|11000101>,37
2,7,|10110100>,27
2,7,|11111111>,24
2,7,|10110001>,27
2,7,|10100101>,30
2,7,|11110111>,24
2,7,|11001100>,38
2,7,|10010000>,14
2,7,|10100001>,31
2,7,|11110100>,27
2,7,|11010110>,36
2,7,|10100010>,26
2,7,|01001111>,4
2,7,|11001101>,35
2,7,|11000011>,31
2,7,|00110110>,3
2,7,|10101010>,23
2,7,|10001010>,24
2,7,|01101101>,15
2,7,|11110110>,22
2,7,|11001001>,19
2,7,|11010100>,25
2,7,|11000111>,30
2,7,|10101100>,21
2,7,|10100100>,30
2,7,|10010010>,16
2,7,|01101010>,14
2,7,|11101111>,26
2,7,|10011010>,33
2,7,|10011011>,27
2,7,|11101100>,25
2,7,|01010001>,4
2,7,|10110011>,28
2,7,|00111010>,3
2,7,|10010011>,32
2,7,|10100110>,24
2,7,|10111000>,36
2,7,|01100111>,18
2,7,|10000111>,26
2,7,|11100111>,36
2,7,|10010110>,30
2,7,|10101000>,34
2,7,|11100001>,39
2,7,|10001101>,23
2,7,|11100101>,24
2,7,|01010011>,5
2,7,|11111010>,15
2,7,|10010111>,30
2,7,|10110010>,24
2,7,|11111011>,20
2,7,|01101001>,15
2,7,|10010001>,23
2,7,|01100100>,10
2,7,|11001111>,30
2,7,|00000001>,7
2,7,|11111110>,24
2,7,|10000101>,26
2,7,|11000100>,23
2,7,|10111100>,32
2,7,|11010001>,36
2,7,|10011111>,23
2,7,|11011010>,38
2,7,|11010101>,25
2,7,|11001110>,36
2,7,|00001101>,4
2,7,|11011101>,21
2,7,|10111010>,32
2,7,|00110100>,1
2,7,|01101011>,13
2,7,|01100001>,8
2,7,|10111110>,41
2,7,|11000110>,36
2,7,|11101101>,22
2,7,|10011000>,26
2,7,|10001110>,14
2,7,|11100010>,25
2,7,|10001011>,21
2,7,|11000000>,32
2,7,|11111000>,17
2,7,|11001010>,28
2,7,|00010111>,1
2,7,|10101001>,30
2,7,|01001011>,4
2,7,|01011001>,17
2,7,|10011001>,19
2,7,|01111101>,12
2,7,|11110101>,20
2,7,|10000100>,19
2,7,|01110101>,13
2,7,|11100110>,25
2,7,|10000011>,28
2,7,|10110110>,30
2,7,|01000111>,3
2,7,|01000100>,2
2,7,|11011111>,33
2,7,|10010100>,25
2,7,|01010111>,10
2,7,|01011000>,6
2,7,|01110100>,13
2,7,|11011100>,26
2,7,|01011101>,7
2,7,|11100000>,31
2,7,|10110111>,33
2,7,|11110000>,20
2,7,|11110010>,21
2,7,|10111101>,34
2,7,|01111110>,13
2,7,|00000110>,2
2,7,|11010010>,28
2,7,|01101111>,12
2,7,|01100000>,9
2,7,|01011111>,10
2,7,|01001100>,4
2,7,|01011010>,12
2,7,|11010111>,27
2,7,|01001101>,5
2,7,|00000011>,2
2,7,|10001001>,30
2,7,|11011110>,29
2,7,|11010011>,23
2,7,|01011110>,6
2,7,|01111111>,18
2,7,|10100011>,23
2,7,|01111011>,11
2,7,|01111100>,12
2,7,|10101110>,30
2,7,|10101111>,31
2,7,|01100011>,10
2,7,|01000010>,5
2,7,|10111011>,21
2,7,|01110001>,17
2,7,|01001000>,5
2,7,|01010110>,6
2,7,|01100010>,8
2,7,|00010100>,2
2,7,|00110101>,2
2,7,|01100110>,9
2,7,|00001011>,5
2,7,|00000010>,6
2,7,|01000011>,2
2,7,|01011100>,8
2,7,|01110110>,18
2,7,|01100101>,13
2,7,|01001010>,3
2,7,|01111001>,17
2,7,|01101110>,12
2,7,|01010000>,1
2,7,|01111000>,9
2,7,|10001111>,18
2,7,|00111001>,2
2,7,|01010101>,7
2,7,|01010100>,3
2,7,|00000101>,1
2,7,|01000000>,4
2,7,|00111100>,4
2,7,|00001100>,3
2,7,|00001000>,4
2,7,|00000000>,5
2,7,|00011011>,2
2,7,|00111011>,1
2,7,|00001001>,1
2,7,|01000101>,3
2,7,|00000100>,3
2,7,|00110010>,1
2,7,|01101100>,8
2,7,|01001001>,4
2,7,|01011011>,4
2,7,|01001110>,3
2,7,|00010000>,3
2,7,|00000111>,1
2,7,|01000001>,1
2,7,|00011000>,1
2,7,|00100000>,1
2,7,|00001111>,2
2,8,|10001110>,21
2,8,|11101001>,19
2,8,|10100011>,23
2,8,|11011101>,28
2,8,|11111001>,19
2,8,|11110101>,28
2,8,|10100100>,29
2,8,|11000010>,34
2,8,|10100000>,24
2,8,|10000001>,16
2,8,|11101111>,27
2,8,|11110001>,34
2,8,|11001011>,33
2,8,|10110101>,21
2,8,|10011110>,23
2,8,|10100010>,38
2,8,|01101011>,16
2,8,|11110100>,23
2,8,|10010101>,34
2,8,|10101110>,29
2,8,|11111110>,27
2,8,|01111100>,20
2,8,|01101110>,10
2,8,|11100111>,24
2,8,|10011101>,25
2,8,|11011001>,34
2,8,|11001110>,29
2,8,|10110010>,29
2,8,|11001101>,30
2,8,|11101100>,23
2,8,|11110111>,27
2,8,|11101000>,32
2,8,|11011110>,33
2,8,|11010101>,33
2,8,|11000100>,36
2,8,|01101100>,12
2,8,|10111101>,39
2,8,|11001000>,18
2,8,|11001010>,39
2,8,|11011111>,29
2,8,|11101101>,30
2,8,|10111110>,34
2,8,|11010110>,25
2,8,|10000000>,20
2,8,|10000101>,20
2,8,|11111010>,27
2,8,|10100001>,31
2,8,|10111100>,32
2,8,|10111010>,25
2,8,|11010001>,29
2,8,|11111100>,26
2,8,|01110000>,19
2,8,|10100101>,32
2,8,|11000111>,36
2,8,|11100010>,23
2,8,|11100100>,45
2,8,|11000110>,35
2,8,|10110001>,24
2,8,|01011111>,7
2,8,|01010010>,10
2,8,|10101010>,30
2,8,|10010111>,18
2,8,|11000000>,36
2,8,|10110110>,27
2,8,|10011111>,25
2,8,|01111000>,19
2,8,|10101001>,23
2,8,|11011100>,33
2,8,|10000100>,28
2,8,|10000011>,19
2,8,|00111000>,1
2,8,|11100000>,27
2,8,|01100101>,9
2,8,|00000101>,2
2,8,|10010100>,20
2,8,|11111111>,24
2,8,|11000011>,36
2,8,|11110010>,33
2,8,|10110011>,29
2,8,|10100110>,19
2,8,|01001011>,3
2,8,|11110000>,28
2,8,|01011110>,8
2,8,|10001101>,22
2,8,|11001111>,23
2,8,|01100001>,13
2,8,|01010001>,6
2,8,|11011010>,32
2,8,|10111001>,31
2,8,|10010010>,7
2,8,|01100011>,15
2,8,|10101000>,24
2,8,|11000101>,25
2,8,|10100111>,31
2,8,|01000111>,2
2,8,|11000001>,31
2,8,|10001111>,23
2,8,|11100110>,25
2,8,|01110011>,18
2,8,|01001110>,3
2,8,|11111101>,24
2,8,|10001010>,19
2,8,|11001100>,27
2,8,|10011010>,34
2,8,|10111000>,22
2,8,|10111011>,32
2,8,|11100001>,25
2,8,|10010000>,24
2,8,|10000110>,23
2,8,|01111010>,19
2,8,|01100010>,13
2,8,|10011100>,19
2,8,|01011001>,5
2,8,|10001000>,26
2,8,|10001011>,28
2,8,|11101011>,36
2,8,|10101101>,38
2,8,|10101011>,19
2,8,|01101001>,6
2,8,|10110111>,27
2,8,|11101110>,24
2,8,|01101111>,14
2,8,|11010010>,34
2,8,|01011000>,9
2,8,|11111000>,24
2,8,|11010111>,25
2,8,|10110000>,18
2,8,|11011011>,33
2,8,|11100011>,36
2,8,|01111111>,22
2,8,|10010011>,20
2,8,|10101111>,32
2,8,|10110100>,42
2,8,|11100101>,36
2,8,|01010100>,10
2,8,|11010011>,30
2,8,|10011001>,23
2,8,|10001001>,18
2,8,|10011000>,20
2,8,|01100000>,9
2,8,|10000010>,18
2,8,|11101010>,25
2,8,|01010101>,9
2,8,|10010001>,24
2,8,|01111011>,17
2,8,|10001100>,19
2,8,|11001001>,28
2,8,|11011000>,29
2,8,|11010100>,36
2,8,|01101010>,7
2,8,|01101101>,9
2,8,|11110011>,28
2,8,|00000011>,3
2,8,|00010001>,4
2,8,|01111110>,12
2,8,|01111001>,11
2,8,|11110110>,20
2,8,|01011010>,6
2,8,|01110111>,14
2,8,|11111011>,17
2,8,|10011011>,19
2,8,|01110001>,15
2,8,|01111101>,13
2,8,|01101000>,14
2,8,|11010000>,32
2,8,|10111111>,28
2,8,|00110000>,2
2,8,|01100111>,11
2,8,|10101100>,25
2,8,|01001111>,2
2,8,|01001000>,5
2,8,|01110110>,15
2,8,|01110100>,8
2,8,|10000111>,13
2,8,|01110101>,11
2,8,|00111010>,1
2,8,|01110010>,13
2,8,|10010110>,25
2,8,|01011100>,6
2,8,|01000100>,2
2,8,|00111100>,3
2,8,|00111111>,2
2,8,|00000111>,2
2,8,|01000110>,3
2,8,|01000011>,2
2,8,|00110011>,1
2,8,|01010110>,7
2,8,|01010011>,5
2,8,|01100110>,11
2,8,|01010000>,5
2,8,|00101100>,1
2,8,|01011101>,6
2,8,|01001010>,3
2,8,|01100100>,7
2,8,|00010000>,2
2,8,|01001001>,2
2,8,|01000010>,2
2,8,|00000001>,5
2,8,|00001100>,1
2,8,|00111101>,1
2,8,|01000101>,3
2,8,|00010100>,2
2,8,|00000000>,1
2,8,|00001011>,3
2,8,|01001100>,3
2,8,|01011011>,4
2,8,|00001000>,4
2,8,|01001101>,2
2,8,|00000100>,4
2,8,|00110110>,3
2,8,|00010011>,1
2,8,|01010111>,2
2,8,|00010101>,1
2,8,|00011001>,1
2,8,|00010010>,2
2,8,|00011011>,1
2,8,|00000010>,3
2,8,|00011000>,1
2,8,|00000110>,2
2,8,|00111011>,1
2,8,|01000000>,4
2,8,|00001010>,2
2,8,|00110001>,1
2,8,|00111001>,2
2,8,|00111110>,1
2,8,|00110010>,1
2,8,|00001101>,1
2,8,|01000001>,1
2,8,|00001001>,1
2,9,|10111101>,29
2,9,|11110010>,28
2,9,|11001000>,35
2,9,|01010111>,8
2,9,|11110110>,31
2,9,|10000110>,36
2,9,|10111110>,36
2,9,|10101101>,26
2,9,|11000000>,24
2,9,|11110100>,19
2,9,|01110111>,21
2,9,|10101011>,31
2,9,|11110001>,23
2,9,|01110011>,12
2,9,|10011111>,40
2,9,|10100000>,24
2,9,|10000010>,14
2,9,|01111111>,19
2,9,|11101000>,37
2,9,|00101100>,2
2,9,|11011001>,31
2,9,|10101110>,29
2,9,|10101001>,28
2,9,|11101100>,22
2,9,|10111011>,28
2,9,|11100101>,28
2,9,|11011100>,32
2,9,|11001001>,38
2,9,|01011101>,8
2,9,|11000111>,37
2,9,|10010110>,22
2,9,|11101101>,19
2,9,|11000100>,26
2,9,|11100011>,37
2,9,|11100111>,27
2,9,|11111101>,21
2,9,|11001100>,19
2,9,|11000001>,22
2,9,|10111010>,30
2,9,|11010001>,23
2,9,|11011110>,33
2,9,|10110111>,27
2,9,|10011001>,23
2,9,|11100001>,26
2,9,|01110101>,16
2,9,|10010111>,24
2,9,|10100010>,35
2,9,|10010001>,25
2,9,|01110110>,19
2,9,|00010101>,1
2,9,|01101011>,11
2,9,|01110001>,10
2,9,|10010011>,19
2,9,|11001110>,28
2,9,|01101001>,21
2,9,|11100100>,32
2,9,|11101010>,24
2,9,|10110000>,22
2,9,|11011111>,36
2,9,|01011110>,5
2,9,|10010000>,31
2,9,|10100101>,28
2,9,|10100110>,28
2,9,|10001110>,17
2,9,|11111001>,26
2,9,|10000011>,24
2,9,|01011111>,12
2,9,|10101000>,25
2,9,|10000001>,16
2,9,|01011000>,9
2,9,|00000010>,7
2,9,|11010101>,29
2,9,|11100110>,28
2,9,|11001011>,33
2,9,|11111000>,19
2,9,|10011000>,16
2,9,|01111011>,12
2,9,|01101110>,9
2,9,|11101011>,24
2,9,|10001101>,11
2,9,|10100111>,30
2,9,|11010010>,33
2,9,|10110001>,28
2,9,|11000010>,29
2,9,|10111000>,40
2,9,|10000100>,20
2,9,|11111100>,25
2,9,|01101111>,10
2,9,|10011100>,26
2,9,|01100000>,15
2,9,|10001111>,21
2,9,|10011110>,29
2,9,|00111100>,2
2,9,|10111111>,30
2,9,|11011000>,26
2,9,|11010111>,28
2,9,|11000110>,27
2,9,|01101010>,12
2,9,|11000101>,36
2,9,|11111111>,29
2,9,|11101110>,24
2,9,|01111100>,15
2,9,|10110101>,22
2,9,|11010100>,32
2,9,|01010011>,7
2,9,|10011010>,31
2,9,|10011101>,38
2,9,|01011001>,8
2,9,|10100001>,32
2,9,|10111001>,31
2,9,|00110010>,1
2,9,|11111010>,27
2,9,|01111001>,21
2,9,|01111010>,11
2,9,|10000111>,28
2,9,|11110000>,31
2,9,|10010101>,21
2,9,|11011011>,41
2,9,|11111110>,18
2,9,|11100000>,26
2,9,|10000101>,19
2,9,|11000011>,36
2,9,|10101010>,27
2,9,|01101000>,11
2,9,|10101100>,26
2,9,|10111100>,26
2,9,|11010011>,26
2,9,|01011100>,8
2,9,|11010110>,29
2,9,|01101100>,12
2,9,|01001111>,9
2,9,|01110100>,12
2,9,|01100110>,15
2,9,|01010110>,7
2,9,|01010000>,5
2,9,|10001100>,18
2,9,|10100100>,24
2,9,|11001101>,27
2,9,|01111000>,13
2,9,|11110111>,20
2,9,|01100101>,11
2,9,|10101111>,30
2,9,|01100100>,9
2,9,|01110000>,11
2,9,|10110010>,34
2,9,|11001010>,35
2,9,|10110011>,22
2,9,|01100111>,8
2,9,|01000100>,2
2,9,|11011010>,31
2,9,|01100001>,10
2,9,|01111110>,21
2,9,|01010101>,9
2,9,|00001001>,3
2,9,|01000101>,3
2,9,|10010010>,25
2,9,|11101111>,28
2,9,|00011000>,1
2,9,|01101101>,12
2,9,|10001001>,23
2,9,|11110011>,32
2,9,|01100011>,16
2,9,|00010000>,1
2,9,|10100011>,25
2,9,|01100010>,11
2,9,|10001010>,18
2,9,|01000000>,1
2,9,|01000011>,2
2,9,|01010001>,5
2,9,|10110110>,25
2,9,|10011011>,27
2,9,|01001010>,4
2,9,|00110000>,2
2,9,|10001011>,19
2,9,|11001111>,14
2,9,|01110010>,12
2,9,|10110100>,20
2,9,|01001011>,4
2,9,|01001001>,5
2,9,|11010000>,41
2,9,|11100010>,25
2,9,|00001011>,3
2,9,|11110101>,27
2,9,|11111011>,28
2,9,|10010100>,17
2,9,|01111101>,15
2,9,|10000000>,16
2,9,|00001110>,3
2,9,|11101001>,21
2,9,|11011101>,23
2,9,|10001000>,20
2,9,|00111111>,1
2,9,|01010100>,3
2,9,|00001100>,4
2,9,|01000001>,7
2,9,|00110101>,1
2,9,|01001101>,3
2,9,|00111110>,4
2,9,|00000011>,4
2,9,|00111101>,3
2,9,|01010010>,6
2,9,|00001000>,3
2,9,|01001100>,5
2,9,|01011011>,8
2,9,|00010100>,1
2,9,|00000100>,2
2,9,|00010110>,1
2,9,|00000111>,4
2,9,|01001110>,2
2,9,|00000000>,4
2,9,|00000001>,1
2,9,|00010010>,1
2,9,|00001101>,3
2,9,|00111001>,3
2,9,|00000101>,1
2,9,|01011010>,3
2,9,|00010001>,2
2,9,|00110110>,1
2,9,|00001111>,2
2,9,|00110111>,1
2,9,|00111011>,1
2,9,|01001000>,2
2,9,|01000110>,1
2,9,|00111000>,1
2,9,|00110100>,1
2,9,|00010011>,2
2,10,|11111011>,29
2,10,|10011101>,25
2,10,|11010001>,34
2,10,|10001100>,26
2,10,|10001101>,27
2,10,|11001010>,31
2,10,|11111010>,25
2,10,|10001111>,30
2,10,|10110101>,24
2,10,|10101010>,19
2,10,|10110011>,24
2,10,|11101010>,23
2,10,|11101100>,24
2,10,|11101110>,22
2,10,|10111000>,32
2,10,|10100011>,31
2,10,|11000001>,32
2,10,|11100011>,33
2,10,|11000111>,39
2,10,|11000101>,34
2,10,|10010110>,27
2,10,|10110001>,30
2,10,|10101110>,29
2,10,|01000000>,3
2,10,|11110110>,30
2,10,|11101101>,26
2,10,|01110000>,20
2,10,|01010101>,6
2,10,|11100111>,28
2,10,|11001100>,32
2,10,|01111100>,16
2,10,|10111101>,24
2,10,|10001000>,15
2,10,|11001001>,34
2,10,|01100001>,13
2,10,|10111100>,33
2,10,|10001011>,17
2,10,|01110110>,14
2,10,|11100010>,33
2,10,|11100101>,33
2,10,|11010110>,40
2,10,|11101111>,44
2,10,|11110011>,30
2,10,|11111001>,30
2,10,|10111110>,24
2,10,|11100100>,25
2,10,|10110010>,24
2,10,|10110110>,39
2,10,|10100001>,27
2,10,|10011110>,38
2,10,|01110100>,13
2,10,|10011010>,19
2,10,|11101001>,34
2,10,|11001110>,25
2,10,|01100011>,12
2,10,|01100110>,9
2,10,|10011000>,27
2,10,|10110100>,26
2,10,|10000010>,13
2,10,|10100000>,34
2,10,|11100000>,31
2,10,|01100100>,9
2,10,|11100110>,32
2,10,|11110000>,19
2,10,|11011011>,28
2,10,|10100110>,29
2,10,|10000011>,12
2,10,|11110111>,28
2,10,|10010101>,18
2,10,|11110010>,30
2,10,|10111011>,33
2,10,|01111110>,19
2,10,|10001001>,12
2,10,|10100101>,25
2,10,|11011111>,24
2,10,|10000101>,20
2,10,|01101101>,14
2,10,|11000110>,25
2,10,|01010110>,9
2,10,|11000010>,24
2,10,|10001110>,19
2,10,|10011111>,25
2,10,|10100100>,25
2,10,|01100111>,14
2,10,|11011101>,30
2,10,|10101111>,32
2,10,|10100111>,28
2,10,|11010100>,28
2,10,|01000001>,3
2,10,|11111000>,26
2,10,|11011110>,28
2,10,|01111011>,12
2,10,|10011011>,37
2,10,|11110100>,34
2,10,|11011100>,40
2,10,|11010000>,30
2,10,|10000110>,20
2,10,|01011010>,10
2,10,|11101011>,29
2,10,|01110010>,22
2,10,|11111100>,31
2,10,|10110111>,21
2,10,|10100010>,16
2,10,|11111101>,31
2,10,|10010001>,29
2,10,|01100010>,6
2,10,|01010100>,7
2,10,|11010111>,42
2,10,|11010101>,18
2,10,|11011010>,29
2,10,|10010010>,25
2,10,|10011100>,21
2,10,|01111111>,11
2,10,|11101000>,27
2,10,|10000000>,12
2,10,|11001111>,27
2,10,|10101000>,37
2,10,|10111010>,30
2,10,|10000001>,22
2,10,|10110000>,37
2,10,|11011001>,26
2,10,|01111001>,14
2,10,|10010000>,24
2,10,|11110001>,21
2,10,|01011111>,4
2,10,|11000100>,24
2,10,|10111111>,27
2,10,|10011001>,24
2,10,|10101001>,23
2,10,|01100000>,8
2,10,|11001101>,29
2,10,|11010010>,29
2,10,|01111000>,18
2,10,|10010011>,18
2,10,|01111101>,19
2,10,|10101011>,37
2,10,|10000111>,16
2,10,|01100101>,16
2,10,|01011110>,5
2,10,|01101011>,16
2,10,|00000010>,3
2,10,|11001000>,28
2,10,|11000000>,35
2,10,|11010011>,43
2,10,|01111010>,15
2,10,|10101101>,19
2,10,|01101010>,15
2,10,|01101000>,9
2,10,|11111111>,21
2,10,|01101100>,14
2,10,|11011000>,23
2,10,|01101110>,12
2,10,|00000011>,4
2,10,|00001111>,4
2,10,|11000011>,30
2,10,|01011100>,6
2,10,|01011000>,10
2,10,|01010001>,4
2,10,|11111110>,19
2,10,|10101100>,18
2,10,|10001010>,19
2,10,|10010111>,26
2,10,|01010000>,4
2,10,|01101001>,8
2,10,|01000100>,3
2,10,|11001011>,32
2,10,|00000101>,6
2,10,|01001100>,3
2,10,|00111010>,1
2,10,|00110101>,1
2,10,|01001011>,2
2,10,|01011101>,6
2,10,|00000000>,2
2,10,|10010100>,30
2,10,|01101111>,12
2,10,|01110101>,20
2,10,|01110001>,12
2,10,|11110101>,21
2,10,|10111001>,20
2,10,|01000010>,4
2,10,|00111011>,1
2,10,|01110011>,13
2,10,|01001001>,2
2,10,|01011011>,5
2,10,|11100001>,22
2,10,|10000100>,19
2,10,|00011100>,1
2,10,|01110111>,13
2,10,|01001110>,4
2,10,|01000101>,3
2,10,|00111101>,4
2,10,|01011001>,6
2,10,|01000011>,4
2,10,|00001110>,1
2,10,|01001111>,3
2,10,|01010111>,5
2,10,|01010010>,7
2,10,|00110010>,2
2,10,|00010011>,1
2,10,|00001000>,2
2,10,|00001101>,2
2,10,|00110110>,2
2,10,|01000110>,3
2,10,|00111001>,3
2,10,|01000111>,3
2,10,|01001000>,2
2,10,|00000110>,2
2,10,|00000001>,3
2,10,|00111100>,2
2,10,|01001010>,3
2,10,|00000111>,4
2,10,|01010011>,4
2,10,|00111000>,1
2,10,|00000100>,1
2,10,|00001001>,1
2,10,|00010001>,1
2,10,|00010110>,1
2,10,|00010000>,1
2,10,|01001101>,3
2,10,|00110001>,1
2,10,|00001100>,1
2,11,|10011001>,22
2,11,|01000101>,5
2,11,|11011110>,32
2,11,|11010100>,33
2,11,|10001010>,18
2,11,|10010101>,22
2,11,|11000011>,33
2,11,|11111101>,20
2,11,|01000111>,5
2,11,|11111111>,26
2,11,|10101010>,32
2,11,|11011101>,29
2,11,|11011001>,30
2,11,|10101110>,21
2,11,|10111110>,30
2,11,|01101000>,16
2,11,|11110001>,28
2,11,|10001111>,23
2,11,|01110100>,21
2,11,|10101011>,28
2,11,|10001101>,23
2,11,|10000110>,27
2,11,|01110000>,13
2,11,|01100010>,9
2,11,|10101101>,27
2,11,|11001110>,30
2,11,|10111001>,34
2,11,|11111110>,24
2,11,|11100101>,34
2,11,|11000001>,38
2,11,|11101000>,37
2,11,|11110110>,29
2,11,|01011111>,10
2,11,|10010100>,21
2,11,|11001101>,38
2,11,|10001100>,15
2,11,|10100110>,26
2,11,|10111011>,27
2,11,|11100000>,29
2,11,|10111010>,38
2,11,|11101110>,29
2,11,|01111101>,19
2,11,|11010010>,29
2,11,|01011101>,9
2,11,|10110011>,27
2,11,|01110111>,12
2,11,|11100100>,22
2,11,|10001011>,15
2,11,|10111111>,26
2,11,|10100111>,23
2,11,|00000000>,6
2,11,|01110010>,16
2,11,|11001011>,29
2,11,|11000100>,26
2,11,|11001000>,33
2,11,|10110001>,26
2,11,|11010110>,25
2,11,|10010110>,24
2,11,|10011011>,29
2,11,|11101001>,25
2,11,|11010001>,29
2,11,|10101111>,19
2,11,|10011110>,27
2,11,|11111100>,23
2,11,|11001001>,32
2,11,|11001100>,33
2,11,|10011000>,25
2,11,|11101100>,27
2,11,|11111000>,31
2,11,|01111100>,16
2,11,|10111101>,27
2,11,|01111000>,17
2,11,|01101011>,12
2,11,|10100001>,29
2,11,|11101011>,29
2,11,|11000111>,31
2,11,|01101010>,8
2,11,|11011010>,30
2,11,|11110000>,23
2,11,|10111000>,36
2,11,|10110110>,32
2,11,|11011000>,30
2,11,|01100001>,10
2,11,|10100000>,31
2,11,|10001000>,30
2,11,|10100100>,28
2,11,|11101010>,32
2,11,|10000100>,20
2,11,|10011010>,30
2,11,|10001110>,23
2,11,|10010001>,19
2,11,|11100111>,36
2,11,|00111011>,3
2,11,|10000001>,22
2,11,|10000000>,22
2,11,|11110011>,28
2,11,|10100101>,30
2,11,|11001010>,45
2,11,|11101101>,20
2,11,|11100110>,34
2,11,|10010111>,18
2,11,|11011100>,21
2,11,|11010111>,33
2,11,|01010001>,6
2,11,|10110000>,22
2,11,|10010000>,24
2,11,|10101100>,37
2,11,|10000011>,27
2,11,|11010011>,27
2,11,|10011101>,21
2,11,|11011111>,36
2,11,|10100010>,25
2,11,|01101111>,10
2,11,|11000010>,26
2,11,|01101100>,16
2,11,|01111001>,19
2,11,|10110111>,29
2,11,|01011100>,14
2,11,|11100010>,22
2,11,|01111011>,22
2,11,|11000110>,20
2,11,|01111111>,17
2,11,|01010011>,6
2,11,|10011111>,24
2,11,|01101110>,15
2,11,|01101001>,8
2,11,|01100101>,8
2,11,|00000110>,3
2,11,|10001001>,14
2,11,|10000111>,14
2,11,|01100100>,9
2,11,|11000000>,32
2,11,|01011000>,5
2,11,|01111010>,23
2,11,|11101111>,29
2,11,|11001111>,24
2,11,|10000010>,23
2,11,|01110001>,12
2,11,|10110100>,28
2,11,|10100011>,22
2,11,|11011011>,28
2,11,|10111100>,25
2,11,|01110110>,13
2,11,|01110101>,12
2,11,|10101000>,21
2,11,|10000101>,17
2,11,|11100001>,26
2,11,|11010101>,23
2,11,|11110100>,34
2,11,|00000111>,3
2,11,|10010011>,25
2,11,|01001110>,3
2,11,|11111010>,27
2,11,|10110010>,19
2,11,|11010000>,27
2,11,|11100011>,24
2,11,|11110101>,27
2,11,|01010100>,7
2,11,|11000101>,32
2,11,|01111110>,14
2,11,|00001110>,2
2,11,|01010110>,6
2,11,|00001001>,6
2,11,|01100000>,9
2,11,|00110101>,1
2,11,|01000001>,3
2,11,|01010000>,7
2,11,|01110011>,21
2,11,|11111001>,26
2,11,|10010010>,18
2,11,|10110101>,21
2,11,|01001010>,3
2,11,|01000011>,1
2,11,|00001010>,2
2,11,|11110111>,24
2,11,|00111000>,2
2,11,|01000010>,2
2,11,|01011011>,8
2,11,|01100011>,14
2,11,|00010110>,1
2,11,|01011001>,6
2,11,|11110010>,16
2,11,|00010001>,1
2,11,|10011100>,23
2,11,|00001100>,1
2,11,|11111011>,29
2,11,|01010010>,6
2,11,|01011110>,9
2,11,|10101001>,29
2,11,|01100111>,14
2,11,|00111100>,3
2,11,|00111110>,3
2,11,|01000100>,5
2,11,|00000011>,4
2,11,|01101101>,13
2,11,|00001011>,2
2,11,|01001000>,4
2,11,|00001000>,5
2,11,|01100110>,6
2,11,|01000000>,2
2,11,|00010111>,2
2,11,|01000110>,3
2,11,|00111101>,2
2,11,|01011010>,8
2,11,|00110100>,2
2,11,|01010111>,4
2,11,|00111010>,2
2,11,|01010101>,5
2,11,|00110110>,2
2,11,|00010010>,2
2,11,|00110001>,2
2,11,|01001111>,3
2,11,|01001011>,3
2,11,|01001100>,2
2,11,|00010100>,1
2,11,|00111111>,1
2,11,|00101100>,1
2,11,|00011100>,1
2,11,|01001001>,1
2,11,|00010101>,1
2,11,|01001101>,3
2,11,|00000001>,2
2,11,|00000010>,1
2,11,|00110000>,2
2,11,|00100001>,1
2,11,|00011010>,1
2,12,|10111110>,37
2,12,|11011011>,20
2,12,|10101010>,26
2,12,|01001100>,5
2,12,|11101010>,40
2,12,|11011111>,32
2,12,|10111000>,31
2,12,|10010110>,29
2,12,|10100111>,28
2,12,|11011110>,34
2,12,|11100000>,33
2,12,|11100101>,26
2,12,|11000110>,30
2,12,|11000100>,43
2,12,|01010011>,3
2,12,|01010101>,9
2,12,|01011000>,6
2,12,|11000000>,30
2,12,|11110001>,31
2,12,|10010111>,36
2,12,|01101111>,13
2,12,|10100001>,32
2,12,|00111110>,4
2,12,|01101101>,17
2,12,|10101111>,28
2,12,|10011100>,22
2,12,|11001011>,33
2,12,|11010101>,25
2,12,|11010100>,34
2,12,|10000100>,16
2,12,|10010010>,29
2,12,|11100010>,24
2,12,|10001011>,30
2,12,|10110101>,30
2,12,|11101111>,28
2,12,|10011110>,45
2,12,|10001111>,20
2,12,|10110000>,24
2,12,|11011010>,36
2,12,|00000010>,3
2,12,|11011100>,29
2,12,|01110001>,17
2,12,|10101110>,22
2,12,|11000101>,20
2,12,|10011011>,26
2,12,|10010000>,27
2,12,|10011010>,29
2,12,|11111001>,23
2,12,|11110011>,24
2,12,|10001001>,19
2,12,|11100001>,40
2,12,|11001101>,32
2,12,|11010010>,27
2,12,|10000101>,16
2,12,|01110100>,11
2,12,|10100010>,22
2,12,|11110111>,28
2,12,|11000011>,30
2,12,|10001110>,18
2,12,|01001101>,5
2,12,|10010100>,22
2,12,|10111111>,34
2,12,|10100011>,27
2,12,|11111100>,24
2,12,|01000011>,2
2,12,|11111101>,17
2,12,|10001100>,19
2,12,|11001100>,33
2,12,|10001010>,24
2,12,|01110110>,19
2,12,|10001000>,21
2,12,|10111001>,29
2,12,|10000111>,18
2,12,|11000111>,28
2,12,|01100101>,13
2,12,|01111010>,16
2,12,|00111001>,1
2,12,|11101011>,41
2,12,|10110110>,32
2,12,|10111011>,27
2,12,|11110000>,24
2,12,|01110101>,20
2,12,|10110001>,22
2,12,|00011010>,1
2,12,|11101001>,31
2,12,|10110010>,23
2,12,|11010011>,25
2,12,|11100011>,22
2,12,|10100110>,24
2,12,|01011001>,7
2,12,|11111011>,31
2,12,|10010101>,19
2,12,|10011001>,24
2,12,|10000011>,21
2,12,|11100111>,31
2,12,|11010000>,38
2,12,|01100011>,7
2,12,|10111010>,33
2,12,|11101100>,17
2,12,|10001101>,22
2,12,|10101100>,33
2,12,|11010111>,28
2,12,|11011001>,33
2,12,|10110100>,32
2,12,|10010011>,20
2,12,|10101000>,21
2,12,|11111010>,23
2,12,|11111110>,29
2,12,|11110101>,29
2,12,|10000000>,9
2,12,|10000110>,16
2,12,|11010110>,30
2,12,|11101101>,33
2,12,|10011111>,21
2,12,|10110011>,24
2,12,|11000001>,29
2,12,|01110011>,19
2,12,|11001010>,34
2,12,|10100100>,19
2,12,|10100101>,21
2,12,|00000110>,4
2,12,|10100000>,23
2,12,|11011000>,27
2,12,|11110010>,25
2,12,|01111011>,17
2,12,|11001110>,33
2,12,|01100000>,12
2,12,|10011101>,36
2,12,|01100110>,15
2,12,|11110110>,25
2,12,|10101001>,26
2,12,|01001110>,5
2,12,|11100100>,23
2,12,|10000001>,13
2,12,|11110100>,28
2,12,|01110010>,17
2,12,|01110000>,11
2,12,|11001111>,34
2,12,|10110111>,22
2,12,|01010000>,9
2,12,|10101101>,29
2,12,|01011010>,5
2,12,|01011110>,6
2,12,|11011101>,24
2,12,|01110111>,18
2,12,|11001001>,32
2,12,|11111000>,17
2,12,|01111101>,13
2,12,|01000100>,7
2,12,|11101000>,23
2,12,|11101110>,26
2,12,|01100001>,9
2,12,|10010001>,21
2,12,|01011111>,6
2,12,|11010001>,32
2,12,|11000010>,28
2,12,|00111010>,3
2,12,|10111101>,25
2,12,|00001110>,2
2,12,|01011101>,9
2,12,|10011000>,29
2,12,|01111001>,15
2,12,|01101100>,15
2,12,|01101000>,13
2,12,|01000001>,5
2,12,|01111100>,14
2,12,|01100100>,20
2,12,|10111100>,23
2,12,|01010110>,6
2,12,|11001000>,35
2,12,|01101001>,8
2,12,|10000010>,20
2,12,|01011011>,8
2,12,|01101010>,12
2,12,|01111110>,14
2,12,|01001111>,4
2,12,|10101011>,18
2,12,|11100110>,19
2,12,|01010010>,9
2,12,|01111111>,10
2,12,|11111111>,24
2,12,|01001011>,4
2,12,|01000101>,4
2,12,|00111011>,4
2,12,|01111000>,14
2,12,|01000111>,1
2,12,|00000100>,4
2,12,|01001010>,6
2,12,|00000000>,4
2,12,|01101011>,17
2,12,|01000000>,6
2,12,|01100111>,9
2,12,|00111111>,4
2,12,|01001001>,2
2,12,|01100010>,7
2,12,|00000111>,3
2,12,|01010001>,8
2,12,|01011100>,4
2,12,|00010000>,2
2,12,|00010101>,2
2,12,|01101110>,9
2,12,|00000011>,2
2,12,|00101101>,2
2,12,|00001010>,4
2,12,|00001101>,1
2,12,|00110111>,1
2,12,|00110110>,1
2,12,|00000101>,1
2,12,|00000001>,3
2,12,|00111101>,3
2,12,|01010111>,2
2,12,|00001111>,2
2,12,|00010110>,2
2,12,|00101011>,1
2,12,|00001000>,2
2,12,|00111100>,2
2,12,|01000010>,3
2,12,|01010100>,4
2,12,|00001100>,2
2,12,|00011011>,1
2,12,|00101110>,1
2,12,|00001011>,1
2,12,|00111000>,1
2,13,|11101101>,29
2,13,|10001110>,29
2,13,|11111100>,21
2,13,|10111100>,31
2,13,|10011111>,34
2,13,|10001111>,31
2,13,|11111101>,28
2,13,|01001100>,6
2,13,|11111111>,19
2,13,|11100000>,25
2,13,|11010110>,27
2,13,|01100010>,13
2,13,|11001111>,34
2,13,|01111011>,20
2,13,|10111010>,42
2,13,|10101111>,34
2,13,|10000100>,16
2,13,|10111011>,28
2,13,|10000110>,32
2,13,|11011000>,38
2,13,|11010001>,34
2,13,|11001001>,24
2,13,|10011100>,27
2,13,|10101110>,25
2,13,|00000110>,3
2,13,|01110111>,18
2,13,|10100110>,39
2,13,|10110101>,28
2,13,|11100110>,29
2,13,|01111000>,13
2,13,|11001011>,21
2,13,|11110011>,24
2,13,|10011110>,23
2,13,|10101101>,28
2,13,|01101000>,17
2,13,|10100001>,34
2,13,|10100011>,21
2,13,|11100010>,22
2,13,|11101011>,37
2,13,|11101110>,37
2,13,|11100001>,29
2,13,|01010100>,7
2,13,|01010000>,6
2,13,|11110001>,25
2,13,|10111000>,29
2,13,|00001101>,3
2,13,|10011101>,38
2,13,|10000000>,16
2,13,|01100110>,6
2,13,|11000001>,33
2,13,|11111000>,26
2,13,|01100100>,11
2,13,|10100101>,29
2,13,|10110100>,28
2,13,|10010101>,24
2,13,|10001100>,24
2,13,|11011001>,26
2,13,|11010010>,20
2,13,|10010111>,24
2,13,|11011111>,27
2,13,|11111010>,18
2,13,|10011000>,27
2,13,|01101110>,19
2,13,|10011010>,16
2,13,|11001100>,36
2,13,|11110100>,32
2,13,|10000111>,19
2,13,|10100000>,19
2,13,|10101100>,25
2,13,|11000011>,31
2,13,|11010011>,23
2,13,|11000100>,32
2,13,|11000110>,32
2,13,|10111001>,34
2,13,|00000111>,2
2,13,|10101011>,23
2,13,|01100011>,6
2,13,|11000111>,29
2,13,|11110101>,28
2,13,|11100111>,34
2,13,|10110011>,34
2,13,|11001110>,32
2,13,|11011110>,26
2,13,|11011010>,29
2,13,|10111101>,37
2,13,|01110110>,14
2,13,|11101000>,27
2,13,|10101000>,21
2,13,|10001101>,15
2,13,|01001101>,6
2,13,|10110000>,28
2,13,|01111101>,22
2,13,|01010010>,7
2,13,|11010100>,24
2,13,|00001001>,4
2,13,|01101010>,16
2,13,|10101001>,30
2,13,|10011011>,25
2,13,|11100011>,29
2,13,|10001000>,12
2,13,|11011100>,27
2,13,|11010000>,30
2,13,|01101001>,9
2,13,|10100111>,18
2,13,|11110111>,30
2,13,|01110010>,13
2,13,|01011111>,6
2,13,|10000010>,18
2,13,|00000100>,5
2,13,|11111011>,25
2,13,|01100001>,8
2,13,|10110001>,31
2,13,|01100111>,9
2,13,|11001101>,40
2,13,|10001011>,21
2,13,|11011101>,33
2,13,|11010101>,23
2,13,|10001001>,18
2,13,|10010000>,35
2,13,|10111111>,29
2,13,|11110010>,24
2,13,|01101011>,10
2,13,|10010010>,24
2,13,|11101001>,25
2,13,|01000001>,3
2,13,|01000010>,3
2,13,|10100010>,27
2,13,|01010111>,9
2,13,|01110000>,16
2,13,|11001000>,30
2,13,|11000101>,23
2,13,|10110111>,24
2,13,|11101100>,30
2,13,|11001010>,24
2,13,|11000010>,25
2,13,|11111110>,27
2,13,|11000000>,36
2,13,|10000001>,17
2,13,|11010111>,25
2,13,|10111110>,32
2,13,|11100100>,22
2,13,|11110110>,24
2,13,|00111000>,2
2,13,|10101010>,29
2,13,|10010001>,24
2,13,|11110000>,20
2,13,|01101101>,15
2,13,|10000101>,22
2,13,|10010100>,23
2,13,|01110011>,11
2,13,|01001011>,3
2,13,|01011001>,8
2,13,|10110010>,28
2,13,|11111001>,18
2,13,|01010110>,5
2,13,|11101111>,23
2,13,|10001010>,17
2,13,|00001010>,6
2,13,|10010110>,24
2,13,|00111101>,2
2,13,|01110101>,23
2,13,|11011011>,26
2,13,|01111001>,19
2,13,|11101010>,21
2,13,|10000011>,16
2,13,|01010101>,4
2,13,|01100101>,17
2,13,|01101100>,10
2,13,|10011001>,25
2,13,|10110110>,23
2,13,|10100100>,39
2,13,|10010011>,28
2,13,|00110001>,3
2,13,|01111100>,17
2,13,|01011100>,6
2,13,|11100101>,27
2,13,|00010011>,2
2,13,|01010001>,3
2,13,|01111010>,11
2,13,|01000011>,2
2,13,|01000110>,4
2,13,|01001110>,7
2,13,|00001100>,2
2,13,|01011000>,6
2,13,|01110001>,14
2,13,|01111111>,15
2,13,|00000001>,7
2,13,|01110100>,17
2,13,|01011110>,4
2,13,|01011011>,9
2,13,|00000010>,4
2,13,|01100000>,9
2,13,|01001111>,3
2,13,|00111111>,2
2,13,|01101111>,9
2,13,|00001000>,2
2,13,|01111110>,17
2,13,|01000101>,3
2,13,|01001001>,5
2,13,|00010100>,1
2,13,|00111011>,2
2,13,|01011010>,7
2,13,|01011101>,4
2,13,|01000100>,2
2,13,|00001011>,2
2,13,|01010011>,6
2,13,|00110101>,2
2,13,|01000000>,2
2,13,|01001000>,3
2,13,|00110110>,1
2,13,|00010101>,2
2,13,|00010000>,2
2,13,|00000000>,2
2,13,|00000011>,2
2,13,|00010001>,1
2,13,|00110011>,1
2,13,|00110000>,1
2,13,|00011010>,1
2,13,|00111100>,2
2,13,|00101101>,1
2,13,|01000111>,3
2,13,|00110010>,1
2,13,|01001010>,1
2,14,|11000000>,30
2,14,|11100110>,24
2,14,|10110100>,35
2,14,|10010100>,17
2,14,|11101001>,25
2,14,|10111101>,28
2,14,|11110110>,29
2,14,|10011010>,22
2,14,|10011101>,27
2,14,|10100011>,38
2,14,|11111000>,26
2,14,|11101000>,31
2,14,|10011001>,29
2,14,|10010001>,35
2,14,|10001101>,19
2,14,|11011111>,29
2,14,|10101100>,30
2,14,|11001000>,25
2,14,|11001100>,40
2,14,|11000001>,32
2,14,|11111101>,22
2,14,|10001100>,23
2,14,|10110111>,23
2,14,|10101101>,30
2,14,|11000010>,25
2,14,|01110000>,13
2,14,|10101010>,31
2,14,|11011000>,28
2,14,|11010011>,35
2,14,|11110000>,25
2,14,|10111110>,30
2,14,|01100100>,8
2,14,|01101111>,13
2,14,|01000000>,4
2,14,|11011010>,16
2,14,|01100111>,8
2,14,|10111100>,30
2,14,|11010000>,21
2,14,|11001101>,26
2,14,|01110111>,13
2,14,|11010101>,35
2,14,|10111111>,40
2,14,|10101110>,32
2,14,|11010010>,30
2,14,|11100001>,30
2,14,|10110000>,35
2,14,|00000100>,6
2,14,|11101100>,38
2,14,|11000110>,27
2,14,|11010110>,18
2,14,|10101111>,33
2,14,|10010011>,29
2,14,|10010010>,27
2,14,|01110101>,16
2,14,|10100110>,30
2,14,|10000110>,23
2,14,|11010100>,25
2,14,|01101100>,9
2,14,|10000101>,21
2,14,|11011100>,31
2,14,|11001001>,26
2,14,|10010000>,24
2,14,|01010001>,8
2,14,|10001011>,18
2,14,|11101101>,21
2,14,|11110011>,20
2,14,|10110011>,36
2,14,|11011011>,29
2,14,|11100101>,29
2,14,|11100100>,29
2,14,|10110101>,30
2,14,|01011001>,12
2,14,|11111110>,21
2,14,|01111100>,15
2,14,|10101001>,34
2,14,|10110010>,27
2,14,|01111111>,15
2,14,|01110011>,15
2,14,|10011110>,23
2,14,|01110110>,19
2,14,|11100111>,20
2,14,|11101011>,39
2,14,|00000000>,5
2,14,|10111001>,44
2,14,|11111111>,21
2,14,|10001000>,19
2,14,|11001110>,24
2,14,|01111001>,13
2,14,|10000000>,18
2,14,|10011000>,29
2,14,|10010101>,19
2,14,|10011111>,27
2,14,|01001101>,4
2,14,|10111011>,23
2,14,|10110110>,31
2,14,|10100000>,34
2,14,|10000100>,21
2,14,|11100010>,29
2,14,|11000111>,34
2,14,|11010001>,29
2,14,|10000010>,18
2,14,|11100011>,30
2,14,|10100111>,39
2,14,|10100101>,27
2,14,|11110111>,29
2,14,|11111001>,27
2,14,|11000011>,34
2,14,|01101011>,11
2,14,|01110010>,19
2,14,|11100000>,32
2,14,|11101010>,21
2,14,|01000101>,2
2,14,|01101001>,5
2,14,|10001110>,27
2,14,|01010110>,6
2,14,|01100000>,12
2,14,|10101000>,30
2,14,|11001011>,30
2,14,|01100011>,9
2,14,|01111010>,11
2,14,|01101110>,11
2,14,|11001010>,27
2,14,|10110001>,27
2,14,|01011100>,9
2,14,|01011011>,7
2,14,|10001010>,18
2,14,|11011110>,36
2,14,|11011101>,21
2,14,|01001010>,3
2,14,|11010111>,23
2,14,|10011011>,25
2,14,|01011010>,5
2,14,|11000101>,25
2,14,|01101101>,17
2,14,|01100110>,6
2,14,|00001000>,3
2,14,|10010110>,26
2,14,|10100100>,28
2,14,|01011000>,10
2,14,|10010111>,28
2,14,|10111010>,31
2,14,|10111000>,24
2,14,|01101000>,11
2,14,|11000100>,33
2,14,|01011111>,14
2,14,|01010010>,3
2,14,|10101011>,22
2,14,|11101111>,21
2,14,|10100010>,33
2,14,|10000111>,20
2,14,|01001011>,7
2,14,|01011101>,11
2,14,|01010011>,5
2,14,|10100001>,26
2,14,|01001001>,6
2,14,|10000001>,24
2,14,|01111011>,17
2,14,|00010000>,2
2,14,|01111101>,14
2,14,|11111100>,21
2,14,|11110010>,22
2,14,|11001111>,32
2,14,|00000010>,3
2,14,|11110100>,24
2,14,|10011100>,24
2,14,|01000111>,5
2,14,|00111001>,1
2,14,|11111010>,23
2,14,|11110101>,13
2,14,|01110100>,15
2,14,|01001111>,2
2,14,|11101110>,23
2,14,|01011110>,7
2,14,|00111111>,2
2,14,|01010111>,8
2,14,|00000110>,5
2,14,|01001100>,2
2,14,|00000101>,3
2,14,|01000100>,4
2,14,|01100010>,9
2,14,|01001110>,7
2,14,|01001000>,6
2,14,|01100001>,9
2,14,|01010000>,4
2,14,|00110111>,1
2,14,|00111110>,2
2,14,|01010101>,5
2,14,|01110001>,10
2,14,|00110101>,2
2,14,|11011001>,24
2,14,|10001001>,17
2,14,|00000001>,4
2,14,|01111000>,20
2,14,|10000011>,19
2,14,|11110001>,23
2,14,|00000111>,4
2,14,|01111110>,25
2,14,|10001111>,19
2,14,|11111011>,16
2,14,|00001001>,1
2,14,|00010011>,1
2,14,|01100101>,8
2,14,|01101010>,10
2,14,|00001010>,1
2,14,|01000001>,4
2,14,|01000110>,5
2,14,|00001110>,3
2,14,|00001100>,2
2,14,|00011000>,3
2,14,|01000011>,2
2,14,|00010010>,2
2,14,|00110011>,1
2,14,|00000011>,7
2,14,|00111000>,5
2,14,|00110010>,1
2,14,|00111101>,1
2,14,|00111011>,1
2,14,|00010101>,2
2,14,|01010100>,3
2,14,|00001101>,3
2,14,|00010001>,1
2,14,|00010110>,1
2,14,|00001011>,1
2,15,|10010001>,20
2,15,|10010110>,29
2,15,|10111100>,33
2,15,|10000000>,20
2,15,|11000011>,25
2,15,|10001011>,22
2,15,|11010001>,21
2,15,|01111111>,18
2,15,|11111110>,18
2,15,|11010111>,32
2,15,|11000110>,34
2,15,|11010110>,22
2,15,|11011100>,33
2,15,|10011101>,21
2,15,|11000000>,28
2,15,|10010011>,30
2,15,|10101011>,29
2,15,|11110000>,27
2,15,|01110100>,19
2,15,|11100010>,31
2,15,|11010011>,27
2,15,|11011011>,25
2,15,|11101101>,34
2,15,|01111010>,22
2,15,|01110011>,21
2,15,|10110011>,33
2,15,|10011110>,24
2,15,|11001101>,42
2,15,|10111010>,30
2,15,|11100001>,35
2,15,|11000101>,33
2,15,|01110000>,14
2,15,|10110001>,24
2,15,|11100000>,29
2,15,|10001000>,23
2,15,|11100100>,22
2,15,|10011100>,22
2,15,|10001001>,22
2,15,|00000101>,4
2,15,|01110101>,21
2,15,|10101101>,32
2,15,|10011001>,28
2,15,|01011110>,12
2,15,|11111100>,23
2,15,|10111111>,28
2,15,|10011111>,35
2,15,|10011010>,23
2,15,|11001100>,22
2,15,|11110010>,25
2,15,|11111001>,24
2,15,|11110111>,22
2,15,|01100100>,15
2,15,|10110110>,35
2,15,|11011010>,29
2,15,|10011011>,21
2,15,|01101010>,9
2,15,|01011000>,11
2,15,|01101111>,15
2,15,|11101111>,19
2,15,|11111101>,23
2,15,|00001011>,5
2,15,|10010111>,27
2,15,|10110100>,24
2,15,|11100101>,28
2,15,|10111001>,36
2,15,|11001111>,32
2,15,|01000001>,2
2,15,|01001010>,5
2,15,|01111110>,18
2,15,|11100011>,22
2,15,|01100011>,15
2,15,|10000101>,23
2,15,|11010000>,36
2,15,|11010100>,29
2,15,|01111001>,17
2,15,|10010010>,24
2,15,|10101001>,27
2,15,|01111000>,21
2,15,|11101000>,29
2,15,|11000001>,29
2,15,|11001011>,27
2,15,|11001010>,33
2,15,|10111011>,24
2,15,|10100011>,29
2,15,|10001110>,25
2,15,|11011000>,28
2,15,|11110100>,25
2,15,|10001101>,22
2,15,|01101100>,15
2,15,|01010111>,4
2,15,|10110000>,33
2,15,|10010100>,20
2,15,|10101010>,33
2,15,|10110010>,25
2,15,|10001111>,26
2,15,|11111000>,24
2,15,|11010010>,31
2,15,|11000010>,24
2,15,|11011110>,24
2,15,|11011111>,33
2,15,|10101000>,29
2,15,|11100111>,32
2,15,|11011001>,34
2,15,|10000111>,18
2,15,|11110110>,29
2,15,|01010100>,8
2,15,|11001110>,27
2,15,|10110101>,25
2,15,|01000011>,5
2,15,|10001100>,15
2,15,|01100110>,7
2,15,|10000011>,20
2,15,|11000100>,23
2,15,|10101110>,31
2,15,|10100010>,20
2,15,|11110011>,24
2,15,|10100000>,19
2,15,|01110001>,14
2,15,|11001000>,26
2,15,|11101010>,29
2,15,|11000111>,37
2,15,|01010010>,10
2,15,|11010101>,28
2,15,|10010101>,28
2,15,|11101100>,28
2,15,|01110111>,18
2,15,|11110001>,25
2,15,|10111110>,31
2,15,|11111010>,23
2,15,|00001001>,5
2,15,|01011010>,11
2,15,|01110110>,11
2,15,|11101110>,26
2,15,|11100110>,35
2,15,|11101011>,23
2,15,|01011101>,9
2,15,|10100001>,21
2,15,|01011001>,8
2,15,|10000010>,25
2,15,|10101111>,29
2,15,|10100111>,26
2,15,|00111010>,1
2,15,|11011101>,38
2,15,|10100110>,18
2,15,|01101001>,15
2,15,|01101000>,11
2,15,|10000100>,19
2,15,|01011111>,11
2,15,|10000001>,19
2,15,|00000010>,4
2,15,|10111000>,21
2,15,|10000110>,20
2,15,|11111011>,19
2,15,|10101100>,19
2,15,|01100000>,9
2,15,|00111110>,6
2,15,|01100001>,14
2,15,|01110010>,17
2,15,|10011000>,22
2,15,|01111100>,16
2,15,|01000100>,3
2,15,|10111101>,28
2,15,|10100100>,22
2,15,|01111011>,12
2,15,|11101001>,29
2,15,|10110111>,32
2,15,|01100010>,8
2,15,|11001001>,30
2,15,|01010000>,8
2,15,|11110101>,15
2,15,|01101011>,7
2,15,|01001011>,5
2,15,|01101101>,21
2,15,|01100101>,10
2,15,|11111111>,28
2,15,|01101110>,14
2,15,|01000010>,4
2,15,|01000111>,6
2,15,|10010000>,24
2,15,|01001111>,7
2,15,|00000001>,3
2,15,|10100101>,25
2,15,|01001001>,2
2,15,|00001000>,3
2,15,|01010011>,6
2,15,|01011100>,4
2,15,|01011011>,8
2,15,|00000100>,5
2,15,|10001010>,27
2,15,|01111101>,13
2,15,|01100111>,9
2,15,|01001100>,3
2,15,|00001100>,5
2,15,|01000101>,3
2,15,|01010001>,6
2,15,|01000110>,4
2,15,|01010101>,4
2,15,|01001101>,3
2,15,|00110001>,2
2,15,|00111001>,1
2,15,|00000011>,1
2,15,|00110101>,1
2,15,|00011000>,2
2,15,|00001110>,2
2,15,|01001110>,3
2,15,|01010110>,2
2,15,|01001000>,1
2,15,|00111011>,2
2,15,|00111000>,1
2,15,|01000000>,4
2,15,|00110100>,2
2,15,|00000110>,1
2,15,|00000000>,1
2,15,|00010110>,1
2,15,|00001111>,1
2,15,|00111111>,1
2,15,|00101111>,1
2,15,|00101101>,2
2,15,|00010000>,1
2,15,|00010100>,1
2,15,|00010111>,1
2,16,|11011010>,26
2,16,|10111100>,29
2,16,|10100100>,27
2,16,|10011111>,33
2,16,|11010001>,32
2,16,|10000110>,19
2,16,|01111111>,22
2,16,|11000001>,31
2,16,|11101011>,29
2,16,|10100110>,30
2,16,|10110111>,45
2,16,|11101100>,21
2,16,|10011100>,20
2,16,|10110101>,35
2,16,|10100010>,31
2,16,|11010100>,29
2,16,|10100101>,34
2,16,|11100000>,41
2,16,|01101110>,13
2,16,|10010101>,25
2,16,|10110110>,32
2,16,|10001101>,14
2,16,|11000100>,30
2,16,|10110100>,31
2,16,|10101110>,28
2,16,|10001111>,19
2,16,|01111011>,29
2,16,|10110011>,30
2,16,|10011000>,33
2,16,|10110000>,36
2,16,|00001111>,5
2,16,|10011001>,29
2,16,|10100011>,22
2,16,|11011001>,22
2,16,|11111001>,23
2,16,|11010101>,29
2,16,|11010110>,32
2,16,|10101101>,30
2,16,|10001110>,24
2,16,|10111101>,32
2,16,|11111011>,29
2,16,|10011110>,25
2,16,|11100101>,21
2,16,|10111000>,35
2,16,|11000111>,31
2,16,|10010000>,31
2,16,|11111110>,21
2,16,|11101000>,27
2,16,|10010001>,25
2,16,|10101000>,26
2,16,|10101100>,27
2,16,|11100111>,28
2,16,|10001011>,28
2,16,|11100011>,30
2,16,|11000110>,30
2,16,|11101101>,25
2,16,|10101001>,22
2,16,|11100110>,35
2,16,|10101111>,31
2,16,|10001010>,16
2,16,|11001110>,32
2,16,|11101110>,31
2,16,|01001001>,5
2,16,|10101011>,33
2,16,|11010010>,20
2,16,|11011101>,32
2,16,|11110010>,33
2,16,|11010111>,38
2,16,|01101100>,20
2,16,|11110011>,28
2,16,|01111010>,15
2,16,|11101010>,28
2,16,|11011011>,26
2,16,|11100100>,34
2,16,|10011011>,28
2,16,|10010011>,18
2,16,|11100001>,27
2,16,|10000001>,13
2,16,|11110000>,26
2,16,|10100001>,31
2,16,|01011101>,9
2,16,|01110000>,10
2,16,|01100001>,9
2,16,|11101001>,24
2,16,|10011101>,19
2,16,|01100011>,8
2,16,|11111000>,25
2,16,|10110010>,30
2,16,|10100111>,21
2,16,|11111010>,20
2,16,|01100000>,8
2,16,|11101111>,28
2,16,|01010010>,8
2,16,|11010000>,21
2,16,|01011110>,7
2,16,|11000011>,30
2,16,|10111111>,27
2,16,|11001111>,25
2,16,|10010010>,28
2,16,|01100110>,8
2,16,|01010110>,7
2,16,|01110110>,18
2,16,|01101010>,13
2,16,|01011010>,9
2,16,|11110110>,28
2,16,|11000000>,22
2,16,|10000111>,22
2,16,|10100000>,25
2,16,|10001000>,20
2,16,|11001101>,30
2,16,|10000100>,25
2,16,|01010101>,7
2,16,|01101001>,12
2,16,|01111100>,12
2,16,|11000101>,31
2,16,|10110001>,38
2,16,|01111110>,20
2,16,|01101000>,11
2,16,|10000101>,14
2,16,|11000010>,29
2,16,|10011010>,26
2,16,|11001011>,20
2,16,|11110101>,24
2,16,|11011111>,20
2,16,|01101111>,9
2,16,|11011000>,30
2,16,|10101010>,27
2,16,|01001101>,5
2,16,|10111011>,29
2,16,|11001001>,23
2,16,|10001001>,24
2,16,|11111101>,23
2,16,|00001000>,5
2,16,|01101101>,15
2,16,|11100010>,30
2,16,|11001000>,31
2,16,|10000011>,26
2,16,|01110111>,6
2,16,|10111110>,46
2,16,|10000000>,21
2,16,|01000111>,5
2,16,|01110100>,10
2,16,|11010011>,26
2,16,|00001011>,2
2,16,|11111100>,21
2,16,|01011000>,8
2,16,|01110001>,15
2,16,|01100100>,11
2,16,|01111000>,17
2,16,|01100111>,16
2,16,|11011110>,35
2,16,|00111100>,2
2,16,|01110010>,17
2,16,|10111010>,23
2,16,|11111111>,16
2,16,|00001110>,1
2,16,|10000010>,14
2,16,|11110100>,22
2,16,|01000000>,6
2,16,|10111001>,22
2,16,|11011100>,36
2,16,|01100101>,12
2,16,|01001010>,4
2,16,|01011001>,5
2,16,|01011111>,7
2,16,|10010111>,15
2,16,|01010111>,9
2,16,|11110111>,26
2,16,|11001010>,30
2,16,|11001100>,27
2,16,|11110001>,25
2,16,|01111001>,20
2,16,|10010100>,20
2,16,|10001100>,21
2,16,|01011011>,7
2,16,|01000011>,5
2,16,|01010000>,6
2,16,|00011011>,1
2,16,|00010001>,1
2,16,|01101011>,7
2,16,|00110110>,3
2,16,|01110011>,15
2,16,|10010110>,23
2,16,|00000101>,3
2,16,|01110101>,11
2,16,|00000000>,5
2,16,|00000100>,5
2,16,|01111101>,12
2,16,|01011100>,5
2,16,|01010001>,5
2,16,|01000100>,2
2,16,|01000001>,4
2,16,|00000010>,3
2,16,|01001111>,3
2,16,|00001101>,3
2,16,|00111101>,2
2,16,|00011000>,1
2,16,|00000011>,3
2,16,|01001000>,2
2,16,|00111110>,5
2,16,|00110011>,2
2,16,|01001011>,1
2,16,|00111011>,2
2,16,|01001100>,5
2,16,|00110111>,1
2,16,|00000110>,3
2,16,|00011010>,1
2,16,|01000010>,1
2,16,|00111111>,1
2,16,|00010100>,2
2,16,|00001001>,1
2,16,|00000001>,1
2,16,|01010100>,4
2,16,|00111010>,1
2,16,|01000101>,2
2,16,|01100010>,3
2,16,|00001010>,3
2,16,|00101110>,1
2,16,|00110100>,1
2,16,|00010110>,1
2,16,|01001110>,2
2,16,|01010011>,4
2,16,|00110101>,1
2,16,|00101101>,1
2,16,|00111000>,1
2,16,|00110000>,1
3,0,|00100000>,32
3,0,|11000111>,16
3,0,|10011110>,4
3,0,|00111110>,12
3,0,|11101110>,34
3,0,|10101011>,13
3,0,|00011110>,42
3,0,|11100101>,29
3,0,|11111111>,41
3,0,|11111010>,41
3,0,|11001001>,18
3,0,|10110101>,15
3,0,|11001101>,26
3,0,|00100010>,19
3,0,|11011100>,27
3,0,|00000010>,44
3,0,|10111011>,21
3,0,|11001100>,30
3,0,|10011100>,5
3,0,|11101011>,35
3,0,|00011011>,28
3,0,|11110111>,41
3,0,|11100111>,42
3,0,|11110000>,28
3,0,|11111110>,28
3,0,|11101000>,35
3,0,|00010000>,36
3,0,|11110001>,31
3,0,|11011101>,39
3,0,|01000000>,8
3,0,|00000111>,37
3,0,|00000011>,30
3,0,|10111001>,20
3,0,|11111001>,33
3,0,|11111000>,31
3,0,|11010000>,23
3,0,|11110011>,31
3,0,|00101001>,20
3,0,|11000101>,18
3,0,|00110101>,16
3,0,|11110110>,50
3,0,|10100011>,8
3,0,|10110001>,20
3,0,|11101010>,36
3,0,|01001110>,7
3,0,|10111100>,14
3,0,|11100100>,37
3,0,|10110000>,7
3,0,|01001101>,7
3,0,|00111011>,11
3,0,|00110000>,23
3,0,|11100010>,33
3,0,|00010010>,31
3,0,|00010101>,30
3,0,|11011010>,33
3,0,|10011101>,6
3,0,|10111110>,22
3,0,|11101100>,41
3,0,|00101111>,14
3,0,|10110110>,17
3,0,|00011010>,26
3,0,|00011001>,19
3,0,|10111010>,14
3,0,|11010011>,22
3,0,|10111111>,14
3,0,|01100111>,2
3,0,|11011000>,30
3,0,|00101011>,19
3,0,|11010001>,26
3,0,|11101101>,35
3,0,|00100001>,25
3,0,|11010101>,42
3,0,|00001000>,21
3,0,|01011000>,6
3,0,|00010001>,22
3,0,|11000001>,19
3,0,|11100000>,35
3,0,|00011000>,24
3,0,|11011001>,34
3,0,|11010110>,27
3,0,|11011111>,32
3,0,|11000010>,19
3,0,|01010111>,3
3,0,|00111010>,13
3,0,|00001100>,37
3,0,|00110110>,9
3,0,|00000101>,37
3,0,|00000001>,34
3,0,|00100110>,19
3,0,|11111100>,35
3,0,|00010100>,26
3,0,|00100011>,12
3,0,|00001001>,36
3,0,|11000110>,23
3,0,|00001011>,29
3,0,|11100011>,40
3,0,|00000100>,39
3,0,|01000100>,10
3,0,|00110111>,14
3,0,|11110101>,28
3,0,|11110100>,33
3,0,|10110010>,10
3,0,|11010111>,27
3,0,|11100110>,32
3,0,|11001110>,31
3,0,|00001101>,33
3,0,|00000110>,27
3,0,|00010110>,15
3,0,|10100101>,11
3,0,|00101101>,22
3,0,|01011100>,4
3,0,|10000100>,1
3,0,|01000110>,10
3,0,|00110100>,19
3,0,|11111011>,36
3,0,|10100001>,5
3,0,|10110111>,21
3,0,|11110010>,39
3,0,|11001111>,25
3,0,|11001010>,26
3,0,|11010010>,25
3,0,|00010111>,20
3,0,|00111100>,11
3,0,|00010011>,23
3,0,|00111000>,11
3,0,|11011110>,23
3,0,|11100001>,17
3,0,|11001000>,17
3,0,|00110010>,17
3,0,|10100100>,7
3,0,|00011100>,20
3,0,|01000101>,12
3,0,|01000010>,12
3,0,|10011001>,4
3,0,|11101111>,31
3,0,|00100111>,21
3,0,|00000000>,40
3,0,|01010000>,2
3,0,|00011101>,34
3,0,|01010001>,7
3,0,|00001010>,26
3,0,|11101001>,29
3,0,|00110001>,16
3,0,|10100000>,7
3,0,|01011010>,4
3,0,|10100111>,7
3,0,|00100101>,28
3,0,|10101010>,17
3,0,|01000111>,5
3,0,|00100100>,18
3,0,|00011111>,24
3,0,|10101001>,19
3,0,|11011011>,26
3,0,|11111101>,43
3,0,|01000011>,13
3,0,|10101000>,9
3,0,|10100110>,6
3,0,|10010101>,4
3,0,|00101110>,16
3,0,|00101000>,20
3,0,|11000000>,22
3,0,|00110011>,12
3,0,|10110100>,15
3,0,|10111101>,15
3,0,|10101101>,13
3,0,|01000001>,11
3,0,|10101111>,14
3,0,|11010100>,33
3,0,|00001110>,24
3,0,|10011010>,6
3,0,|10110011>,15
3,0,|01010101>,2
3,0,|10101110>,11
3,0,|01001011>,10
3,0,|00101100>,16
3,0,|00111001>,12
3,0,|11001011>,20
3,0,|11000100>,21
3,0,|10100010>,5
3,0,|01010010>,3
3,0,|10111000>,14
3,0,|01011001>,2
3,0,|00101010>,20
3,0,|01010100>,3
3,0,|10101100>,9
3,0,|00111101>,11
3,0,|10000110>,2
3,0,|01001001>,10
3,0,|00111111>,10
3,0,|01011101>,4
3,0,|01011011>,4
3,0,|11000011>,12
3,0,|01100010>,2
3,0,|10010111>,4
3,0,|01001100>,9
3,0,|00001111>,16
3,0,|10001111>,3
3,0,|10011011>,7
3,0,|10011111>,2
3,0,|01101000>,1
3,0,|01001010>,9
3,0,|10011000>,5
3,0,|01001000>,10
3,0,|10010100>,2
3,0,|10001000>,1
3,0,|01100100>,1
3,0,|01111110>,1
3,0,|10010110>,4
3,0,|10001110>,3
3,0,|01001111>,4
3,0,|10001100>,3
3,0,|10001011>,1
3,0,|10010001>,4
3,0,|01010011>,7
3,0,|10000111>,1
3,0,|01100011>,2
3,0,|10010011>,1
3,0,|01100000>,1
3,0,|01111101>,1
3,0,|01100101>,2
3,0,|10000001>,1
3,0,|01010110>,1
3,0,|10001101>,1
3,0,|10010000>,3
3,0,|01011110>,1
3,1,|00010100>,29
3,1,|00111001>,7
3,1,|11110010>,45
3,1,|00001101>,32
3,1,|00011100>,36
3,1,|00100001>,32
3,1,|11111100>,37
3,1,|00001001>,36
3,1,|11100110>,28
3,1,|00111101>,16
3,1,|11101011>,40
3,1,|00001111>,29
3,1,|11011010>,23
3,1,|00100101>,28
3,1,|11011001>,29
3,1,|11011011>,26
3,1,|10111100>,20
3,1,|01000001>,8
3,1,|00101000>,15
3,1,|00100010>,22
3,1,|00110100>,16
3,1,|11010101>,25
3,1,|11000111>,16
3,1,|00001011>,34
3,1,|11111000>,36
3,1,|10101011>,13
3,1,|00110101>,16
3,1,|11100000>,47
3,1,|11010001>,23
3,1,|00010001>,28
3,1,|00000100>,38
3,1,|01000011>,10
3,1,|11011000>,29
3,1,|00011010>,28
3,1,|10100001>,9
3,1,|11000000>,19
3,1,|00110001>,17
3,1,|11110101>,34
3,1,|10110100>,11
3,1,|11101110>,33
3,1,|00001100>,27
3,1,|00111100>,15
3,1,|11010100>,27
3,1,|00101001>,27
3,1,|00000110>,44
3,1,|10111110>,17
3,1,|01001000>,8
3,1,|11110100>,33
3,1,|11110111>,37
3,1,|00110011>,21
3,1,|01001011>,5
3,1,|11000011>,23
3,1,|11101010>,28
3,1,|00111110>,12
3,1,|11111111>,37
3,1,|11101001>,31
3,1,|11101111>,36
3,1,|11011111>,32
3,1,|11010011>,27
3,1,|00011001>,28
3,1,|10101001>,10
3,1,|00000010>,34
3,1,|01001110>,5
3,1,|00010010>,22
3,1,|10101101>,14
3,1,|11101000>,35
3,1,|11000010>,17
3,1,|01011001>,5
3,1,|00000000>,47
3,1,|11100101>,34
3,1,|00100011>,28
3,1,|10011111>,10
3,1,|10111000>,18
3,1,|10100101>,5
3,1,|11010010>,24
3,1,|10111011>,14
3,1,|11001000>,23
3,1,|11110110>,31
3,1,|00000011>,37
3,1,|00010110>,21
3,1,|00010111>,21
3,1,|10011110>,1
3,1,|00000111>,38
3,1,|01100010>,2
3,1,|10010010>,3
3,1,|11011110>,34
3,1,|11111110>,45
3,1,|11110011>,50
3,1,|00100100>,26
3,1,|01000010>,11
3,1,|11111011>,36
3,1,|01010001>,10
3,1,|00101110>,17
3,1,|10110000>,16
3,1,|01010010>,4
3,1,|10101100>,9
3,1,|11110001>,34
3,1,|00111010>,13
3,1,|01010100>,4
3,1,|10110001>,20
3,1,|10100000>,4
3,1,|11001011>,21
3,1,|00010011>,30
3,1,|11100010>,23
3,1,|11001110>,23
3,1,|00001010>,28
3,1,|00000001>,28
3,1,|11100011>,34
3,1,|11001111>,22
3,1,|01000000>,6
3,1,|01000100>,7
3,1,|11100100>,42
3,1,|11011100>,30
3,1,|00110000>,22
3,1,|00010101>,21
3,1,|11010000>,22
3,1,|00100000>,23
3,1,|00011000>,25
3,1,|00000101>,27
3,1,|01011011>,6
3,1,|11111001>,34
3,1,|11100111>,30
3,1,|11010110>,34
3,1,|00001000>,35
3,1,|10100110>,10
3,1,|10111010>,10
3,1,|10101000>,5
3,1,|00101010>,13
3,1,|10110010>,14
3,1,|00011111>,30
3,1,|01001001>,8
3,1,|00011110>,26
3,1,|00001110>,29
3,1,|10100100>,6
3,1,|10110111>,15
3,1,|10111111>,11
3,1,|10010101>,1
3,1,|01010111>,2
3,1,|00101101>,20
3,1,|00100111>,16
3,1,|11110000>,27
3,1,|00100110>,22
3,1,|11001001>,12
3,1,|11111101>,41
3,1,|00010000>,31
3,1,|01001111>,4
3,1,|01010101>,3
3,1,|10111101>,20
3,1,|00011101>,19
3,1,|00101011>,19
3,1,|00101111>,18
3,1,|10001010>,4
3,1,|11001010>,16
3,1,|10000110>,3
3,1,|10011001>,4
3,1,|10101010>,12
3,1,|11101101>,42
3,1,|00011011>,26
3,1,|10100011>,6
3,1,|11000100>,15
3,1,|11000101>,26
3,1,|01011000>,2
3,1,|10010000>,2
3,1,|01000110>,12
3,1,|01011010>,5
3,1,|11010111>,23
3,1,|00110110>,12
3,1,|11000110>,24
3,1,|11111010>,37
3,1,|10010001>,4
3,1,|11001101>,20
3,1,|10100010>,10
3,1,|10101110>,14
3,1,|00111111>,8
3,1,|10110101>,20
3,1,|10011011>,4
3,1,|01100110>,1
3,1,|01000111>,8
3,1,|11011101>,26
3,1,|11001100>,29
3,1,|00111000>,17
3,1,|10001111>,4
3,1,|10111001>,20
3,1,|00111011>,9
3,1,|01001101>,7
3,1,|11100001>,23
3,1,|10010110>,4
3,1,|10011101>,4
3,1,|10010111>,6
3,1,|11000001>,16
3,1,|10101111>,7
3,1,|01000101>,8
3,1,|00110111>,11
3,1,|11101100>,34
3,1,|00110010>,12
3,1,|01100101>,2
3,1,|10011010>,7
3,1,|01001100>,2
3,1,|00101100>,22
3,1,|01011110>,3
3,1,|10010011>,4
3,1,|10110110>,17
3,1,|10011100>,6
3,1,|01010110>,3
3,1,|10000100>,1
3,1,|10001110>,2
3,1,|10011000>,3
3,1,|01011100>,3
3,1,|01001010>,3
3,1,|10110011>,16
3,1,|10001001>,3
3,1,|10000111>,1
3,1,|10001000>,1
3,1,|01100111>,2
3,1,|10100111>,8
3,1,|01100001>,1
3,1,|10001011>,3
3,1,|01011111>,1
3,1,|01010000>,3
3,1,|01011101>,2
3,1,|10001101>,1
3,1,|01010011>,4
3,1,|01101010>,1
3,1,|10010100>,2
3,2,|11011001>,25
3,2,|11111111>,39
3,2,|00011010>,27
3,2,|00100110>,18
3,2,|00001100>,32
3,2,|10110010>,14
3,2,|00001001>,43
3,2,|11000001>,15
3,2,|00001101>,36
3,2,|00010010>,28
3,2,|11111100>,38
3,2,|11010111>,19
3,2,|11100101>,38
3,2,|11111000>,43
3,2,|11011000>,35
3,2,|00011000>,32
3,2,|10111011>,20
3,2,|11001101>,25
3,2,|11010011>,26
3,2,|01010101>,2
3,2,|11111101>,44
3,2,|00001010>,29
3,2,|10110110>,18
3,2,|11110010>,24
3,2,|00000011>,45
3,2,|01010100>,7
3,2,|11101101>,25
3,2,|00010101>,23
3,2,|00111100>,12
3,2,|00000110>,38
3,2,|10111010>,24
3,2,|00000101>,36
3,2,|10010100>,2
3,2,|11111010>,51
3,2,|00100100>,18
3,2,|10001000>,2
3,2,|11011011>,32
3,2,|11111110>,46
3,2,|01001000>,11
3,2,|00010000>,32
3,2,|00111011>,7
3,2,|00010100>,22
3,2,|00010011>,33
3,2,|11001100>,25
3,2,|10000011>,3
3,2,|11101000>,38
3,2,|11100100>,20
3,2,|11101010>,37
3,2,|00100101>,21
3,2,|10011111>,6
3,2,|10011100>,4
3,2,|00101001>,21
3,2,|00011110>,30
3,2,|00011001>,24
3,2,|11111011>,38
3,2,|11101110>,50
3,2,|11010001>,27
3,2,|11100000>,32
3,2,|11000101>,23
3,2,|11010110>,30
3,2,|00001110>,27
3,2,|10100010>,12
3,2,|00000100>,30
3,2,|11011100>,23
3,2,|11011111>,31
3,2,|11100010>,25
3,2,|11100110>,35
3,2,|11100111>,36
3,2,|10111101>,16
3,2,|11001000>,24
3,2,|10111110>,20
3,2,|11101100>,38
3,2,|00101110>,15
3,2,|01000001>,15
3,2,|11010010>,31
3,2,|00101100>,14
3,2,|11000010>,16
3,2,|10010010>,3
3,2,|01000000>,7
3,2,|00110110>,14
3,2,|11000100>,19
3,2,|01000111>,16
3,2,|11010101>,23
3,2,|00000000>,42
3,2,|11101001>,30
3,2,|01011011>,7
3,2,|00100010>,26
3,2,|00110000>,21
3,2,|00010111>,33
3,2,|00100111>,20
3,2,|00010110>,27
3,2,|11111001>,39
3,2,|00100000>,19
3,2,|00101010>,12
3,2,|00111000>,12
3,2,|00010001>,23
3,2,|00000111>,39
3,2,|01000010>,19
3,2,|00110010>,15
3,2,|11100011>,36
3,2,|00000001>,48
3,2,|10110101>,16
3,2,|00101101>,18
3,2,|00001000>,20
3,2,|01000100>,3
3,2,|00001111>,27
3,2,|11100001>,36
3,2,|11110011>,37
3,2,|11011010>,24
3,2,|00101000>,24
3,2,|00011100>,18
3,2,|11101011>,32
3,2,|00000010>,22
3,2,|11011110>,27
3,2,|01011000>,3
3,2,|11000111>,25
3,2,|10110000>,16
3,2,|00001011>,27
3,2,|10111100>,19
3,2,|00011011>,29
3,2,|01001110>,7
3,2,|01001111>,3
3,2,|10100111>,4
3,2,|10110100>,16
3,2,|11110100>,41
3,2,|10001100>,5
3,2,|01000101>,7
3,2,|01000110>,8
3,2,|00110011>,16
3,2,|11110000>,32
3,2,|11110101>,27
3,2,|10110111>,19
3,2,|00101011>,25
3,2,|11001011>,16
3,2,|11011101>,26
3,2,|00100011>,20
3,2,|11000011>,28
3,2,|11110111>,35
3,2,|01010000>,8
3,2,|01100000>,1
3,2,|10110001>,22
3,2,|11001111>,23
3,2,|11110001>,37
3,2,|11101111>,39
3,2,|10111111>,22
3,2,|00100001>,21
3,2,|11001001>,20
3,2,|10101111>,10
3,2,|00011111>,25
3,2,|10010101>,8
3,2,|10100001>,6
3,2,|00110111>,13
3,2,|11110110>,38
3,2,|00011101>,22
3,2,|10110011>,14
3,2,|10101001>,10
3,2,|10101101>,8
3,2,|11010100>,24
3,2,|10111001>,14
3,2,|11010000>,21
3,2,|10011110>,8
3,2,|10011001>,3
3,2,|01010111>,6
3,2,|10101011>,9
3,2,|01001100>,7
3,2,|11001010>,21
3,2,|00110001>,13
3,2,|00111110>,11
3,2,|11000110>,15
3,2,|10101000>,7
3,2,|00111010>,15
3,2,|01101110>,1
3,2,|01001001>,8
3,2,|01010011>,5
3,2,|01010010>,3
3,2,|10000110>,1
3,2,|10101110>,11
3,2,|00101111>,13
3,2,|01001101>,4
3,2,|01010110>,4
3,2,|10011011>,4
3,2,|00111111>,9
3,2,|00110100>,14
3,2,|00111001>,12
3,2,|01001010>,7
3,2,|00110101>,11
3,2,|10010110>,2
3,2,|11000000>,11
3,2,|10001110>,3
3,2,|00111101>,10
3,2,|10010111>,5
3,2,|10010011>,7
3,2,|10010000>,2
3,2,|10100011>,12
3,2,|11001110>,12
3,2,|10111000>,11
3,2,|01011001>,4
3,2,|10100101>,4
3,2,|10011101>,7
3,2,|10100000>,10
3,2,|01111111>,1
3,2,|01010001>,3
3,2,|10100110>,7
3,2,|01011101>,4
3,2,|10011000>,4
3,2,|10101010>,10
3,2,|10101100>,10
3,2,|10011010>,3
3,2,|10000101>,1
3,2,|10001010>,1
3,2,|10001101>,3
3,2,|01000011>,12
3,2,|10100100>,6
3,2,|01100100>,1
3,2,|01011010>,1
3,2,|10000000>,2
3,2,|01011110>,2
3,2,|01100010>,1
3,2,|01100110>,1
3,2,|10001111>,3
3,2,|01101101>,1
3,2,|10001001>,1
3,2,|01100001>,1
3,2,|01001011>,4
3,2,|01100111>,1
3,2,|10010001>,1
3,2,|01011111>,1
3,2,|10000111>,1
3,3,|00011001>,26
3,3,|11001001>,16
3,3,|00010111>,26
3,3,|11100101>,25
3,3,|01000101>,11
3,3,|00110010>,11
3,3,|00001110>,32
3,3,|01000010>,10
3,3,|00101110>,17
3,3,|11100100>,31
3,3,|11101100>,33
3,3,|00111001>,11
3,3,|11111101>,42
3,3,|00010001>,32
3,3,|00110001>,14
3,3,|11110001>,37
3,3,|00101001>,23
3,3,|00000100>,28
3,3,|11001110>,21
3,3,|00110101>,21
3,3,|11111100>,40
3,3,|00110000>,12
3,3,|00010011>,28
3,3,|11110011>,42
3,3,|11100001>,25
3,3,|11000110>,31
3,3,|00000110>,48
3,3,|11011111>,24
3,3,|01000111>,12
3,3,|00111000>,13
3,3,|10101010>,12
3,3,|11001010>,28
3,3,|11101000>,37
3,3,|11010000>,29
3,3,|10110110>,15
3,3,|10011011>,6
3,3,|00001111>,33
3,3,|00010100>,28
3,3,|11110111>,35
3,3,|00000011>,51
3,3,|01001010>,8
3,3,|10010000>,5
3,3,|10110001>,13
3,3,|11011100>,38
3,3,|11000010>,21
3,3,|00010110>,21
3,3,|11110110>,35
3,3,|10110101>,13
3,3,|10001100>,4
3,3,|00011101>,29
3,3,|00111111>,9
3,3,|11001101>,23
3,3,|00011010>,25
3,3,|11110010>,40
3,3,|00110111>,12
3,3,|11111111>,50
3,3,|11111011>,50
3,3,|01100010>,2
3,3,|11101011>,39
3,3,|00010101>,32
3,3,|01000011>,6
3,3,|00001011>,35
3,3,|11111001>,47
3,3,|11000100>,23
3,3,|11101101>,31
3,3,|11111010>,40
3,3,|01001110>,6
3,3,|11011001>,32
3,3,|11011011>,39
3,3,|00101111>,20
3,3,|10100110>,13
3,3,|10111100>,15
3,3,|11101110>,26
3,3,|11100000>,41
3,3,|00101000>,16
3,3,|10011100>,4
3,3,|00100001>,19
3,3,|10010100>,5
3,3,|11011010>,31
3,3,|00001100>,34
3,3,|10110111>,7
3,3,|10111000>,15
3,3,|00011111>,23
3,3,|11010111>,26
3,3,|11101010>,36
3,3,|10110010>,14
3,3,|00000000>,36
3,3,|11010010>,17
3,3,|00111010>,12
3,3,|00010000>,22
3,3,|11010001>,28
3,3,|10110000>,15
3,3,|11000111>,21
3,3,|11110100>,36
3,3,|10010110>,7
3,3,|01000110>,13
3,3,|00001000>,37
3,3,|10111110>,20
3,3,|00011100>,27
3,3,|00110011>,10
3,3,|00000111>,28
3,3,|00001001>,30
3,3,|11100010>,37
3,3,|11011101>,22
3,3,|01000100>,5
3,3,|11010011>,29
3,3,|10111010>,12
3,3,|11111110>,33
3,3,|10101101>,16
3,3,|00000010>,34
3,3,|00101101>,21
3,3,|11001100>,25
3,3,|10101100>,12
3,3,|00101100>,13
3,3,|11010101>,18
3,3,|10011001>,4
3,3,|01010001>,6
3,3,|11101001>,27
3,3,|11000101>,17
3,3,|11011110>,30
3,3,|11010100>,27
3,3,|00000101>,32
3,3,|11000011>,11
3,3,|00100111>,30
3,3,|11100110>,28
3,3,|00011011>,24
3,3,|01001100>,3
3,3,|00100000>,19
3,3,|01010000>,5
3,3,|00101011>,23
3,3,|11000000>,11
3,3,|00100110>,22
3,3,|00110100>,21
3,3,|10100101>,5
3,3,|11100011>,26
3,3,|10111011>,13
3,3,|10110100>,8
3,3,|00001101>,30
3,3,|01001000>,8
3,3,|00100101>,23
3,3,|00100100>,18
3,3,|01011011>,5
3,3,|01000000>,10
3,3,|11011000>,38
3,3,|11110101>,31
3,3,|10111101>,21
3,3,|10010101>,10
3,3,|10101111>,17
3,3,|11001000>,20
3,3,|11111000>,42
3,3,|00111100>,13
3,3,|00111011>,11
3,3,|01100001>,1
3,3,|00011000>,27
3,3,|00111110>,16
3,3,|00000001>,40
3,3,|11101111>,32
3,3,|11001111>,17
3,3,|00001010>,31
3,3,|11010110>,27
3,3,|00010010>,26
3,3,|01011010>,4
3,3,|10111001>,16
3,3,|10010010>,3
3,3,|01001001>,8
3,3,|11110000>,29
3,3,|00011110>,24
3,3,|01011101>,1
3,3,|11000001>,17
3,3,|10010111>,4
3,3,|01010010>,8
3,3,|10001011>,1
3,3,|11100111>,32
3,3,|00100010>,22
3,3,|10111111>,18
3,3,|01011111>,6
3,3,|10011000>,7
3,3,|10110011>,14
3,3,|10011111>,3
3,3,|01001111>,4
3,3,|10101000>,16
3,3,|00100011>,21
3,3,|11001011>,18
3,3,|00110110>,9
3,3,|10101001>,6
3,3,|00111101>,8
3,3,|10011101>,7
3,3,|10101110>,9
3,3,|10010001>,5
3,3,|10000111>,2
3,3,|10001001>,2
3,3,|00101010>,19
3,3,|10101011>,10
3,3,|10100100>,5
3,3,|01000001>,11
3,3,|01010101>,6
3,3,|10100010>,8
3,3,|01111101>,1
3,3,|01010110>,4
3,3,|10011010>,11
3,3,|01101000>,1
3,3,|01001011>,5
3,3,|10011110>,5
3,3,|01010111>,3
3,3,|10000001>,1
3,3,|01011100>,3
3,3,|10100000>,6
3,3,|01101010>,1
3,3,|01100000>,1
3,3,|10100111>,6
3,3,|10001101>,1
3,3,|01011000>,2
3,3,|10100001>,5
3,3,|01010100>,2
3,3,|01011001>,1
3,3,|10100011>,5
3,3,|10001110>,3
3,3,|01010011>,3
3,3,|10000010>,1
3,3,|10000011>,1
3,3,|01101110>,1
3,3,|10010011>,1
3,3,|01100100>,1
3,3,|10000101>,2
3,3,|01001101>,3
3,3,|01011110>,1
3,3,|10000110>,1
3,4,|11110111>,29
3,4,|00111110>,14
3,4,|11100101>,32
3,4,|11011100>,29
3,4,|11111101>,37
3,4,|11100000>,29
3,4,|01000000>,6
3,4,|11010100>,23
3,4,|00101001>,30
3,4,|11100110>,34
3,4,|00011010>,29
3,4,|11101000>,37
3,4,|00000111>,36
3,4,|11110000>,24
3,4,|11010111>,21
3,4,|00101100>,28
3,4,|11111011>,42
3,4,|11110001>,27
3,4,|00100111>,21
3,4,|11111111>,40
3,4,|01001000>,5
3,4,|10101100>,9
3,4,|10110100>,15
3,4,|01010101>,5
3,4,|00001100>,30
3,4,|00000100>,33
3,4,|00001111>,35
3,4,|11010110>,32
3,4,|11111100>,39
3,4,|11101100>,46
3,4,|00000110>,29
3,4,|00011001>,25
3,4,|11010101>,20
3,4,|00001011>,37
3,4,|11011010>,21
3,4,|00100100>,25
3,4,|10111111>,15
3,4,|01000111>,9
3,4,|01000001>,15
3,4,|11101101>,29
3,4,|00100001>,25
3,4,|10101011>,9
3,4,|10101111>,13
3,4,|10001001>,2
3,4,|11011001>,31
3,4,|11101011>,46
3,4,|00001001>,28
3,4,|00010100>,35
3,4,|10111100>,16
3,4,|11110011>,36
3,4,|10111011>,20
3,4,|00100000>,34
3,4,|11111001>,52
3,4,|11000000>,24
3,4,|00111001>,10
3,4,|11101111>,31
3,4,|11010010>,22
3,4,|00010110>,26
3,4,|10110110>,18
3,4,|11001010>,18
3,4,|11100011>,26
3,4,|10100111>,6
3,4,|00010101>,29
3,4,|11110101>,41
3,4,|00110111>,21
3,4,|11111010>,45
3,4,|01001001>,7
3,4,|00101111>,11
3,4,|11101110>,36
3,4,|11001101>,22
3,4,|00000010>,39
3,4,|11101001>,39
3,4,|10111101>,19
3,4,|00011000>,28
3,4,|00111111>,8
3,4,|00010010>,23
3,4,|01001111>,4
3,4,|00010011>,26
3,4,|00000001>,39
3,4,|11011101>,30
3,4,|11110010>,29
3,4,|00000000>,28
3,4,|11011110>,31
3,4,|10110111>,21
3,4,|11010000>,39
3,4,|00011100>,26
3,4,|00100110>,15
3,4,|00101101>,10
3,4,|11001011>,21
3,4,|00001010>,30
3,4,|11001001>,23
3,4,|10100100>,9
3,4,|00100101>,23
3,4,|10111110>,20
3,4,|11111000>,43
3,4,|11011011>,31
3,4,|11011000>,26
3,4,|11100010>,34
3,4,|00110100>,20
3,4,|01001010>,6
3,4,|10100110>,9
3,4,|11010001>,24
3,4,|11010011>,23
3,4,|00001101>,32
3,4,|11001111>,28
3,4,|00011011>,26
3,4,|00101110>,16
3,4,|11001110>,26
3,4,|00011101>,31
3,4,|00100010>,15
3,4,|00111000>,12
3,4,|00010111>,42
3,4,|01000101>,10
3,4,|10100000>,8
3,4,|10110001>,15
3,4,|00000011>,39
3,4,|11100111>,29
3,4,|01010001>,4
3,4,|00101000>,24
3,4,|00110010>,21
3,4,|00110001>,14
3,4,|10011111>,7
3,4,|11000111>,16
3,4,|01100101>,1
3,4,|11100100>,24
3,4,|10011101>,13
3,4,|00111010>,15
3,4,|00000101>,27
3,4,|11110110>,35
3,4,|10111010>,19
3,4,|10110101>,11
3,4,|11011111>,30
3,4,|10100101>,6
3,4,|10110000>,12
3,4,|11110100>,34
3,4,|00001110>,31
3,4,|00110101>,14
3,4,|00110011>,14
3,4,|11111110>,39
3,4,|00110000>,14
3,4,|00100011>,28
3,4,|00001000>,28
3,4,|11000110>,21
3,4,|10101001>,9
3,4,|10011100>,7
3,4,|10110010>,10
3,4,|11000001>,20
3,4,|00101010>,15
3,4,|10010101>,5
3,4,|01000110>,3
3,4,|10101000>,2
3,4,|01011001>,3
3,4,|11101010>,36
3,4,|01011011>,3
3,4,|10101110>,16
3,4,|10010011>,4
3,4,|11001000>,21
3,4,|10100001>,7
3,4,|00010001>,27
3,4,|01011100>,3
3,4,|10010110>,5
3,4,|10001110>,4
3,4,|10111001>,19
3,4,|10000101>,2
3,4,|00101011>,16
3,4,|01010010>,8
3,4,|10011010>,5
3,4,|11000100>,23
3,4,|00010000>,34
3,4,|01010000>,4
3,4,|10001100>,4
3,4,|10011011>,3
3,4,|11001100>,19
3,4,|11000010>,18
3,4,|11000011>,24
3,4,|00111100>,13
3,4,|00111011>,10
3,4,|10111000>,18
3,4,|01010100>,3
3,4,|10101101>,7
3,4,|10101010>,9
3,4,|00110110>,20
3,4,|00011110>,20
3,4,|11100001>,32
3,4,|10011110>,6
3,4,|00111101>,7
3,4,|10110011>,10
3,4,|00011111>,19
3,4,|10100011>,11
3,4,|01001110>,3
3,4,|01100011>,2
3,4,|11000101>,16
3,4,|10100010>,5
3,4,|01010011>,4
3,4,|01001011>,5
3,4,|10010001>,3
3,4,|10011000>,2
3,4,|10010000>,3
3,4,|10000100>,1
3,4,|01000010>,6
3,4,|01000011>,4
3,4,|01000100>,7
3,4,|01111100>,3
3,4,|10011001>,5
3,4,|10001111>,3
3,4,|01010110>,3
3,4,|01001100>,4
3,4,|10000110>,2
3,4,|01001101>,7
3,4,|01100010>,3
3,4,|01100000>,2
3,4,|01011110>,2
3,4,|10000000>,1
3,4,|10010100>,6
3,4,|10001101>,3
3,4,|01011000>,2
3,4,|01101100>,1
3,4,|01100001>,2
3,4,|01010111>,3
3,4,|10010111>,2
3,4,|01101110>,1
3,4,|10000010>,2
3,4,|01111111>,1
3,4,|10001010>,2
3,4,|10010010>,1
3,4,|01101001>,1
3,5,|00100101>,17
3,5,|00001101>,22
3,5,|10011000>,8
3,5,|00001010>,32
3,5,|11011101>,34
3,5,|00000010>,31
3,5,|11110010>,42
3,5,|00110111>,20
3,5,|01000101>,8
3,5,|00000000>,35
3,5,|11100001>,38
3,5,|11100100>,37
3,5,|00011111>,33
3,5,|00011010>,28
3,5,|10010101>,1
3,5,|11010010>,24
3,5,|10111100>,21
3,5,|11010110>,20
3,5,|00001100>,26
3,5,|00011110>,32
3,5,|10111110>,14
3,5,|11011000>,25
3,5,|00110110>,14
3,5,|11100101>,36
3,5,|11010111>,25
3,5,|11010000>,28
3,5,|00111111>,19
3,5,|00111110>,14
3,5,|11001110>,25
3,5,|11110100>,28
3,5,|11010100>,21
3,5,|11100110>,35
3,5,|01000100>,10
3,5,|11111001>,43
3,5,|10110000>,8
3,5,|00101100>,22
3,5,|00100110>,26
3,5,|00010011>,34
3,5,|11111101>,42
3,5,|00001110>,41
3,5,|11110011>,38
3,5,|00010110>,27
3,5,|00111010>,14
3,5,|10110111>,18
3,5,|00011101>,20
3,5,|00111100>,10
3,5,|11111100>,42
3,5,|11000001>,16
3,5,|11011011>,32
3,5,|00000101>,24
3,5,|10100001>,10
3,5,|00001111>,41
3,5,|11101010>,35
3,5,|01010101>,5
3,5,|11011110>,27
3,5,|00110101>,12
3,5,|11111010>,41
3,5,|11100111>,30
3,5,|10100011>,11
3,5,|00101011>,23
3,5,|11001100>,27
3,5,|00101110>,12
3,5,|10110110>,10
3,5,|11101101>,41
3,5,|00101001>,18
3,5,|11010101>,32
3,5,|00010010>,33
3,5,|00101000>,17
3,5,|00101010>,19
3,5,|11101111>,35
3,5,|01001111>,9
3,5,|11111111>,46
3,5,|11101110>,39
3,5,|11011100>,23
3,5,|10011001>,6
3,5,|00011001>,19
3,5,|00000110>,40
3,5,|00011011>,25
3,5,|00001011>,34
3,5,|11011001>,24
3,5,|00110001>,15
3,5,|10110001>,16
3,5,|11110001>,37
3,5,|11111110>,43
3,5,|10111101>,20
3,5,|01001100>,7
3,5,|11110101>,27
3,5,|00100000>,25
3,5,|00000111>,25
3,5,|00100111>,19
3,5,|11100010>,33
3,5,|00000100>,44
3,5,|10100110>,5
3,5,|00101101>,23
3,5,|00001000>,27
3,5,|10101000>,11
3,5,|10110011>,14
3,5,|11110111>,34
3,5,|11001011>,23
3,5,|11000010>,27
3,5,|11000000>,11
3,5,|00110100>,15
3,5,|11110000>,33
3,5,|11011111>,27
3,5,|11110110>,33
3,5,|00000011>,27
3,5,|11100011>,33
3,5,|00001001>,41
3,5,|00100010>,21
3,5,|11101000>,30
3,5,|10111010>,13
3,5,|00111000>,11
3,5,|10101001>,11
3,5,|00010001>,41
3,5,|11101001>,35
3,5,|00100011>,26
3,5,|00000001>,31
3,5,|00010101>,33
3,5,|10101011>,15
3,5,|10101111>,10
3,5,|10111000>,11
3,5,|00011100>,30
3,5,|10111111>,19
3,5,|01001011>,4
3,5,|11101011>,30
3,5,|11001000>,19
3,5,|11000111>,16
3,5,|01000000>,10
3,5,|01000011>,9
3,5,|11000101>,20
3,5,|11001001>,25
3,5,|01001110>,7
3,5,|10010011>,8
3,5,|11111000>,43
3,5,|00110010>,15
3,5,|11001111>,24
3,5,|11100000>,27
3,5,|01001101>,7
3,5,|11111011>,22
3,5,|01000001>,10
3,5,|10101110>,14
3,5,|00100100>,20
3,5,|10101101>,10
3,5,|11000011>,18
3,5,|10101100>,8
3,5,|10100101>,7
3,5,|01000111>,5
3,5,|11001010>,15
3,5,|00010100>,31
3,5,|00010111>,28
3,5,|01001001>,7
3,5,|01100011>,2
3,5,|11000100>,23
3,5,|00110011>,14
3,5,|11010011>,25
3,5,|10110010>,17
3,5,|11010001>,27
3,5,|01010001>,8
3,5,|01010110>,4
3,5,|00110000>,17
3,5,|10110101>,21
3,5,|10110100>,13
3,5,|00011000>,23
3,5,|11011010>,27
3,5,|10100000>,8
3,5,|11001101>,22
3,5,|01011101>,4
3,5,|11101100>,39
3,5,|10111001>,14
3,5,|00111011>,9
3,5,|01010100>,3
3,5,|10011111>,5
3,5,|01100010>,3
3,5,|00010000>,33
3,5,|00111001>,7
3,5,|00101111>,14
3,5,|00100001>,14
3,5,|10010000>,4
3,5,|01011001>,5
3,5,|10111011>,19
3,5,|01001000>,9
3,5,|01000110>,9
3,5,|10100111>,8
3,5,|01110000>,1
3,5,|10011110>,8
3,5,|11000110>,19
3,5,|00111101>,13
3,5,|01010010>,4
3,5,|10100100>,5
3,5,|01010000>,4
3,5,|01000010>,11
3,5,|10000100>,2
3,5,|10011010>,5
3,5,|01010011>,3
3,5,|01011011>,6
3,5,|01011111>,2
3,5,|01001010>,9
3,5,|01010111>,4
3,5,|10100010>,8
3,5,|10011101>,3
3,5,|10010010>,2
3,5,|01100110>,2
3,5,|01100100>,1
3,5,|01011100>,2
3,5,|10010001>,1
3,5,|01100101>,1
3,5,|10010100>,3
3,5,|01100111>,2
3,5,|10011011>,4
3,5,|10101010>,4
3,5,|10010110>,4
3,5,|01011110>,1
3,5,|10001100>,2
3,5,|01101011>,1
3,5,|10001001>,1
3,5,|10001000>,2
3,5,|01100000>,1
3,5,|10001111>,1
3,5,|10010111>,1
3,5,|01101000>,1
3,5,|10001110>,2
3,5,|10011100>,1
3,5,|01111011>,1
3,5,|10000001>,1
3,5,|10000111>,1
3,5,|01011000>,1
3,6,|00010110>,36
3,6,|11100101>,33
3,6,|00111011>,11
3,6,|00100111>,16
3,6,|01000001>,15
3,6,|00010001>,28
3,6,|11100011>,42
3,6,|11111111>,38
3,6,|11011100>,42
3,6,|11011111>,31
3,6,|11001001>,28
3,6,|10101111>,12
3,6,|00100000>,22
3,6,|11111101>,29
3,6,|00101001>,24
3,6,|11010110>,35
3,6,|11111010>,57
3,6,|00000000>,35
3,6,|00010100>,22
3,6,|00011111>,24
3,6,|00011101>,16
3,6,|11001101>,22
3,6,|00011000>,22
3,6,|11111000>,40
3,6,|11011110>,28
3,6,|00110101>,19
3,6,|11110000>,34
3,6,|00000010>,38
3,6,|00010000>,41
3,6,|00101010>,13
3,6,|00000011>,46
3,6,|11000011>,28
3,6,|01001111>,6
3,6,|00011011>,29
3,6,|11100110>,21
3,6,|00010010>,34
3,6,|11110111>,49
3,6,|00000101>,37
3,6,|00001110>,38
3,6,|10001001>,4
3,6,|00110001>,11
3,6,|00101101>,19
3,6,|00110111>,15
3,6,|11010101>,30
3,6,|11100100>,31
3,6,|11011010>,31
3,6,|11101110>,39
3,6,|00001011>,29
3,6,|11001100>,24
3,6,|00101011>,14
3,6,|00011001>,33
3,6,|11100010>,37
3,6,|11001111>,29
3,6,|11000000>,15
3,6,|11010100>,22
3,6,|00010011>,30
3,6,|10011110>,6
3,6,|11010011>,23
3,6,|11011001>,38
3,6,|00101100>,19
3,6,|01001001>,5
3,6,|01000011>,12
3,6,|10100000>,8
3,6,|00011010>,32
3,6,|01001100>,3
3,6,|10101001>,5
3,6,|11110100>,35
3,6,|10000010>,1
3,6,|00100010>,18
3,6,|00100001>,19
3,6,|11101101>,38
3,6,|10010000>,6
3,6,|00110011>,16
3,6,|11110101>,34
3,6,|11000101>,17
3,6,|11000001>,21
3,6,|10110010>,10
3,6,|00111001>,10
3,6,|00001100>,22
3,6,|00100101>,20
3,6,|11110011>,39
3,6,|00100100>,19
3,6,|10111001>,18
3,6,|10110101>,8
3,6,|11101111>,25
3,6,|11111001>,44
3,6,|11100111>,35
3,6,|10001011>,2
3,6,|00001111>,25
3,6,|10111010>,26
3,6,|10100100>,9
3,6,|11001010>,22
3,6,|00001101>,29
3,6,|10111100>,14
3,6,|11110010>,40
3,6,|11011000>,28
3,6,|11111011>,44
3,6,|11101100>,24
3,6,|10111110>,13
3,6,|11011011>,23
3,6,|11101000>,44
3,6,|10101110>,14
3,6,|00101110>,25
3,6,|11110001>,32
3,6,|01000111>,10
3,6,|11000111>,16
3,6,|11101011>,29
3,6,|01000000>,8
3,6,|10111011>,16
3,6,|10010011>,7
3,6,|01111110>,1
3,6,|11100000>,30
3,6,|00101111>,18
3,6,|00100011>,20
3,6,|00000100>,30
3,6,|01000100>,5
3,6,|00000110>,36
3,6,|00010101>,32
3,6,|00011100>,21
3,6,|11111100>,44
3,6,|00111101>,12
3,6,|00110010>,15
3,6,|00010111>,22
3,6,|10100101>,14
3,6,|00000001>,37
3,6,|01001000>,13
3,6,|00100110>,18
3,6,|10101101>,11
3,6,|11101001>,36
3,6,|01000110>,8
3,6,|11010001>,30
3,6,|00111010>,10
3,6,|00111110>,12
3,6,|00001001>,30
3,6,|10110100>,15
3,6,|10001010>,2
3,6,|01000101>,7
3,6,|00001000>,32
3,6,|11010010>,23
3,6,|11010111>,30
3,6,|10111101>,13
3,6,|11001011>,20
3,6,|11010000>,20
3,6,|11100001>,37
3,6,|00101000>,15
3,6,|01010010>,6
3,6,|10111111>,18
3,6,|11111110>,28
3,6,|01010110>,3
3,6,|00111000>,13
3,6,|01001110>,7
3,6,|11110110>,32
3,6,|11000110>,24
3,6,|11000010>,17
3,6,|00000111>,38
3,6,|10110011>,12
3,6,|10100111>,10
3,6,|00011110>,21
3,6,|01011000>,4
3,6,|01001101>,8
3,6,|01010111>,5
3,6,|10101011>,12
3,6,|00110100>,13
3,6,|10100010>,13
3,6,|01100000>,4
3,6,|10100001>,6
3,6,|11101010>,36
3,6,|10101010>,10
3,6,|00001010>,33
3,6,|00110000>,15
3,6,|10000101>,2
3,6,|01001011>,5
3,6,|10110000>,8
3,6,|10010001>,1
3,6,|11011101>,25
3,6,|10110111>,13
3,6,|11001000>,22
3,6,|11000100>,16
3,6,|00111100>,11
3,6,|00110110>,11
3,6,|10010111>,7
3,6,|11001110>,16
3,6,|10011010>,6
3,6,|10101000>,7
3,6,|10011111>,6
3,6,|10111000>,11
3,6,|01001010>,8
3,6,|01101100>,1
3,6,|01011010>,2
3,6,|10110110>,20
3,6,|10010101>,1
3,6,|01000010>,7
3,6,|10001000>,3
3,6,|01010011>,3
3,6,|01011001>,1
3,6,|01101101>,1
3,6,|01010001>,9
3,6,|10101100>,11
3,6,|10011011>,3
3,6,|10110001>,13
3,6,|10010110>,2
3,6,|10100011>,8
3,6,|01011101>,6
3,6,|10001110>,3
3,6,|01010100>,6
3,6,|10011101>,6
3,6,|10010100>,2
3,6,|10100110>,5
3,6,|10011000>,3
3,6,|10000110>,2
3,6,|01010101>,4
3,6,|10011100>,2
3,6,|00111111>,4
3,6,|01010000>,1
3,6,|10001101>,1
3,6,|10001100>,1
3,6,|01100100>,1
3,6,|10000111>,1
3,6,|01100101>,1
3,6,|01100010>,2
3,6,|01110010>,1
3,6,|01011110>,3
3,6,|01100011>,3
3,6,|01100001>,2
3,6,|10010010>,2
3,6,|01101011>,1
3,6,|01011111>,1
3,6,|10001111>,1
3,6,|10011001>,3
3,6,|01101000>,1
3,7,|00011001>,22
3,7,|11001110>,27
3,7,|11110111>,36
3,7,|11101000>,36
3,7,|00100010>,25
3,7,|11010100>,27
3,7,|00001010>,36
3,7,|00100101>,21
3,7,|11100100>,18
3,7,|11100001>,34
3,7,|00101101>,20
3,7,|00011011>,25
3,7,|00011111>,23
3,7,|11100110>,29
3,7,|11001100>,26
3,7,|11011100>,33
3,7,|00000111>,31
3,7,|00001111>,32
3,7,|11111001>,44
3,7,|11001111>,20
3,7,|11010111>,22
3,7,|10010101>,3
3,7,|00111110>,9
3,7,|00010011>,18
3,7,|00011100>,27
3,7,|00100001>,26
3,7,|00000010>,28
3,7,|11110000>,35
3,7,|11010001>,25
3,7,|11001011>,20
3,7,|11110110>,40
3,7,|00000100>,28
3,7,|11111110>,32
3,7,|11110010>,34
3,7,|00010111>,29
3,7,|11101011>,31
3,7,|00110010>,20
3,7,|10111100>,20
3,7,|11100101>,45
3,7,|11111100>,35
3,7,|11100010>,23
3,7,|11101110>,40
3,7,|11010011>,22
3,7,|10011010>,8
3,7,|11010110>,35
3,7,|00100011>,28
3,7,|01010000>,6
3,7,|00010000>,26
3,7,|11000000>,16
3,7,|01000000>,10
3,7,|11000101>,15
3,7,|11100011>,25
3,7,|10011001>,6
3,7,|00000000>,44
3,7,|00100111>,19
3,7,|10110110>,20
3,7,|11001001>,24
3,7,|00001100>,21
3,7,|00110000>,16
3,7,|10101001>,12
3,7,|11111010>,28
3,7,|10101110>,12
3,7,|11101111>,35
3,7,|11101010>,37
3,7,|00000001>,27
3,7,|01011000>,6
3,7,|00111011>,22
3,7,|10110100>,20
3,7,|00000011>,50
3,7,|10111101>,21
3,7,|00000101>,41
3,7,|00010110>,40
3,7,|11101001>,34
3,7,|00011000>,30
3,7,|00001011>,30
3,7,|00011110>,19
3,7,|01000100>,11
3,7,|11010010>,22
3,7,|10010100>,6
3,7,|00000110>,34
3,7,|00001000>,38
3,7,|00100100>,25
3,7,|00110111>,19
3,7,|00010101>,19
3,7,|00101010>,18
3,7,|00110100>,17
3,7,|11111000>,41
3,7,|11001101>,21
3,7,|11110001>,38
3,7,|11001000>,24
3,7,|00001001>,34
3,7,|11100000>,30
3,7,|00111010>,16
3,7,|10100010>,5
3,7,|11101100>,37
3,7,|01000010>,13
3,7,|11110100>,35
3,7,|11101101>,40
3,7,|11011101>,29
3,7,|00001101>,35
3,7,|11011001>,35
3,7,|11011000>,37
3,7,|01000001>,13
3,7,|01011010>,3
3,7,|10101100>,8
3,7,|11000011>,25
3,7,|11011010>,33
3,7,|11000010>,17
3,7,|00101001>,14
3,7,|01010010>,6
3,7,|00010100>,32
3,7,|00110110>,12
3,7,|00100110>,20
3,7,|00100000>,25
3,7,|10110010>,14
3,7,|10010110>,6
3,7,|11011111>,21
3,7,|11110011>,27
3,7,|11001010>,17
3,7,|11000111>,24
3,7,|01000110>,8
3,7,|10011011>,6
3,7,|11000001>,22
3,7,|11111111>,33
3,7,|01010110>,4
3,7,|01001000>,7
3,7,|10111001>,19
3,7,|10111010>,10
3,7,|00111001>,7
3,7,|11000110>,26
3,7,|11111101>,32
3,7,|00010001>,28
3,7,|10011111>,8
3,7,|00111000>,10
3,7,|00111111>,13
3,7,|10100100>,8
3,7,|01100010>,1
3,7,|11011110>,29
3,7,|10110111>,14
3,7,|10001111>,2
3,7,|00010010>,28
3,7,|00011101>,20
3,7,|00101110>,16
3,7,|11010000>,24
3,7,|00110101>,12
3,7,|00011010>,20
3,7,|00101000>,20
3,7,|01001100>,5
3,7,|10111000>,16
3,7,|01001001>,8
3,7,|10110101>,14
3,7,|01010011>,8
3,7,|10101000>,14
3,7,|11110101>,37
3,7,|11010101>,29
3,7,|00101100>,25
3,7,|10100101>,7
3,7,|11100111>,35
3,7,|00101111>,17
3,7,|10100000>,7
3,7,|01000101>,12
3,7,|01001011>,8
3,7,|10111110>,13
3,7,|00111100>,11
3,7,|11011011>,38
3,7,|00001110>,20
3,7,|00111101>,15
3,7,|10110011>,10
3,7,|10011110>,7
3,7,|10101111>,10
3,7,|10100011>,5
3,7,|10011100>,7
3,7,|10100001>,10
3,7,|10110001>,11
3,7,|01010101>,2
3,7,|10111011>,14
3,7,|11111011>,34
3,7,|10111111>,11
3,7,|11000100>,16
3,7,|00110011>,15
3,7,|00110001>,26
3,7,|10110000>,11
3,7,|01011110>,4
3,7,|00101011>,23
3,7,|01000111>,9
3,7,|10001011>,1
3,7,|10011000>,3
3,7,|10101010>,10
3,7,|10101101>,6
3,7,|01011100>,3
3,7,|01010100>,3
3,7,|01001111>,4
3,7,|10011101>,10
3,7,|10010000>,2
3,7,|01011111>,2
3,7,|10001001>,3
3,7,|01010111>,2
3,7,|10100111>,12
3,7,|01100110>,1
3,7,|01011101>,2
3,7,|10010011>,2
3,7,|01000011>,7
3,7,|01001010>,7
3,7,|10101011>,9
3,7,|10001000>,3
3,7,|01100001>,1
3,7,|01001101>,4
3,7,|01101000>,1
3,7,|01001110>,5
3,7,|01010001>,3
3,7,|10010010>,4
3,7,|01011011>,3
3,7,|10100110>,7
3,7,|10001110>,5
3,7,|10001010>,1
3,7,|10001101>,5
3,7,|01111110>,1
3,7,|10001100>,3
3,7,|01100101>,1
3,7,|10000110>,2
3,7,|10010111>,3
3,7,|01100111>,1
3,7,|01101101>,1
3,7,|10010001>,2
3,7,|10000011>,1
3,7,|01100000>,1
3,7,|10000100>,1
3,7,|10000001>,1
3,8,|11111000>,34
3,8,|00101000>,28
3,8,|10100000>,4
3,8,|00001111>,35
3,8,|00110001>,11
3,8,|11011010>,23
3,8,|11110110>,41
3,8,|11100010>,32
3,8,|00110101>,14
3,8,|11000000>,21
3,8,|01010000>,3
3,8,|11110000>,44
3,8,|11000011>,14
3,8,|00101010>,24
3,8,|00001101>,31
3,8,|11010001>,22
3,8,|11011111>,33
3,8,|00001110>,29
3,8,|01010001>,2
3,8,|00000011>,35
3,8,|00100100>,22
3,8,|01001010>,6
3,8,|10111010>,21
3,8,|11101011>,28
3,8,|11001011>,21
3,8,|00101100>,19
3,8,|11100011>,41
3,8,|00010101>,39
3,8,|11000101>,26
3,8,|00011100>,25
3,8,|00000010>,31
3,8,|11001000>,19
3,8,|11101000>,39
3,8,|11011110>,39
3,8,|00000001>,37
3,8,|00010110>,25
3,8,|11101100>,24
3,8,|11111001>,32
3,8,|00100001>,22
3,8,|10011011>,10
3,8,|00100011>,20
3,8,|11110011>,38
3,8,|11010100>,27
3,8,|00010001>,29
3,8,|00010100>,32
3,8,|00111011>,9
3,8,|00001011>,40
3,8,|11010010>,24
3,8,|10011100>,13
3,8,|11111100>,33
3,8,|10011101>,4
3,8,|11001100>,32
3,8,|10100110>,11
3,8,|10010111>,6
3,8,|00110010>,12
3,8,|10001010>,2
3,8,|11010101>,20
3,8,|11001111>,27
3,8,|00110011>,16
3,8,|11110010>,42
3,8,|11101110>,39
3,8,|01011011>,3
3,8,|10000101>,2
3,8,|00101111>,16
3,8,|11110001>,25
3,8,|10100010>,8
3,8,|11111010>,40
3,8,|11011101>,32
3,8,|01000100>,10
3,8,|00011001>,23
3,8,|11110111>,42
3,8,|00010011>,36
3,8,|11110100>,40
3,8,|11101111>,41
3,8,|10110010>,15
3,8,|00000000>,25
3,8,|11100001>,32
3,8,|00000100>,40
3,8,|11100100>,33
3,8,|10111101>,16
3,8,|00101001>,20
3,8,|11101010>,26
3,8,|11111110>,36
3,8,|10001111>,6
3,8,|11000111>,27
3,8,|00001100>,27
3,8,|00011011>,23
3,8,|00100111>,20
3,8,|00100101>,14
3,8,|11100110>,29
3,8,|11000110>,34
3,8,|11001101>,17
3,8,|00000111>,21
3,8,|11111011>,50
3,8,|00111010>,13
3,8,|11101001>,26
3,8,|11101101>,35
3,8,|10111111>,24
3,8,|10110111>,10
3,8,|11100101>,38
3,8,|11111111>,46
3,8,|10111011>,22
3,8,|00000101>,31
3,8,|11011100>,32
3,8,|11000100>,15
3,8,|00010111>,28
3,8,|00011111>,22
3,8,|11111101>,24
3,8,|01010010>,3
3,8,|00010000>,31
3,8,|10101000>,8
3,8,|11001010>,26
3,8,|10110100>,9
3,8,|11010111>,31
3,8,|11000010>,20
3,8,|11001001>,19
3,8,|11010011>,20
3,8,|11011011>,37
3,8,|11100000>,25
3,8,|10010001>,6
3,8,|11011000>,30
3,8,|11100111>,39
3,8,|00011010>,25
3,8,|00011101>,32
3,8,|00111000>,13
3,8,|10110011>,13
3,8,|00100010>,29
3,8,|11010000>,28
3,8,|00101101>,13
3,8,|00001001>,28
3,8,|01011101>,3
3,8,|11010110>,38
3,8,|00110110>,11
3,8,|00100110>,22
3,8,|00110100>,23
3,8,|10010110>,5
3,8,|01001111>,10
3,8,|11110101>,20
3,8,|00000110>,35
3,8,|11001110>,27
3,8,|10010011>,3
3,8,|00111100>,6
3,8,|00001000>,29
3,8,|01000101>,14
3,8,|10110110>,12
3,8,|11000001>,17
3,8,|10100101>,6
3,8,|10100100>,11
3,8,|10010000>,4
3,8,|00100000>,23
3,8,|01000110>,7
3,8,|01011111>,5
3,8,|00110111>,11
3,8,|10110001>,18
3,8,|00001010>,37
3,8,|00101110>,10
3,8,|10110000>,14
3,8,|11011001>,27
3,8,|10100011>,6
3,8,|01000010>,10
3,8,|01000000>,8
3,8,|10011111>,8
3,8,|10011010>,6
3,8,|00111110>,10
3,8,|10111001>,16
3,8,|10101101>,5
3,8,|01000011>,11
3,8,|00111001>,9
3,8,|00111111>,10
3,8,|10111100>,24
3,8,|00110000>,22
3,8,|01100000>,2
3,8,|10111000>,8
3,8,|10010101>,4
3,8,|10101111>,12
3,8,|01001011>,6
3,8,|10000110>,3
3,8,|10010100>,6
3,8,|01000001>,6
3,8,|10101100>,12
3,8,|00011000>,18
3,8,|10101110>,9
3,8,|10101010>,8
3,8,|10100111>,10
3,8,|10000111>,3
3,8,|01000111>,8
3,8,|00011110>,28
3,8,|00010010>,31
3,8,|10101011>,6
3,8,|10100001>,12
3,8,|00101011>,14
3,8,|01011110>,2
3,8,|10101001>,11
3,8,|10000000>,2
3,8,|01010100>,3
3,8,|10111110>,20
3,8,|10001011>,1
3,8,|01001000>,4
3,8,|00111101>,11
3,8,|10011001>,3
3,8,|01010011>,6
3,8,|01001100>,8
3,8,|01101101>,1
3,8,|01011000>,3
3,8,|01111110>,1
3,8,|10110101>,8
3,8,|01100010>,2
3,8,|10001100>,3
3,8,|01100011>,2
3,8,|01011100>,3
3,8,|10011110>,6
3,8,|01011010>,1
3,8,|01001101>,3
3,8,|10001110>,2
3,8,|10011000>,3
3,8,|01001110>,5
3,8,|01010101>,3
3,8,|01010110>,4
3,8,|10010010>,3
3,8,|01001001>,4
3,8,|01101000>,1
3,8,|01101001>,1
3,8,|01100111>,1
3,8,|01011001>,2
3,8,|01010111>,1
3,8,|10001101>,1
3,9,|00010001>,27
3,9,|01101001>,1
3,9,|00011011>,26
3,9,|11001001>,21
3,9,|11100110>,33
3,9,|11000110>,26
3,9,|11101110>,37
3,9,|11101011>,36
3,9,|11011111>,38
3,9,|10110000>,19
3,9,|11111001>,40
3,9,|00101100>,21
3,9,|11001110>,18
3,9,|11110000>,43
3,9,|00000111>,32
3,9,|11100111>,42
3,9,|00000110>,33
3,9,|10010101>,8
3,9,|11101010>,32
3,9,|11110110>,48
3,9,|00100100>,25
3,9,|00000101>,35
3,9,|00101101>,14
3,9,|00111110>,10
3,9,|00010010>,33
3,9,|10110011>,17
3,9,|00011111>,27
3,9,|00101110>,20
3,9,|11010000>,28
3,9,|11110111>,35
3,9,|10101011>,6
3,9,|11110011>,38
3,9,|11101111>,42
3,9,|00100001>,21
3,9,|11110010>,40
3,9,|11101000>,38
3,9,|00011010>,26
3,9,|00001001>,46
3,9,|10110100>,16
3,9,|00000010>,37
3,9,|00010011>,29
3,9,|11011110>,35
3,9,|11111101>,41
3,9,|00001111>,22
3,9,|01011101>,6
3,9,|10111110>,15
3,9,|01000010>,14
3,9,|00100110>,18
3,9,|11111110>,50
3,9,|01001000>,10
3,9,|11111100>,52
3,9,|00001101>,32
3,9,|11101100>,27
3,9,|00000011>,28
3,9,|11001111>,24
3,9,|11011001>,35
3,9,|10100101>,12
3,9,|10111111>,24
3,9,|11100001>,42
3,9,|11000011>,27
3,9,|00001100>,35
3,9,|11111000>,33
3,9,|01000110>,9
3,9,|01010010>,8
3,9,|11100011>,30
3,9,|11110100>,39
3,9,|11101001>,40
3,9,|11010110>,20
3,9,|00110100>,11
3,9,|11011101>,36
3,9,|00001011>,28
3,9,|11000010>,20
3,9,|11010010>,27
3,9,|00000001>,31
3,9,|11011011>,25
3,9,|11100010>,28
3,9,|10011000>,7
3,9,|11111010>,37
3,9,|11010101>,27
3,9,|11100101>,30
3,9,|00010110>,27
3,9,|11001010>,21
3,9,|01000100>,7
3,9,|00110101>,19
3,9,|10111100>,13
3,9,|00100010>,14
3,9,|10100001>,9
3,9,|11000000>,24
3,9,|00101010>,21
3,9,|00010101>,18
3,9,|11110101>,29
3,9,|11111111>,37
3,9,|00011100>,17
3,9,|11011000>,31
3,9,|00100000>,24
3,9,|00001010>,35
3,9,|11011010>,27
3,9,|00101000>,30
3,9,|11110001>,45
3,9,|10110101>,20
3,9,|10101000>,9
3,9,|11001011>,16
3,9,|10011010>,5
3,9,|00111011>,16
3,9,|10110001>,15
3,9,|11001000>,17
3,9,|00011110>,25
3,9,|01111001>,1
3,9,|11010011>,16
3,9,|10011101>,4
3,9,|00100011>,18
3,9,|11101101>,26
3,9,|00110010>,14
3,9,|00110000>,15
3,9,|10110010>,13
3,9,|10111010>,21
3,9,|10011011>,6
3,9,|00111101>,16
3,9,|11010100>,32
3,9,|00111001>,14
3,9,|11010111>,25
3,9,|10110111>,21
3,9,|00101111>,24
3,9,|00010111>,29
3,9,|10010110>,6
3,9,|00110001>,15
3,9,|00110110>,11
3,9,|10001010>,2
3,9,|01000111>,4
3,9,|10111001>,13
3,9,|10100010>,7
3,9,|11001100>,25
3,9,|11100000>,20
3,9,|11011100>,25
3,9,|11000001>,21
3,9,|00011001>,17
3,9,|11000100>,20
3,9,|11000111>,17
3,9,|10101010>,10
3,9,|00111000>,14
3,9,|01001001>,12
3,9,|01001100>,6
3,9,|00000000>,27
3,9,|00011101>,22
3,9,|10101110>,11
3,9,|11010001>,25
3,9,|00001000>,30
3,9,|00111010>,7
3,9,|00110011>,18
3,9,|00100111>,18
3,9,|10110110>,17
3,9,|10101111>,11
3,9,|01000001>,7
3,9,|00000100>,43
3,9,|01001101>,6
3,9,|10010011>,6
3,9,|10010000>,2
3,9,|11111011>,31
3,9,|01010101>,5
3,9,|10100110>,19
3,9,|01010011>,4
3,9,|10011001>,5
3,9,|00010000>,25
3,9,|10111011>,25
3,9,|00101001>,16
3,9,|10101001>,10
3,9,|11100100>,32
3,9,|00100101>,14
3,9,|01001010>,8
3,9,|10010100>,4
3,9,|00111100>,11
3,9,|10100100>,12
3,9,|10000101>,2
3,9,|10001011>,1
3,9,|00110111>,18
3,9,|10101100>,9
3,9,|00011000>,16
3,9,|10010111>,4
3,9,|00010100>,24
3,9,|01001110>,8
3,9,|11001101>,16
3,9,|10111101>,10
3,9,|00101011>,19
3,9,|11000101>,15
3,9,|00111111>,10
3,9,|01100100>,2
3,9,|01010110>,4
3,9,|01001011>,5
3,9,|00001110>,26
3,9,|10000010>,1
3,9,|01010111>,4
3,9,|01000011>,5
3,9,|10010010>,3
3,9,|01000101>,6
3,9,|10011110>,4
3,9,|01010001>,3
3,9,|10100000>,3
3,9,|01011110>,1
3,9,|10111000>,15
3,9,|10000111>,3
3,9,|10000100>,2
3,9,|10100111>,7
3,9,|10001101>,3
3,9,|10000110>,1
3,9,|10101101>,4
3,9,|01100000>,1
3,9,|10100011>,6
3,9,|01001111>,4
3,9,|01000000>,8
3,9,|01011001>,3
3,9,|01100011>,2
3,9,|10010001>,4
3,9,|01011011>,2
3,9,|10001111>,3
3,9,|10001110>,1
3,9,|01011000>,3
3,9,|10011111>,4
3,9,|01111110>,1
3,9,|01011100>,1
3,9,|01010100>,4
3,9,|01100110>,1
3,9,|01101011>,1
3,9,|01010000>,4
3,9,|01101010>,1
3,9,|01011111>,2
3,9,|10001100>,1
3,9,|01100010>,2
3,9,|01100101>,1
3,9,|01100001>,1
3,10,|00000000>,46
3,10,|11011000>,21
3,10,|10110001>,9
3,10,|11110000>,38
3,10,|01100011>,2
3,10,|11110001>,41
3,10,|11111110>,46
3,10,|00101001>,22
3,10,|00111011>,13
3,10,|11100010>,26
3,10,|11101111>,37
3,10,|11111000>,35
3,10,|11011101>,46
3,10,|00101101>,26
3,10,|11110101>,39
3,10,|00000001>,28
3,10,|11001001>,21
3,10,|10110010>,15
3,10,|11100101>,29
3,10,|00110001>,19
3,10,|11000000>,19
3,10,|00010100>,30
3,10,|00010010>,24
3,10,|11110100>,45
3,10,|01000111>,15
3,10,|00011100>,29
3,10,|11100001>,35
3,10,|11000001>,17
3,10,|11111100>,29
3,10,|11100111>,29
3,10,|11111111>,29
3,10,|00011011>,25
3,10,|11010000>,33
3,10,|00001001>,50
3,10,|00110100>,13
3,10,|11110011>,40
3,10,|11000100>,18
3,10,|11000011>,26
3,10,|11100000>,38
3,10,|00011001>,21
3,10,|00001110>,39
3,10,|11111101>,43
3,10,|11101011>,28
3,10,|00011000>,28
3,10,|01000011>,13
3,10,|01001101>,3
3,10,|00100110>,24
3,10,|00000101>,39
3,10,|10110000>,11
3,10,|11010101>,33
3,10,|11010100>,29
3,10,|00010101>,32
3,10,|10111011>,21
3,10,|00101000>,26
3,10,|11110111>,31
3,10,|00000011>,38
3,10,|00100111>,17
3,10,|11110110>,31
3,10,|10111001>,21
3,10,|00101100>,19
3,10,|11001111>,26
3,10,|11100011>,34
3,10,|00010000>,28
3,10,|10110111>,16
3,10,|10110011>,14
3,10,|00000010>,46
3,10,|11001011>,18
3,10,|01001100>,8
3,10,|11111011>,42
3,10,|01000101>,6
3,10,|11010110>,32
3,10,|00001000>,27
3,10,|01000100>,7
3,10,|00011010>,22
3,10,|11011111>,26
3,10,|11101110>,32
3,10,|00101110>,17
3,10,|01001010>,6
3,10,|00010001>,24
3,10,|00111110>,15
3,10,|10100101>,13
3,10,|11001000>,19
3,10,|11000110>,18
3,10,|11101100>,34
3,10,|10011111>,6
3,10,|10110110>,9
3,10,|00111010>,18
3,10,|11001100>,22
3,10,|11011001>,22
3,10,|10011101>,12
3,10,|00100101>,19
3,10,|11010010>,30
3,10,|11010011>,26
3,10,|01000001>,14
3,10,|00110111>,10
3,10,|11111010>,36
3,10,|00001011>,33
3,10,|00110101>,12
3,10,|10101111>,12
3,10,|11101001>,39
3,10,|11001110>,13
3,10,|00011110>,28
3,10,|00100000>,22
3,10,|00010110>,30
3,10,|10100111>,5
3,10,|00110000>,15
3,10,|00001101>,27
3,10,|00010011>,28
3,10,|01001110>,5
3,10,|01001111>,5
3,10,|00001111>,35
3,10,|00011101>,30
3,10,|01101001>,1
3,10,|11111001>,35
3,10,|10110100>,11
3,10,|00001010>,27
3,10,|10100100>,8
3,10,|00000110>,37
3,10,|11011011>,30
3,10,|00100001>,25
3,10,|10010000>,4
3,10,|10011010>,1
3,10,|11110010>,41
3,10,|11000101>,21
3,10,|01100110>,1
3,10,|01000110>,11
3,10,|01100000>,2
3,10,|00000100>,39
3,10,|01101000>,1
3,10,|11100110>,41
3,10,|00010111>,36
3,10,|00111000>,16
3,10,|11001010>,18
3,10,|00001100>,37
3,10,|00110110>,19
3,10,|10111110>,15
3,10,|11101101>,38
3,10,|01001000>,5
3,10,|11101010>,28
3,10,|00101011>,26
3,10,|10101110>,13
3,10,|11010001>,25
3,10,|10000111>,2
3,10,|11010111>,24
3,10,|11011010>,28
3,10,|10101001>,14
3,10,|10111000>,16
3,10,|10101011>,10
3,10,|01010111>,5
3,10,|00111101>,12
3,10,|10011100>,3
3,10,|00011111>,14
3,10,|11000111>,21
3,10,|00000111>,20
3,10,|11000010>,15
3,10,|00100011>,17
3,10,|10010111>,6
3,10,|01000010>,8
3,10,|10101101>,8
3,10,|01011010>,2
3,10,|10100011>,8
3,10,|01101010>,2
3,10,|00100010>,22
3,10,|10011110>,6
3,10,|10011001>,6
3,10,|01010001>,4
3,10,|10110101>,12
3,10,|10111010>,13
3,10,|00111100>,10
3,10,|11100100>,27
3,10,|11101000>,24
3,10,|10111100>,17
3,10,|10101010>,12
3,10,|01101100>,1
3,10,|01010000>,6
3,10,|00100100>,25
3,10,|10101100>,8
3,10,|10010110>,1
3,10,|10100001>,10
3,10,|10111101>,18
3,10,|10010100>,5
3,10,|11011100>,30
3,10,|11001101>,21
3,10,|01010010>,5
3,10,|10001000>,1
3,10,|01010011>,5
3,10,|00110010>,11
3,10,|01001001>,3
3,10,|01010101>,4
3,10,|11011110>,22
3,10,|10101000>,12
3,10,|00111111>,11
3,10,|01011101>,1
3,10,|00110011>,15
3,10,|10001111>,4
3,10,|10011011>,5
3,10,|01010100>,3
3,10,|01011100>,1
3,10,|10010101>,2
3,10,|00111001>,11
3,10,|00101010>,19
3,10,|01011001>,6
3,10,|00101111>,5
3,10,|01100010>,2
3,10,|10111111>,14
3,10,|10000101>,3
3,10,|10010010>,2
3,10,|10001011>,2
3,10,|10100000>,4
3,10,|10000000>,2
3,10,|10000110>,1
3,10,|10011000>,2
3,10,|01011110>,1
3,10,|10010001>,2
3,10,|10100110>,10
3,10,|10000011>,1
3,10,|01000000>,9
3,10,|01100001>,2
3,10,|01011011>,4
3,10,|10000100>,1
3,10,|10001110>,1
3,10,|10001101>,2
3,10,|01010110>,3
3,10,|01111110>,1
3,10,|01001011>,1
3,10,|10001001>,1
3,10,|10100010>,4
3,10,|10001100>,1
3,10,|01110000>,1
3,10,|10000010>,1
3,10,|01011000>,1
3,10,|10010011>,1
3,10,|01011111>,1
3,10,|10001010>,1
3,11,|00101110>,20
3,11,|11110100>,31
3,11,|11111010>,50
3,11,|11001000>,21
3,11,|00100011>,29
3,11,|10001111>,3
3,11,|00001011>,33
3,11,|11000000>,22
3,11,|01001001>,7
3,11,|11110001>,39
3,11,|11001100>,24
3,11,|11011001>,33
3,11,|00000010>,35
3,11,|11000010>,18
3,11,|11000110>,25
3,11,|00011101>,36
3,11,|11110101>,34
3,11,|00001111>,33
3,11,|11111100>,34
3,11,|11110111>,40
3,11,|00111010>,15
3,11,|11001011>,26
3,11,|00101011>,27
3,11,|11011100>,25
3,11,|00011011>,24
3,11,|10101111>,13
3,11,|11011101>,25
3,11,|10101011>,10
3,11,|11111011>,36
3,11,|00001001>,34
3,11,|11001111>,20
3,11,|00010101>,34
3,11,|00100111>,14
3,11,|11000111>,16
3,11,|11011011>,24
3,11,|00011001>,27
3,11,|00000111>,33
3,11,|11011000>,22
3,11,|10110011>,15
3,11,|00101010>,10
3,11,|11001001>,21
3,11,|00001100>,31
3,11,|00001110>,40
3,11,|01000100>,16
3,11,|00010000>,24
3,11,|00001000>,37
3,11,|11111110>,35
3,11,|11101100>,34
3,11,|00111101>,16
3,11,|11101111>,29
3,11,|11111001>,43
3,11,|11010010>,25
3,11,|00010001>,34
3,11,|11011110>,30
3,11,|11101010>,16
3,11,|11010011>,40
3,11,|11010000>,27
3,11,|11010001>,28
3,11,|10111000>,25
3,11,|11000001>,18
3,11,|00110111>,11
3,11,|11110011>,33
3,11,|10101100>,7
3,11,|11000101>,20
3,11,|11100010>,37
3,11,|11110010>,37
3,11,|00001101>,29
3,11,|11101011>,38
3,11,|11010101>,28
3,11,|11111000>,32
3,11,|00110110>,20
3,11,|10101010>,11
3,11,|00101111>,11
3,11,|11100000>,33
3,11,|01001100>,7
3,11,|00011100>,28
3,11,|00101100>,24
3,11,|11010100>,30
3,11,|10110111>,12
3,11,|00101101>,23
3,11,|11111101>,35
3,11,|00101000>,17
3,11,|01000001>,6
3,11,|00000110>,31
3,11,|00110001>,14
3,11,|00100001>,34
3,11,|00001010>,38
3,11,|00000000>,45
3,11,|00010110>,39
3,11,|00100101>,23
3,11,|11011111>,35
3,11,|00010011>,26
3,11,|01011100>,3
3,11,|11001010>,19
3,11,|10111010>,13
3,11,|10101110>,12
3,11,|11100101>,34
3,11,|10100001>,9
3,11,|00000011>,33
3,11,|11000100>,18
3,11,|01010111>,2
3,11,|11101001>,33
3,11,|00111110>,10
3,11,|11100110>,34
3,11,|10100111>,6
3,11,|01001000>,9
3,11,|11111111>,41
3,11,|00011000>,34
3,11,|10010101>,5
3,11,|11110110>,40
3,11,|11000011>,25
3,11,|01001111>,2
3,11,|00000001>,38
3,11,|10101001>,7
3,11,|00110011>,13
3,11,|00011010>,30
3,11,|10111011>,12
3,11,|10111111>,9
3,11,|10111110>,17
3,11,|00100010>,23
3,11,|00111100>,13
3,11,|10111101>,23
3,11,|00100100>,24
3,11,|00111001>,8
3,11,|10100100>,6
3,11,|10001110>,6
3,11,|10110000>,12
3,11,|11101110>,38
3,11,|10010111>,4
3,11,|10011100>,1
3,11,|00011110>,19
3,11,|00010100>,27
3,11,|11101000>,29
3,11,|11100100>,40
3,11,|00010111>,24
3,11,|11010111>,23
3,11,|11001101>,19
3,11,|00000101>,38
3,11,|11100001>,21
3,11,|11101101>,39
3,11,|00000100>,39
3,11,|01011010>,3
3,11,|00100000>,23
3,11,|00100110>,17
3,11,|11110000>,26
3,11,|11011010>,26
3,11,|00110010>,22
3,11,|10101000>,7
3,11,|10110010>,14
3,11,|11001110>,20
3,11,|00101001>,21
3,11,|11100111>,23
3,11,|00110100>,14
3,11,|10110110>,18
3,11,|11100011>,30
3,11,|01000010>,11
3,11,|10010000>,6
3,11,|10110100>,22
3,11,|10001101>,1
3,11,|00110101>,15
3,11,|10011101>,10
3,11,|10110101>,11
3,11,|10100010>,15
3,11,|00111000>,12
3,11,|10011110>,8
3,11,|10010001>,6
3,11,|10111001>,12
3,11,|00010010>,36
3,11,|10011011>,5
3,11,|01010101>,7
3,11,|01001110>,11
3,11,|10101101>,7
3,11,|11010110>,13
3,11,|10010011>,2
3,11,|01010110>,3
3,11,|00011111>,21
3,11,|00110000>,10
3,11,|01000111>,4
3,11,|01000110>,8
3,11,|00111111>,4
3,11,|01010000>,5
3,11,|10100110>,12
3,11,|10110001>,8
3,11,|01010010>,5
3,11,|01000011>,11
3,11,|01011110>,5
3,11,|01000000>,8
3,11,|10100000>,3
3,11,|01001011>,6
3,11,|10011111>,3
3,11,|10011010>,7
3,11,|10011001>,2
3,11,|01001101>,7
3,11,|10001000>,1
3,11,|10010010>,2
3,11,|01010001>,3
3,11,|10011000>,2
3,11,|10001010>,2
3,11,|01101010>,1
3,11,|01000101>,4
3,11,|10100011>,5
3,11,|00111011>,14
3,11,|10111100>,9
3,11,|01010100>,5
3,11,|01010011>,1
3,11,|10010110>,4
3,11,|01011001>,3
3,11,|01111010>,1
3,11,|01011111>,5
3,11,|10100101>,7
3,11,|01110000>,1
3,11,|01011011>,1
3,11,|01001010>,7
3,11,|01100000>,1
3,11,|01100100>,2
3,11,|01011101>,1
3,11,|10001001>,2
3,11,|10001100>,4
3,11,|01111110>,1
3,11,|01100111>,1
3,11,|10001011>,4
3,11,|10000001>,1
3,11,|01100110>,1
3,11,|10000111>,2
3,11,|01011000>,1
3,11,|10010100>,2
3,11,|10000110>,1
3,11,|10000100>,1
3,11,|10000101>,2
3,11,|01111000>,1
3,12,|00101011>,13
3,12,|11010011>,24
3,12,|00111110>,13
3,12,|00010001>,26
3,12,|11111011>,35
3,12,|11101111>,36
3,12,|10101100>,13
3,12,|10100000>,11
3,12,|00011101>,27
3,12,|11101110>,34
3,12,|00011010>,29
3,12,|10111110>,16
3,12,|00010010>,31
3,12,|01000001>,10
3,12,|11100110>,42
3,12,|11111010>,32
3,12,|11110100>,41
3,12,|11101011>,42
3,12,|00000110>,26
3,12,|11110110>,38
3,12,|00001111>,32
3,12,|00100111>,21
3,12,|01000100>,11
3,12,|11100111>,38
3,12,|11001010>,31
3,12,|11100101>,28
3,12,|11111000>,32
3,12,|11110001>,38
3,12,|11001101>,34
3,12,|00100011>,17
3,12,|00001001>,38
3,12,|11101010>,31
3,12,|11000100>,15
3,12,|10111010>,17
3,12,|00101010>,22
3,12,|11101101>,35
3,12,|11111101>,47
3,12,|10100001>,4
3,12,|10101010>,9
3,12,|10011001>,5
3,12,|11110010>,38
3,12,|00100101>,20
3,12,|00111100>,8
3,12,|00000011>,32
3,12,|11110101>,40
3,12,|00101001>,19
3,12,|11000111>,29
3,12,|10111111>,13
3,12,|00000111>,33
3,12,|01000000>,14
3,12,|11111110>,25
3,12,|00100001>,20
3,12,|10100111>,11
3,12,|11110000>,33
3,12,|00011001>,24
3,12,|00001000>,47
3,12,|10100110>,12
3,12,|10111100>,21
3,12,|00001101>,35
3,12,|00000101>,35
3,12,|11111111>,39
3,12,|11011010>,27
3,12,|00101000>,21
3,12,|00001110>,28
3,12,|11001111>,30
3,12,|11011111>,26
3,12,|11010000>,20
3,12,|00110100>,15
3,12,|00101101>,19
3,12,|01001011>,8
3,12,|10010111>,6
3,12,|11100000>,26
3,12,|00001010>,27
3,12,|00110000>,16
3,12,|11010001>,22
3,12,|10110111>,13
3,12,|00101110>,22
3,12,|00000010>,40
3,12,|11111001>,33
3,12,|11101001>,27
3,12,|00100110>,17
3,12,|11011000>,36
3,12,|00111010>,7
3,12,|00011000>,29
3,12,|00100010>,36
3,12,|11010111>,31
3,12,|11011001>,30
3,12,|00100100>,16
3,12,|11100011>,24
3,12,|11100010>,29
3,12,|11101000>,28
3,12,|00010100>,36
3,12,|00000001>,37
3,12,|00011111>,31
3,12,|00011011>,31
3,12,|11110111>,44
3,12,|00110110>,17
3,12,|10010001>,5
3,12,|10011000>,2
3,12,|11011101>,37
3,12,|00110011>,19
3,12,|00000100>,35
3,12,|00010000>,24
3,12,|10110010>,20
3,12,|00010101>,27
3,12,|00100000>,26
3,12,|10110100>,10
3,12,|10111011>,8
3,12,|11000010>,14
3,12,|00010111>,28
3,12,|01010101>,2
3,12,|11001100>,25
3,12,|10110001>,10
3,12,|10110000>,17
3,12,|00010011>,24
3,12,|11100001>,17
3,12,|01000011>,5
3,12,|11011011>,34
3,12,|01101001>,2
3,12,|00001100>,29
3,12,|00110001>,14
3,12,|10010010>,4
3,12,|10100101>,9
3,12,|11000110>,26
3,12,|00111001>,11
3,12,|10110110>,8
3,12,|00110010>,12
3,12,|11000001>,26
3,12,|11011110>,29
3,12,|11111100>,45
3,12,|11010101>,20
3,12,|10101011>,13
3,12,|11000101>,29
3,12,|11010100>,26
3,12,|11010010>,23
3,12,|00101100>,24
3,12,|11110011>,40
3,12,|01010010>,9
3,12,|01000110>,9
3,12,|00000000>,23
3,12,|11011100>,26
3,12,|10001100>,3
3,12,|00011110>,19
3,12,|01010111>,6
3,12,|11000011>,17
3,12,|00110101>,14
3,12,|01000101>,14
3,12,|11001000>,18
3,12,|00111101>,12
3,12,|10111001>,18
3,12,|01100011>,3
3,12,|00010110>,24
3,12,|10111000>,13
3,12,|01001100>,4
3,12,|11100100>,31
3,12,|10111101>,16
3,12,|11010110>,23
3,12,|01000111>,7
3,12,|11001001>,14
3,12,|11001110>,18
3,12,|10101001>,10
3,12,|10110011>,15
3,12,|01010110>,4
3,12,|01000010>,6
3,12,|11000000>,22
3,12,|00111011>,13
3,12,|00111000>,11
3,12,|01010100>,6
3,12,|10100010>,9
3,12,|10101101>,5
3,12,|10001101>,5
3,12,|00110111>,12
3,12,|11101100>,41
3,12,|10001111>,3
3,12,|10101000>,12
3,12,|10101110>,12
3,12,|11001011>,22
3,12,|10100011>,11
3,12,|10101111>,10
3,12,|01010011>,8
3,12,|01010001>,6
3,12,|01001000>,9
3,12,|00011100>,25
3,12,|10110101>,15
3,12,|10010101>,4
3,12,|10011100>,9
3,12,|10010011>,4
3,12,|00001011>,36
3,12,|10011011>,6
3,12,|01001101>,12
3,12,|01001010>,7
3,12,|00101111>,16
3,12,|10011010>,6
3,12,|01011100>,1
3,12,|10001000>,1
3,12,|01001001>,3
3,12,|10001110>,3
3,12,|10001001>,2
3,12,|01001111>,2
3,12,|10011101>,7
3,12,|01011000>,2
3,12,|10010000>,4
3,12,|01011010>,2
3,12,|00111111>,12
3,12,|01001110>,2
3,12,|01100101>,1
3,12,|10011110>,4
3,12,|01111110>,1
3,12,|01010000>,5
3,12,|10010110>,5
3,12,|10100100>,5
3,12,|10000101>,2
3,12,|01100100>,2
3,12,|10010100>,1
3,12,|01011001>,1
3,12,|01011101>,1
3,12,|01101101>,1
3,12,|01011110>,1
3,12,|10000111>,1
3,12,|01101100>,1
3,12,|01011011>,1
3,12,|10000001>,2
3,12,|01111011>,1
3,12,|10011111>,4
3,12,|10000010>,2
3,12,|01101011>,1
3,12,|10001011>,2
3,12,|01100001>,1
3,13,|11110101>,35
3,13,|00011011>,28
3,13,|00011010>,30
3,13,|11111100>,45
3,13,|11011111>,27
3,13,|11000001>,25
3,13,|10001011>,3
3,13,|11110100>,36
3,13,|01001010>,7
3,13,|11100011>,24
3,13,|00001111>,36
3,13,|00010101>,25
3,13,|11111001>,44
3,13,|11100110>,30
3,13,|11110111>,38
3,13,|11110000>,39
3,13,|11011001>,35
3,13,|01000110>,10
3,13,|10111000>,13
3,13,|01001011>,4
3,13,|10111101>,22
3,13,|11010001>,24
3,13,|11111011>,34
3,13,|00000011>,49
3,13,|10100100>,5
3,13,|00000111>,32
3,13,|00110000>,17
3,13,|00010111>,21
3,13,|00001001>,31
3,13,|00111101>,15
3,13,|00010010>,32
3,13,|11101101>,42
3,13,|00001110>,24
3,13,|00101110>,18
3,13,|11111101>,33
3,13,|00010001>,38
3,13,|11100001>,38
3,13,|00100010>,17
3,13,|00001000>,37
3,13,|00001011>,27
3,13,|11110010>,45
3,13,|00110111>,15
3,13,|00000000>,35
3,13,|11010100>,23
3,13,|11110011>,36
3,13,|10101011>,8
3,13,|00011111>,25
3,13,|10100011>,11
3,13,|00100001>,23
3,13,|01001001>,7
3,13,|10101101>,12
3,13,|00101111>,17
3,13,|11101010>,32
3,13,|00111010>,19
3,13,|00101100>,18
3,13,|11101000>,33
3,13,|00000100>,36
3,13,|11011110>,25
3,13,|10110111>,13
3,13,|11000101>,21
3,13,|00100110>,17
3,13,|00110100>,17
3,13,|11010110>,27
3,13,|00011100>,27
3,13,|01000101>,9
3,13,|11010111>,26
3,13,|11000011>,20
3,13,|11010101>,23
3,13,|00011110>,29
3,13,|10110101>,16
3,13,|00000101>,46
3,13,|10110110>,20
3,13,|01000010>,7
3,13,|00010011>,27
3,13,|11100010>,37
3,13,|11010010>,26
3,13,|10010111>,5
3,13,|11100101>,40
3,13,|10111100>,17
3,13,|11100000>,35
3,13,|11111000>,31
3,13,|00110101>,19
3,13,|11010011>,23
3,13,|11001110>,28
3,13,|11110001>,31
3,13,|11101011>,35
3,13,|10011111>,5
3,13,|10111111>,20
3,13,|00101000>,25
3,13,|11100100>,32
3,13,|11100111>,34
3,13,|11000010>,26
3,13,|00010100>,25
3,13,|11110110>,37
3,13,|11011011>,20
3,13,|11111010>,50
3,13,|11101001>,34
3,13,|00100100>,30
3,13,|00011001>,30
3,13,|01000100>,10
3,13,|11000111>,24
3,13,|00100101>,24
3,13,|10010001>,3
3,13,|11001000>,24
3,13,|01000001>,17
3,13,|00000110>,38
3,13,|11001001>,19
3,13,|00100011>,22
3,13,|11111110>,43
3,13,|00010000>,20
3,13,|00111110>,13
3,13,|10011001>,4
3,13,|00000001>,27
3,13,|11101110>,36
3,13,|11011100>,22
3,13,|00101001>,20
3,13,|00101010>,19
3,13,|11111111>,40
3,13,|00001101>,32
3,13,|00000010>,36
3,13,|00010110>,27
3,13,|11001010>,17
3,13,|00001010>,34
3,13,|10100111>,9
3,13,|10100101>,7
3,13,|11000110>,21
3,13,|11011000>,31
3,13,|11001101>,20
3,13,|00001100>,37
3,13,|10110011>,8
3,13,|10010010>,4
3,13,|11011101>,29
3,13,|10011000>,4
3,13,|10010100>,4
3,13,|10100110>,9
3,13,|00011000>,22
3,13,|01001000>,8
3,13,|10001001>,1
3,13,|00111111>,22
3,13,|11000000>,24
3,13,|00110011>,17
3,13,|10011100>,6
3,13,|00111011>,16
3,13,|10101100>,7
3,13,|00111001>,10
3,13,|11001111>,20
3,13,|00011101>,19
3,13,|10111010>,13
3,13,|10011010>,4
3,13,|00100000>,28
3,13,|10101110>,8
3,13,|10101000>,6
3,13,|10111011>,24
3,13,|00110010>,18
3,13,|11101100>,36
3,13,|11001100>,21
3,13,|11011010>,24
3,13,|01010100>,3
3,13,|00111000>,15
3,13,|11010000>,23
3,13,|11000100>,23
3,13,|10101111>,13
3,13,|01001110>,5
3,13,|00111100>,19
3,13,|10110000>,14
3,13,|10010101>,3
3,13,|10110001>,14
3,13,|10110100>,9
3,13,|10000111>,1
3,13,|00100111>,18
3,13,|11101111>,34
3,13,|10101010>,6
3,13,|10111001>,14
3,13,|10011101>,8
3,13,|10001110>,4
3,13,|10111110>,17
3,13,|00110110>,14
3,13,|10110010>,10
3,13,|10101001>,6
3,13,|10100010>,6
3,13,|11001011>,16
3,13,|00101101>,12
3,13,|00110001>,12
3,13,|01011000>,3
3,13,|01010101>,5
3,13,|10011110>,7
3,13,|01011101>,1
3,13,|01010000>,4
3,13,|01000011>,8
3,13,|01001101>,8
3,13,|01000000>,3
3,13,|10010000>,4
3,13,|00101011>,15
3,13,|01011001>,3
3,13,|01010001>,4
3,13,|01001100>,3
3,13,|10000110>,1
3,13,|01011100>,2
3,13,|01010010>,4
3,13,|10100000>,5
3,13,|10100001>,6
3,13,|01001111>,2
3,13,|01101001>,1
3,13,|10001111>,2
3,13,|01100001>,1
3,13,|01011010>,2
3,13,|01101000>,1
3,13,|01000111>,4
3,13,|01011011>,1
3,13,|10001010>,1
3,13,|10001000>,2
3,13,|01011111>,2
3,13,|01100000>,1
3,13,|10010011>,3
3,13,|10011011>,1
3,13,|01101011>,1
3,13,|01101101>,1
3,13,|01100011>,1
3,13,|10010110>,2
3,13,|10001101>,1
3,13,|01010011>,1
3,13,|10001100>,1
3,13,|01010110>,1
3,14,|10111100>,19
3,14,|00110111>,16
3,14,|11110010>,44
3,14,|11111010>,34
3,14,|11101100>,39
3,14,|11001110>,25
3,14,|11100010>,28
3,14,|11000110>,19
3,14,|00111110>,13
3,14,|00000000>,41
3,14,|11100001>,39
3,14,|00010100>,32
3,14,|01000111>,9
3,14,|00000110>,33
3,14,|00100010>,30
3,14,|00101000>,17
3,14,|01000001>,7
3,14,|00000100>,30
3,14,|11110001>,36
3,14,|11111101>,29
3,14,|00110000>,15
3,14,|00000101>,37
3,14,|11000001>,11
3,14,|00011011>,22
3,14,|00110011>,12
3,14,|11111011>,43
3,14,|01001111>,13
3,14,|11110110>,32
3,14,|11010001>,28
3,14,|11111111>,41
3,14,|00111100>,20
3,14,|11011100>,22
3,14,|00100110>,23
3,14,|10110011>,17
3,14,|00001001>,37
3,14,|00000111>,29
3,14,|11100111>,41
3,14,|10111011>,18
3,14,|00011101>,27
3,14,|11000101>,22
3,14,|11100000>,43
3,14,|00010110>,20
3,14,|11001111>,20
3,14,|10011110>,6
3,14,|11001010>,22
3,14,|10111010>,18
3,14,|10111111>,13
3,14,|00001100>,41
3,14,|10010100>,2
3,14,|11000100>,14
3,14,|00001101>,36
3,14,|00011100>,21
3,14,|11100110>,26
3,14,|11110101>,26
3,14,|00011000>,33
3,14,|00110101>,20
3,14,|10101001>,11
3,14,|11111110>,39
3,14,|11110111>,44
3,14,|11111000>,38
3,14,|11011101>,36
3,14,|00011111>,21
3,14,|11010010>,29
3,14,|00001111>,28
3,14,|11101011>,28
3,14,|01000011>,5
3,14,|00101101>,23
3,14,|11011011>,26
3,14,|10010010>,4
3,14,|11110000>,40
3,14,|11110011>,30
3,14,|00111111>,11
3,14,|00000001>,45
3,14,|11111001>,41
3,14,|11010101>,27
3,14,|11000011>,22
3,14,|00110110>,17
3,14,|00100001>,17
3,14,|00001110>,27
3,14,|10110000>,13
3,14,|11101001>,41
3,14,|00010000>,37
3,14,|00100100>,20
3,14,|00011110>,29
3,14,|10111101>,18
3,14,|10101101>,9
3,14,|11101101>,35
3,14,|00001010>,31
3,14,|10111001>,12
3,14,|10111110>,17
3,14,|01001110>,7
3,14,|00000010>,41
3,14,|11001101>,27
3,14,|11000010>,25
3,14,|01010011>,4
3,14,|00011001>,24
3,14,|00110100>,17
3,14,|01001011>,6
3,14,|10111000>,18
3,14,|00010101>,26
3,14,|11000000>,18
3,14,|11011111>,35
3,14,|00001000>,25
3,14,|01010111>,3
3,14,|11011110>,35
3,14,|00111000>,16
3,14,|10110010>,14
3,14,|10101110>,10
3,14,|11111100>,38
3,14,|00010011>,32
3,14,|11101010>,41
3,14,|00101100>,15
3,14,|11101000>,33
3,14,|11100011>,39
3,14,|11010111>,18
3,14,|00001011>,34
3,14,|00011010>,21
3,14,|11011010>,27
3,14,|10110100>,13
3,14,|00010001>,33
3,14,|01010010>,6
3,14,|00111101>,14
3,14,|11101110>,24
3,14,|11001000>,22
3,14,|11010011>,26
3,14,|00100000>,25
3,14,|00100011>,21
3,14,|00111010>,10
3,14,|10001010>,2
3,14,|10100110>,11
3,14,|00010010>,35
3,14,|11100100>,32
3,14,|10110110>,12
3,14,|10011100>,9
3,14,|11010110>,24
3,14,|10100011>,6
3,14,|10001101>,3
3,14,|10100111>,15
3,14,|11110100>,39
3,14,|01001010>,5
3,14,|00101010>,18
3,14,|00100111>,23
3,14,|10110001>,18
3,14,|11011000>,23
3,14,|10100101>,8
3,14,|01001100>,13
3,14,|01010000>,8
3,14,|10100010>,9
3,14,|00101111>,13
3,14,|11010000>,28
3,14,|11101111>,33
3,14,|10110111>,13
3,14,|01010110>,4
3,14,|00100101>,15
3,14,|10011000>,11
3,14,|11100101>,28
3,14,|00010111>,28
3,14,|10101111>,9
3,14,|10110101>,15
3,14,|01000101>,10
3,14,|00000011>,33
3,14,|00101001>,18
3,14,|01000000>,5
3,14,|11010100>,16
3,14,|10101100>,14
3,14,|10011001>,4
3,14,|11001100>,15
3,14,|10011011>,5
3,14,|10101011>,8
3,14,|01001001>,10
3,14,|10100001>,9
3,14,|11011001>,31
3,14,|00111001>,13
3,14,|10001100>,4
3,14,|11000111>,25
3,14,|00101011>,15
3,14,|11001001>,18
3,14,|10010110>,5
3,14,|01001101>,8
3,14,|00111011>,8
3,14,|01011110>,1
3,14,|01001000>,5
3,14,|10010101>,4
3,14,|01010001>,5
3,14,|00110001>,18
3,14,|01010101>,5
3,14,|10001000>,3
3,14,|10101010>,10
3,14,|11001011>,9
3,14,|01011101>,4
3,14,|10011010>,5
3,14,|01011011>,3
3,14,|10001011>,2
3,14,|00110010>,11
3,14,|10101000>,8
3,14,|10010000>,3
3,14,|00101110>,12
3,14,|10001111>,4
3,14,|01011001>,3
3,14,|10011101>,3
3,14,|01111110>,1
3,14,|01011111>,1
3,14,|01110000>,1
3,14,|10100000>,11
3,14,|01100000>,1
3,14,|10100100>,4
3,14,|10001001>,1
3,14,|01000100>,3
3,14,|10001110>,2
3,14,|10010001>,4
3,14,|10010111>,3
3,14,|01000110>,5
3,14,|01101110>,1
3,14,|10011111>,6
3,14,|10000110>,1
3,14,|01011000>,4
3,14,|01000010>,3
3,14,|01111111>,1
3,14,|01100100>,1
3,14,|01101000>,2
3,14,|10010011>,2
3,14,|01011100>,3
3,14,|01100001>,2
3,14,|10000011>,1
3,14,|01100110>,1
3,14,|10000111>,2
3,14,|10000010>,1
3,14,|01101011>,1
3,15,|11111000>,41
3,15,|00000010>,33
3,15,|10110110>,13
3,15,|11011011>,27
3,15,|11010001>,23
3,15,|10100001>,11
3,15,|00000101>,33
3,15,|11001010>,29
3,15,|00011011>,30
3,15,|00000111>,38
3,15,|11010100>,25
3,15,|10111100>,29
3,15,|00110011>,12
3,15,|11110111>,31
3,15,|11101100>,40
3,15,|00110100>,13
3,15,|11100101>,26
3,15,|11110000>,38
3,15,|10100101>,13
3,15,|00110010>,17
3,15,|01000001>,12
3,15,|11011101>,30
3,15,|00101000>,21
3,15,|11010101>,24
3,15,|11111101>,39
3,15,|11101000>,43
3,15,|11101010>,38
3,15,|00001111>,35
3,15,|01011100>,1
3,15,|00001010>,27
3,15,|00000110>,42
3,15,|10110100>,15
3,15,|11110100>,42
3,15,|00101100>,25
3,15,|11000100>,15
3,15,|11011100>,27
3,15,|10111101>,16
3,15,|11010000>,18
3,15,|11011111>,31
3,15,|00111111>,11
3,15,|10110001>,16
3,15,|00110001>,21
3,15,|10100111>,11
3,15,|11100110>,32
3,15,|11000000>,21
3,15,|11101101>,45
3,15,|10110101>,13
3,15,|00101010>,20
3,15,|11000010>,34
3,15,|10110011>,15
3,15,|11000111>,24
3,15,|11011010>,26
3,15,|11011110>,34
3,15,|11010011>,29
3,15,|01011010>,5
3,15,|00001001>,23
3,15,|11000011>,16
3,15,|11110101>,32
3,15,|11110010>,40
3,15,|11101110>,44
3,15,|11010110>,30
3,15,|00000001>,42
3,15,|11111010>,28
3,15,|10110000>,18
3,15,|00111001>,14
3,15,|00000100>,33
3,15,|11111011>,36
3,15,|10000110>,1
3,15,|00010011>,34
3,15,|01000011>,12
3,15,|11011001>,29
3,15,|00100110>,18
3,15,|00010111>,39
3,15,|11111001>,45
3,15,|00011111>,22
3,15,|01001001>,7
3,15,|00101001>,27
3,15,|10100010>,10
3,15,|00011001>,21
3,15,|11100011>,30
3,15,|00010100>,38
3,15,|00011100>,21
3,15,|00110111>,13
3,15,|00010001>,23
3,15,|11110001>,29
3,15,|11100100>,27
3,15,|10111000>,18
3,15,|00001011>,37
3,15,|00100010>,32
3,15,|10011010>,9
3,15,|11101011>,32
3,15,|10111110>,10
3,15,|11001100>,30
3,15,|00100101>,18
3,15,|10111010>,14
3,15,|00010110>,39
3,15,|01001111>,11
3,15,|00010010>,25
3,15,|11001101>,21
3,15,|11001000>,25
3,15,|00001100>,27
3,15,|11011000>,26
3,15,|00011110>,25
3,15,|11001111>,21
3,15,|00000011>,33
3,15,|11000101>,23
3,15,|11101111>,43
3,15,|00011010>,24
3,15,|11111110>,23
3,15,|00000000>,34
3,15,|11010111>,22
3,15,|11100010>,24
3,15,|00101011>,17
3,15,|11100111>,35
3,15,|01000000>,11
3,15,|00001000>,23
3,15,|10101001>,9
3,15,|00011101>,22
3,15,|10110010>,14
3,15,|10101110>,13
3,15,|11001011>,22
3,15,|01001110>,5
3,15,|10100110>,8
3,15,|00100100>,16
3,15,|00001101>,18
3,15,|11010010>,26
3,15,|11000110>,15
3,15,|01010010>,5
3,15,|10011111>,7
3,15,|00011000>,26
3,15,|01000100>,8
3,15,|11111111>,40
3,15,|11110011>,35
3,15,|01010001>,6
3,15,|11101001>,43
3,15,|00100111>,19
3,15,|00111011>,8
3,15,|10010011>,4
3,15,|10111001>,17
3,15,|10000011>,1
3,15,|00110110>,21
3,15,|00010000>,29
3,15,|00111101>,14
3,15,|10101100>,10
3,15,|00010101>,33
3,15,|11100000>,25
3,15,|10101010>,14
3,15,|11000001>,19
3,15,|10001101>,2
3,15,|01001101>,2
3,15,|00001110>,34
3,15,|01001010>,6
3,15,|10101111>,9
3,15,|10010111>,4
3,15,|10101011>,12
3,15,|10110111>,15
3,15,|00101101>,20
3,15,|11110110>,35
3,15,|00111110>,7
3,15,|00110101>,16
3,15,|10011001>,8
3,15,|00110000>,17
3,15,|00111000>,15
3,15,|10111111>,16
3,15,|00101111>,14
3,15,|01100011>,1
3,15,|10010000>,4
3,15,|01011110>,2
3,15,|01100100>,3
3,15,|11100001>,22
3,15,|10011101>,7
3,15,|00111010>,12
3,15,|10010010>,3
3,15,|00101110>,19
3,15,|11111100>,35
3,15,|10011011>,2
3,15,|01011101>,4
3,15,|11001001>,21
3,15,|10010110>,8
3,15,|11001110>,27
3,15,|00100011>,16
3,15,|10111011>,8
3,15,|10101101>,8
3,15,|01000110>,6
3,15,|10101000>,8
3,15,|10100100>,8
3,15,|00100001>,23
3,15,|10001100>,1
3,15,|01000101>,8
3,15,|00100000>,21
3,15,|10011000>,6
3,15,|01001011>,5
3,15,|01101000>,1
3,15,|01010011>,5
3,15,|10010100>,4
3,15,|01000111>,4
3,15,|01001000>,4
3,15,|10100000>,5
3,15,|10001111>,3
3,15,|01000010>,8
3,15,|10011110>,6
3,15,|10011100>,8
3,15,|01010100>,3
3,15,|01001100>,8
3,15,|10010101>,4
3,15,|10001011>,3
3,15,|01011011>,2
3,15,|01100101>,1
3,15,|01010101>,6
3,15,|01100000>,2
3,15,|01100111>,2
3,15,|10001001>,2
3,15,|01010110>,2
3,15,|00111100>,4
3,15,|10000000>,1
3,15,|10000010>,1
3,15,|01010000>,4
3,15,|01100001>,2
3,15,|10001000>,2
3,15,|10100011>,5
3,15,|01011000>,2
3,15,|01011111>,1
3,15,|01111111>,1
3,15,|01101111>,1
3,15,|10000001>,1
3,15,|10010001>,1
3,15,|01010111>,1
3,16,|11100000>,28
3,16,|00011111>,18
3,16,|00011011>,36
3,16,|11011110>,38
3,16,|11001000>,24
3,16,|11011010>,25
3,16,|11110101>,43
3,16,|10110011>,15
3,16,|11100100>,26
3,16,|10101001>,6
3,16,|10100101>,9
3,16,|11001111>,18
3,16,|10101100>,13
3,16,|11111101>,41
3,16,|11101101>,35
3,16,|00001010>,38
3,16,|11001101>,17
3,16,|00111111>,9
3,16,|00101110>,21
3,16,|11000011>,17
3,16,|11011111>,23
3,16,|10110101>,15
3,16,|11110010>,29
3,16,|11111011>,55
3,16,|00011110>,16
3,16,|11001010>,13
3,16,|11110011>,46
3,16,|11011101>,32
3,16,|11010001>,24
3,16,|00001011>,40
3,16,|11000101>,19
3,16,|11101110>,36
3,16,|01000001>,9
3,16,|00011101>,24
3,16,|10101101>,7
3,16,|10111010>,7
3,16,|11001001>,21
3,16,|11100111>,34
3,16,|11011100>,23
3,16,|11100011>,38
3,16,|00011010>,29
3,16,|11100110>,34
3,16,|10111001>,9
3,16,|00000100>,35
3,16,|11010110>,40
3,16,|11000100>,23
3,16,|00000110>,33
3,16,|11101100>,36
3,16,|00000001>,44
3,16,|00001110>,34
3,16,|00101010>,23
3,16,|11000000>,19
3,16,|00111110>,14
3,16,|10100010>,7
3,16,|01111010>,1
3,16,|10100111>,9
3,16,|00100001>,26
3,16,|00101101>,17
3,16,|01011011>,1
3,16,|00000111>,36
3,16,|00100000>,23
3,16,|11010101>,31
3,16,|10011110>,8
3,16,|00101111>,19
3,16,|00000010>,46
3,16,|11111010>,37
3,16,|00010010>,32
3,16,|11111001>,43
3,16,|11011011>,19
3,16,|00100111>,17
3,16,|00000000>,46
3,16,|00001001>,31
3,16,|00001111>,33
3,16,|11110111>,39
3,16,|11111110>,42
3,16,|11011001>,37
3,16,|01000101>,8
3,16,|11100001>,28
3,16,|11101000>,26
3,16,|10110010>,11
3,16,|00001100>,28
3,16,|11110001>,47
3,16,|11011000>,32
3,16,|00010100>,23
3,16,|11101001>,39
3,16,|00100011>,20
3,16,|11111000>,45
3,16,|11010011>,28
3,16,|11100101>,27
3,16,|11010111>,22
3,16,|11110100>,32
3,16,|10010000>,3
3,16,|00010110>,31
3,16,|10100110>,7
3,16,|00110110>,11
3,16,|00111100>,15
3,16,|00000011>,24
3,16,|10010001>,2
3,16,|11001100>,19
3,16,|00110011>,15
3,16,|11111100>,33
3,16,|00010000>,26
3,16,|11110110>,39
3,16,|00101000>,13
3,16,|00111101>,14
3,16,|00101011>,19
3,16,|00110000>,19
3,16,|10010111>,3
3,16,|11101011>,32
3,16,|00110001>,11
3,16,|11110000>,41
3,16,|10110111>,13
3,16,|01100100>,1
3,16,|10011001>,7
3,16,|10010101>,4
3,16,|00000101>,34
3,16,|00110100>,11
3,16,|10111111>,21
3,16,|10111100>,18
3,16,|10110100>,10
3,16,|00100100>,23
3,16,|10010100>,5
3,16,|10111000>,15
3,16,|10001011>,2
3,16,|01000010>,14
3,16,|11000111>,20
3,16,|11001011>,20
3,16,|00010101>,38
3,16,|01010110>,6
3,16,|10110110>,18
3,16,|00011000>,18
3,16,|01000011>,7
3,16,|00011001>,23
3,16,|00110010>,14
3,16,|00111011>,21
3,16,|00010001>,21
3,16,|10110001>,10
3,16,|11000010>,20
3,16,|11010010>,28
3,16,|00010011>,25
3,16,|00001000>,37
3,16,|11101010>,33
3,16,|11101111>,33
3,16,|11001110>,17
3,16,|00100101>,24
3,16,|10100001>,8
3,16,|00100110>,29
3,16,|11010000>,25
3,16,|11000001>,18
3,16,|10101010>,9
3,16,|00111010>,19
3,16,|11100010>,27
3,16,|01100000>,4
3,16,|11010100>,30
3,16,|01001110>,7
3,16,|00111001>,12
3,16,|10001110>,4
3,16,|01000000>,12
3,16,|10100011>,11
3,16,|10101011>,11
3,16,|00001101>,28
3,16,|11111111>,26
3,16,|10011100>,4
3,16,|10010010>,3
3,16,|01000111>,9
3,16,|00101100>,18
3,16,|10111101>,18
3,16,|00110111>,18
3,16,|10101110>,13
3,16,|10111110>,13
3,16,|01010010>,3
3,16,|00101001>,21
3,16,|10110000>,15
3,16,|10011111>,8
3,16,|01011000>,5
3,16,|00100010>,15
3,16,|10001111>,3
3,16,|10000100>,2
3,16,|10111011>,15
3,16,|00011100>,22
3,16,|11000110>,22
3,16,|10011011>,6
3,16,|10101111>,13
3,16,|00010111>,29
3,16,|10011101>,5
3,16,|01001000>,4
3,16,|01010001>,7
3,16,|01011001>,5
3,16,|01001101>,5
3,16,|10101000>,11
3,16,|10011000>,8
3,16,|01001010>,4
3,16,|01100111>,1
3,16,|01010000>,8
3,16,|01011110>,2
3,16,|01101010>,1
3,16,|10010110>,3
3,16,|00111000>,9
3,16,|10001101>,1
3,16,|01001011>,5
3,16,|10100000>,9
3,16,|01010101>,3
3,16,|01100110>,2
3,16,|01000110>,9
3,16,|01001111>,4
3,16,|01001001>,8
3,16,|01101101>,1
3,16,|01011010>,1
3,16,|01011100>,3
3,16,|01010100>,3
3,16,|01001100>,4
3,16,|10001010>,1
3,16,|01101001>,1
3,16,|00110101>,8
3,16,|01010011>,5
3,16,|01100101>,2
3,16,|01000100>,10
3,16,|01010111>,3
3,16,|10011010>,4
3,16,|10001000>,1
3,16,|10010011>,3
3,16,|01011111>,2
3,16,|10100100>,4
3,16,|01011101>,3
3,16,|10001100>,1
3,16,|10000110>,1
3,16,|10000101>,1
4,0,|10101110>,6
4,0,|01101010>,18
4,0,|00010110>,32
4,0,|00000001>,32
4,0,|00001110>,24
4,0,|10111000>,4
4,0,|10100000>,7
4,0,|00110110>,32
4,0,|00000011>,24
4,0,|01000111>,26
4,0,|00110010>,31
4,0,|01001101>,36
4,0,|00011111>,44
4,0,|00111000>,27
4,0,|10000101>,13
4,0,|00011101>,21
4,0,|01101000>,14
4,0,|00101111>,28
4,0,|00011000>,39
4,0,|01111010>,15
4,0,|10100011>,7
4,0,|00101011>,27
4,0,|00001100>,29
4,0,|01100010>,17
4,0,|00000111>,34
4,0,|01011001>,24
4,0,|01000010>,23
4,0,|00110001>,21
4,0,|01011100>,28
4,0,|00100010>,35
4,0,|01101011>,27
4,0,|01010010>,30
4,0,|00100110>,40
4,0,|00101001>,46
4,0,|01110100>,15
4,0,|01000001>,29
4,0,|00111100>,36
4,0,|10001011>,13
4,0,|00110000>,29
4,0,|10010001>,10
4,0,|00110101>,37
4,0,|10010010>,15
4,0,|00110100>,42
4,0,|01100110>,29
4,0,|01110011>,19
4,0,|10001000>,11
4,0,|00010100>,34
4,0,|00101100>,34
4,0,|00001001>,39
4,0,|00100111>,29
4,0,|11011111>,1
4,0,|00101000>,36
4,0,|10001100>,11
4,0,|10100010>,5
4,0,|01001010>,33
4,0,|00010101>,39
4,0,|01111111>,11
4,0,|01000101>,47
4,0,|01100100>,23
4,0,|00011010>,29
4,0,|00100000>,46
4,0,|01001001>,26
4,0,|00110011>,34
4,0,|00101010>,29
4,0,|01001011>,30
4,0,|00001010>,28
4,0,|00111101>,29
4,0,|01010000>,30
4,0,|01001100>,37
4,0,|00000010>,24
4,0,|11100111>,1
4,0,|10011100>,12
4,0,|00001011>,24
4,0,|01011010>,30
4,0,|00001000>,33
4,0,|01100011>,25
4,0,|00010000>,29
4,0,|00100100>,30
4,0,|10101100>,1
4,0,|01010100>,14
4,0,|01011101>,34
4,0,|11111000>,5
4,0,|01011110>,31
4,0,|00011011>,31
4,0,|01101110>,19
4,0,|01110110>,24
4,0,|10100001>,7
4,0,|00111010>,27
4,0,|00110111>,35
4,0,|01000110>,32
4,0,|01010011>,26
4,0,|10011111>,13
4,0,|00000000>,24
4,0,|00111111>,39
4,0,|11110100>,6
4,0,|00100001>,30
4,0,|01010110>,20
4,0,|01101100>,19
4,0,|01001110>,25
4,0,|00010001>,30
4,0,|01101101>,24
4,0,|01101001>,18
4,0,|00010011>,30
4,0,|01111100>,11
4,0,|01001000>,32
4,0,|10011010>,6
4,0,|00101101>,37
4,0,|10010101>,12
4,0,|01101111>,25
4,0,|01011111>,24
4,0,|00101110>,26
4,0,|10000001>,23
4,0,|00001111>,36
4,0,|00010111>,40
4,0,|10000000>,15
4,0,|00001101>,51
4,0,|00011110>,30
4,0,|01100111>,29
4,0,|10011110>,9
4,0,|10000100>,22
4,0,|00011001>,39
4,0,|01000100>,32
4,0,|01100101>,17
4,0,|01010001>,26
4,0,|01010101>,28
4,0,|00100011>,26
4,0,|00000101>,26
4,0,|11101110>,1
4,0,|00100101>,30
4,0,|10000011>,14
4,0,|01001111>,30
4,0,|01010111>,23
4,0,|01000011>,34
4,0,|00111011>,32
4,0,|01111011>,14
4,0,|01110001>,18
4,0,|00000100>,30
4,0,|10010100>,12
4,0,|10110110>,2
4,0,|00111110>,34
4,0,|00000110>,33
4,0,|10000111>,10
4,0,|01000000>,27
4,0,|01110101>,15
4,0,|01111110>,17
4,0,|10100110>,4
4,0,|10100101>,8
4,0,|00111001>,20
4,0,|10111010>,2
4,0,|00011100>,34
4,0,|01011011>,28
4,0,|10001110>,13
4,0,|10100100>,4
4,0,|01100001>,22
4,0,|01011000>,22
4,0,|11111001>,2
4,0,|11101000>,2
4,0,|10010011>,17
4,0,|10011011>,5
4,0,|10000010>,9
4,0,|11111111>,6
4,0,|01111001>,9
4,0,|01111101>,15
4,0,|00010010>,28
4,0,|10001010>,9
4,0,|10100111>,3
4,0,|10001001>,13
4,0,|10101011>,2
4,0,|11111011>,6
4,0,|01100000>,23
4,0,|11110010>,1
4,0,|10011101>,7
4,0,|11110110>,3
4,0,|01110010>,17
4,0,|10101010>,5
4,0,|10110001>,3
4,0,|10001101>,9
4,0,|11000011>,1
4,0,|10010000>,9
4,0,|11110000>,4
4,0,|11100110>,4
4,0,|10011000>,12
4,0,|10110000>,3
4,0,|10101001>,6
4,0,|10010110>,10
4,0,|11100100>,2
4,0,|01110000>,16
4,0,|10101111>,3
4,0,|10010111>,10
4,0,|10111100>,2
4,0,|11101100>,3
4,0,|11000100>,1
4,0,|10001111>,8
4,0,|11110101>,2
4,0,|10101000>,4
4,0,|11101010>,2
4,0,|11110111>,1
4,0,|01110111>,7
4,0,|01111000>,14
4,0,|10011001>,3
4,0,|11111010>,6
4,0,|11101111>,2
4,0,|10110010>,1
4,0,|10111101>,2
4,0,|10000110>,12
4,0,|11011100>,1
4,0,|10110100>,1
4,0,|10110011>,1
4,0,|10111111>,1
4,0,|11111101>,2
4,0,|11000000>,1
4,0,|11111100>,3
4,0,|10110111>,2
4,0,|11111110>,2
4,0,|10111011>,1
4,0,|11110001>,1
4,0,|11011110>,1
4,0,|10110101>,2
4,1,|00001101>,41
4,1,|01000110>,31
4,1,|00101100>,36
4,1,|00101000>,32
4,1,|01101100>,22
4,1,|00010010>,32
4,1,|00100111>,39
4,1,|00011110>,43
4,1,|00111101>,31
4,1,|10010001>,14
4,1,|01111111>,10
4,1,|00111111>,46
4,1,|00111010>,26
4,1,|00010000>,29
4,1,|00011011>,30
4,1,|01010000>,31
4,1,|10000011>,12
4,1,|00000010>,29
4,1,|01100001>,24
4,1,|10100101>,3
4,1,|01001011>,28
4,1,|01000001>,34
4,1,|01000111>,27
4,1,|00101101>,32
4,1,|01111010>,16
4,1,|00110011>,25
4,1,|00011010>,29
4,1,|01110011>,18
4,1,|00010011>,38
4,1,|10000111>,16
4,1,|01001001>,30
4,1,|01100101>,26
4,1,|00110111>,29
4,1,|01101101>,17
4,1,|01110001>,20
4,1,|01010010>,22
4,1,|10001111>,14
4,1,|00000101>,28
4,1,|00011111>,21
4,1,|10101101>,8
4,1,|00111110>,32
4,1,|00000000>,25
4,1,|01001111>,36
4,1,|10101110>,2
4,1,|00000011>,35
4,1,|01101000>,22
4,1,|00100101>,48
4,1,|00101001>,32
4,1,|01010111>,23
4,1,|10111010>,4
4,1,|00001010>,29
4,1,|10000110>,10
4,1,|01100111>,20
4,1,|00111100>,36
4,1,|01100100>,26
4,1,|00110100>,22
4,1,|10011000>,9
4,1,|00110110>,25
4,1,|01001100>,25
4,1,|10110011>,6
4,1,|01100011>,18
4,1,|01111100>,23
4,1,|01101011>,15
4,1,|00000001>,25
4,1,|01111110>,17
4,1,|01111000>,12
4,1,|01110101>,17
4,1,|01111001>,15
4,1,|10000010>,14
4,1,|00010101>,40
4,1,|01000100>,30
4,1,|00001001>,26
4,1,|01011000>,27
4,1,|01011001>,26
4,1,|00100001>,33
4,1,|01100000>,23
4,1,|00111011>,30
4,1,|01111101>,14
4,1,|10000101>,6
4,1,|00100010>,36
4,1,|00000100>,32
4,1,|11101011>,3
4,1,|11110111>,5
4,1,|01010011>,35
4,1,|00110101>,39
4,1,|01001110>,31
4,1,|01001101>,26
4,1,|00001011>,38
4,1,|00100110>,28
4,1,|00000111>,29
4,1,|00111000>,41
4,1,|11111111>,3
4,1,|00101110>,38
4,1,|01010100>,25
4,1,|00101111>,27
4,1,|10000001>,19
4,1,|01001010>,34
4,1,|01010001>,32
4,1,|00101010>,32
4,1,|00100100>,29
4,1,|01101001>,19
4,1,|10000100>,16
4,1,|11111100>,5
4,1,|00001000>,35
4,1,|10010010>,7
4,1,|10011011>,10
4,1,|00111001>,32
4,1,|00001111>,33
4,1,|01010101>,34
4,1,|00011001>,33
4,1,|00110010>,37
4,1,|00110001>,42
4,1,|01100010>,19
4,1,|10001110>,7
4,1,|01101111>,24
4,1,|10001001>,18
4,1,|01110111>,20
4,1,|00001110>,28
4,1,|01001000>,51
4,1,|00100011>,29
4,1,|00001100>,30
4,1,|01011111>,22
4,1,|11101111>,4
4,1,|01000000>,34
4,1,|00011100>,33
4,1,|01011101>,18
4,1,|10010000>,12
4,1,|10001011>,9
4,1,|01000011>,20
4,1,|11000000>,1
4,1,|00000110>,29
4,1,|01110110>,22
4,1,|00101011>,33
4,1,|10001010>,12
4,1,|11111010>,5
4,1,|00100000>,46
4,1,|10000000>,9
4,1,|00010100>,25
4,1,|00110000>,33
4,1,|10010100>,8
4,1,|00011000>,43
4,1,|01011100>,26
4,1,|01110000>,19
4,1,|00010001>,26
4,1,|01111011>,13
4,1,|01100110>,17
4,1,|00010111>,29
4,1,|01101110>,25
4,1,|01110100>,16
4,1,|10110111>,2
4,1,|00010110>,33
4,1,|11101010>,1
4,1,|10011010>,8
4,1,|11000010>,1
4,1,|01011011>,30
4,1,|10100111>,3
4,1,|11111000>,2
4,1,|10001000>,17
4,1,|11110010>,3
4,1,|01011110>,19
4,1,|11100111>,2
4,1,|10010011>,11
4,1,|10011111>,7
4,1,|01000101>,25
4,1,|01011010>,22
4,1,|10111110>,1
4,1,|10100100>,7
4,1,|10011100>,5
4,1,|01010110>,32
4,1,|10101011>,3
4,1,|01110010>,13
4,1,|10101100>,7
4,1,|10110010>,5
4,1,|01000010>,24
4,1,|01101010>,11
4,1,|11110001>,1
4,1,|00011101>,36
4,1,|11110101>,4
4,1,|10100001>,3
4,1,|10001101>,9
4,1,|11111011>,2
4,1,|10011101>,4
4,1,|11111110>,3
4,1,|10101010>,6
4,1,|10100110>,5
4,1,|10011001>,6
4,1,|11111001>,6
4,1,|11101110>,1
4,1,|11100110>,1
4,1,|10101000>,4
4,1,|10110100>,2
4,1,|10010110>,5
4,1,|10111000>,2
4,1,|10011110>,7
4,1,|10100011>,8
4,1,|11101100>,3
4,1,|10101111>,3
4,1,|11100001>,1
4,1,|10010101>,6
4,1,|11110100>,5
4,1,|10100000>,4
4,1,|10110000>,3
4,1,|11110011>,4
4,1,|11101000>,2
4,1,|10010111>,9
4,1,|10111011>,1
4,1,|11110110>,5
4,1,|11111101>,3
4,1,|11100100>,2
4,1,|11000101>,1
4,1,|11000111>,1
4,1,|10110110>,1
4,1,|10111001>,2
4,1,|10111101>,1
4,1,|10001100>,5
4,1,|10100010>,1
4,1,|10101001>,3
4,1,|11100101>,1
4,1,|11001000>,1
4,1,|11000001>,1
4,1,|11101101>,1
4,2,|10010011>,9
4,2,|01001110>,28
4,2,|00100110>,42
4,2,|01000100>,29
4,2,|00111011>,41
4,2,|00000010>,36
4,2,|01111110>,13
4,2,|01000111>,33
4,2,|10001110>,11
4,2,|00111001>,41
4,2,|01010010>,25
4,2,|00111010>,41
4,2,|01001101>,30
4,2,|00001001>,28
4,2,|00100010>,30
4,2,|01010000>,35
4,2,|00000110>,34
4,2,|01001000>,35
4,2,|00010010>,34
4,2,|00110100>,47
4,2,|00011100>,29
4,2,|00111100>,33
4,2,|00100100>,33
4,2,|01000010>,33
4,2,|00011011>,38
4,2,|01011000>,31
4,2,|00100101>,28
4,2,|01000110>,38
4,2,|00111110>,25
4,2,|01100001>,19
4,2,|00101111>,38
4,2,|00000000>,34
4,2,|00101010>,40
4,2,|10000010>,15
4,2,|11111011>,3
4,2,|01001010>,35
4,2,|00001000>,26
4,2,|00011000>,24
4,2,|10000000>,17
4,2,|00101110>,37
4,2,|00011111>,36
4,2,|00000100>,41
4,2,|10110110>,3
4,2,|00000111>,29
4,2,|10001111>,9
4,2,|00000011>,32
4,2,|01111111>,13
4,2,|01111001>,20
4,2,|10000001>,18
4,2,|00010110>,31
4,2,|00101011>,28
4,2,|00110000>,41
4,2,|00111111>,32
4,2,|01110010>,16
4,2,|00001101>,26
4,2,|01010001>,22
4,2,|01100010>,23
4,2,|00010000>,27
4,2,|10001000>,12
4,2,|01110101>,27
4,2,|11111111>,5
4,2,|01111000>,20
4,2,|01000101>,29
4,2,|01101101>,19
4,2,|00110001>,28
4,2,|11110001>,2
4,2,|00110010>,35
4,2,|01001011>,32
4,2,|00010100>,27
4,2,|01110111>,18
4,2,|01011101>,26
4,2,|10110000>,3
4,2,|00101100>,33
4,2,|01101011>,29
4,2,|01110000>,23
4,2,|01011100>,20
4,2,|01100110>,26
4,2,|01011010>,26
4,2,|00101101>,34
4,2,|01001111>,33
4,2,|00011001>,32
4,2,|00001100>,20
4,2,|01110100>,22
4,2,|10011101>,5
4,2,|00010101>,20
4,2,|00000101>,33
4,2,|00010111>,37
4,2,|00000001>,32
4,2,|10000100>,11
4,2,|00110111>,31
4,2,|00100011>,35
4,2,|01000001>,40
4,2,|10011000>,8
4,2,|00100000>,39
4,2,|00011101>,30
4,2,|01111010>,12
4,2,|01100000>,21
4,2,|10010110>,9
4,2,|10111000>,2
4,2,|00011010>,33
4,2,|10010101>,6
4,2,|01101100>,20
4,2,|01010111>,28
4,2,|01101000>,20
4,2,|01110110>,22
4,2,|00110011>,35
4,2,|00001110>,41
4,2,|10010000>,11
4,2,|01000011>,33
4,2,|01110001>,17
4,2,|10011100>,13
4,2,|01001100>,35
4,2,|00010001>,42
4,2,|01010100>,29
4,2,|10100111>,5
4,2,|01010101>,33
4,2,|11111101>,4
4,2,|01000000>,16
4,2,|01101110>,20
4,2,|00011110>,32
4,2,|00001011>,33
4,2,|01100100>,22
4,2,|10001010>,12
4,2,|01011111>,35
4,2,|10000111>,15
4,2,|00111000>,29
4,2,|00001111>,28
4,2,|11110101>,2
4,2,|01011001>,26
4,2,|01011110>,27
4,2,|01011011>,25
4,2,|01101111>,18
4,2,|01111100>,16
4,2,|11111100>,5
4,2,|01101001>,15
4,2,|00010011>,27
4,2,|01111101>,6
4,2,|10011001>,6
4,2,|11101110>,5
4,2,|10011011>,6
4,2,|01101010>,19
4,2,|10010111>,10
4,2,|10110111>,1
4,2,|01010011>,24
4,2,|10001100>,6
4,2,|10011110>,2
4,2,|00001010>,30
4,2,|00111101>,24
4,2,|00100001>,33
4,2,|01001001>,26
4,2,|01111011>,16
4,2,|01100101>,19
4,2,|00101001>,32
4,2,|01010110>,33
4,2,|01100111>,21
4,2,|00110101>,37
4,2,|10001101>,11
4,2,|10000011>,8
4,2,|00110110>,30
4,2,|00101000>,25
4,2,|00100111>,23
4,2,|11100111>,2
4,2,|11110110>,2
4,2,|10100011>,6
4,2,|10101000>,7
4,2,|10010100>,6
4,2,|10111011>,2
4,2,|01100011>,18
4,2,|11011011>,1
4,2,|10101100>,4
4,2,|10100101>,3
4,2,|10000101>,7
4,2,|10011111>,2
4,2,|10111100>,1
4,2,|10000110>,13
4,2,|10110010>,3
4,2,|11111010>,3
4,2,|10001001>,11
4,2,|10010010>,8
4,2,|11111001>,1
4,2,|11110100>,6
4,2,|10101001>,1
4,2,|11111000>,3
4,2,|10100110>,4
4,2,|10011010>,8
4,2,|10110011>,2
4,2,|10100100>,6
4,2,|10010001>,10
4,2,|10001011>,9
4,2,|11011110>,1
4,2,|11101100>,2
4,2,|11101010>,2
4,2,|10100010>,4
4,2,|10101010>,4
4,2,|11111110>,3
4,2,|11101111>,2
4,2,|11110011>,1
4,2,|01110011>,12
4,2,|11101011>,3
4,2,|11110000>,2
4,2,|10101110>,3
4,2,|11000110>,2
4,2,|10111101>,1
4,2,|10110100>,2
4,2,|10110001>,2
4,2,|11011101>,1
4,2,|10100000>,3
4,2,|11000100>,1
4,2,|10101011>,3
4,2,|10101111>,1
4,2,|10111001>,1
4,2,|11110111>,2
4,2,|10101101>,3
4,2,|10110101>,1
4,2,|11000010>,2
4,2,|10111110>,1
4,2,|11110010>,4
4,2,|11100110>,1
4,2,|11100010>,1
4,2,|11101101>,1
4,2,|11001011>,1
4,3,|00011010>,32
4,3,|00110111>,24
4,3,|00101110>,28
4,3,|01010110>,26
4,3,|01000000>,28
4,3,|10100101>,4
4,3,|00001011>,31
4,3,|01010000>,42
4,3,|01000001>,26
4,3,|10001010>,14
4,3,|01100100>,24
4,3,|01001111>,25
4,3,|01110110>,23
4,3,|00011011>,44
4,3,|10010011>,11
4,3,|01000110>,22
4,3,|10011110>,6
4,3,|00110110>,30
4,3,|01011000>,28
4,3,|00010000>,39
4,3,|01000011>,35
4,3,|00010010>,33
4,3,|00111100>,33
4,3,|00111111>,34
4,3,|01011001>,32
4,3,|01011010>,22
4,3,|10000001>,13
4,3,|00100001>,30
4,3,|00000000>,24
4,3,|01111110>,20
4,3,|01110000>,24
4,3,|00000001>,22
4,3,|01110011>,23
4,3,|00011101>,47
4,3,|01010011>,28
4,3,|00001001>,41
4,3,|00010101>,29
4,3,|01001101>,42
4,3,|10010001>,6
4,3,|10000010>,20
4,3,|00011100>,34
4,3,|00000110>,37
4,3,|00110010>,31
4,3,|10000000>,14
4,3,|01110010>,25
4,3,|00111000>,32
4,3,|10011101>,9
4,3,|00010011>,36
4,3,|11101101>,2
4,3,|00100010>,36
4,3,|10010000>,11
4,3,|00011000>,40
4,3,|01011101>,26
4,3,|00010100>,34
4,3,|00000100>,27
4,3,|01011111>,25
4,3,|10101111>,2
4,3,|00110100>,28
4,3,|00111011>,44
4,3,|00101100>,31
4,3,|01001001>,27
4,3,|00100000>,21
4,3,|11101001>,1
4,3,|10100110>,3
4,3,|00101000>,24
4,3,|11110000>,1
4,3,|00010001>,34
4,3,|01101111>,24
4,3,|01001100>,27
4,3,|01100000>,33
4,3,|01110101>,21
4,3,|00000111>,24
4,3,|10000011>,19
4,3,|00111101>,35
4,3,|00001101>,19
4,3,|10011001>,5
4,3,|11111100>,3
4,3,|01001011>,34
4,3,|01100101>,22
4,3,|00101001>,33
4,3,|01110111>,22
4,3,|00100100>,21
4,3,|00000011>,40
4,3,|00000101>,34
4,3,|00101101>,31
4,3,|10001000>,10
4,3,|00101010>,36
4,3,|00001110>,39
4,3,|00110011>,39
4,3,|00100011>,38
4,3,|10001011>,15
4,3,|01101000>,21
4,3,|01101100>,21
4,3,|00111010>,38
4,3,|01010111>,29
4,3,|00101111>,34
4,3,|01110100>,8
4,3,|10101011>,4
4,3,|00011110>,32
4,3,|00100101>,40
4,3,|00011001>,36
4,3,|00011111>,26
4,3,|00100111>,34
4,3,|01001000>,29
4,3,|10000110>,16
4,3,|11110100>,3
4,3,|01010100>,22
4,3,|00100110>,19
4,3,|01000111>,25
4,3,|11111001>,6
4,3,|00101011>,46
4,3,|11110001>,2
4,3,|00110001>,32
4,3,|01000101>,30
4,3,|00010110>,29
4,3,|01101010>,21
4,3,|00111001>,32
4,3,|01101001>,19
4,3,|01100110>,25
4,3,|01001110>,26
4,3,|00110101>,30
4,3,|01111000>,19
4,3,|00001010>,30
4,3,|01010101>,22
4,3,|10001111>,14
4,3,|01110001>,9
4,3,|01011100>,24
4,3,|01011110>,25
4,3,|10001110>,5
4,3,|00000010>,26
4,3,|01100011>,28
4,3,|01000100>,26
4,3,|00010111>,35
4,3,|10001101>,13
4,3,|10010101>,5
4,3,|00110000>,42
4,3,|00001100>,32
4,3,|10101010>,5
4,3,|11110011>,7
4,3,|10110100>,1
4,3,|10101000>,3
4,3,|01010001>,34
4,3,|01101101>,29
4,3,|01010010>,28
4,3,|11101010>,2
4,3,|10000111>,8
4,3,|01100010>,20
4,3,|01111101>,14
4,3,|10101100>,6
4,3,|11111010>,4
4,3,|10001100>,13
4,3,|10011111>,5
4,3,|00001000>,28
4,3,|10100010>,5
4,3,|01011011>,31
4,3,|10010110>,8
4,3,|01000010>,23
4,3,|01111001>,16
4,3,|10101001>,5
4,3,|01101011>,20
4,3,|11111110>,4
4,3,|01001010>,29
4,3,|10001001>,14
4,3,|00001111>,30
4,3,|10110011>,3
4,3,|11100111>,1
4,3,|10010111>,4
4,3,|00111110>,29
4,3,|01111011>,9
4,3,|10010100>,7
4,3,|10000101>,15
4,3,|11101111>,3
4,3,|10110001>,3
4,3,|10101101>,6
4,3,|10100111>,4
4,3,|10111010>,2
4,3,|01101110>,10
4,3,|11110101>,5
4,3,|01100111>,18
4,3,|01111111>,15
4,3,|11100100>,1
4,3,|10010010>,11
4,3,|10011010>,6
4,3,|10100100>,7
4,3,|01100001>,20
4,3,|11110111>,2
4,3,|10000100>,13
4,3,|10011000>,8
4,3,|11100010>,1
4,3,|10011011>,6
4,3,|01111100>,12
4,3,|11111011>,3
4,3,|10110000>,3
4,3,|10100011>,3
4,3,|10110010>,2
4,3,|11101110>,1
4,3,|10011100>,7
4,3,|10100000>,4
4,3,|01111010>,9
4,3,|11101100>,2
4,3,|11000000>,3
4,3,|10111110>,2
4,3,|10111011>,1
4,3,|11101011>,1
4,3,|10111000>,4
4,3,|11000101>,1
4,3,|10100001>,2
4,3,|10110111>,2
4,3,|11110010>,2
4,3,|10110101>,3
4,3,|11101000>,1
4,3,|10111101>,1
4,3,|10101110>,2
4,3,|11111111>,2
4,3,|11111101>,4
4,3,|11111000>,2
4,3,|11110110>,1
4,3,|11100110>,1
4,4,|01001100>,21
4,4,|00110001>,26
4,4,|00011011>,47
4,4,|00111100>,33
4,4,|01000101>,31
4,4,|01011000>,28
4,4,|01111111>,10
4,4,|00000111>,29
4,4,|00100100>,37
4,4,|00000100>,24
4,4,|01000011>,26
4,4,|00001000>,45
4,4,|01000100>,31
4,4,|01010000>,19
4,4,|00010011>,39
4,4,|00101010>,33
4,4,|00111111>,32
4,4,|01011100>,31
4,4,|01001101>,31
4,4,|01101011>,19
4,4,|00110110>,39
4,4,|01100101>,21
4,4,|00101100>,36
4,4,|01000110>,33
4,4,|00011100>,32
4,4,|10000101>,17
4,4,|01100111>,29
4,4,|00100111>,37
4,4,|00001100>,29
4,4,|10001010>,15
4,4,|01010100>,31
4,4,|00101001>,28
4,4,|00001101>,46
4,4,|00110010>,32
4,4,|00000101>,28
4,4,|00110100>,34
4,4,|00001011>,33
4,4,|01010101>,28
4,4,|01100001>,33
4,4,|00101111>,22
4,4,|11110110>,4
4,4,|00011001>,43
4,4,|00010111>,34
4,4,|01011001>,27
4,4,|01110111>,15
4,4,|10010011>,9
4,4,|01111010>,26
4,4,|01000001>,30
4,4,|10011101>,4
4,4,|00101101>,25
4,4,|00100000>,26
4,4,|01011111>,33
4,4,|01000111>,31
4,4,|10011100>,5
4,4,|01110110>,17
4,4,|00100101>,29
4,4,|01101101>,13
4,4,|10000111>,11
4,4,|01010011>,32
4,4,|01001110>,30
4,4,|00011111>,35
4,4,|01010111>,24
4,4,|00000000>,38
4,4,|00011000>,36
4,4,|00110101>,33
4,4,|01001001>,43
4,4,|10111000>,5
4,4,|01000000>,30
4,4,|10110111>,4
4,4,|01110010>,18
4,4,|10101001>,10
4,4,|01100000>,23
4,4,|10100011>,3
4,4,|00111101>,37
4,4,|00001111>,32
4,4,|00101110>,37
4,4,|00010000>,32
4,4,|01011110>,20
4,4,|00100001>,40
4,4,|00111110>,34
4,4,|00100011>,32
4,4,|10010100>,14
4,4,|00111011>,31
4,4,|01110101>,23
4,4,|01111100>,14
4,4,|01010010>,34
4,4,|00010010>,33
4,4,|00010101>,36
4,4,|00100010>,38
4,4,|00110111>,42
4,4,|01011010>,33
4,4,|00010001>,33
4,4,|00001010>,37
4,4,|00111010>,37
4,4,|10000010>,13
4,4,|10001011>,10
4,4,|01110011>,26
4,4,|01100011>,20
4,4,|00011101>,32
4,4,|01100100>,18
4,4,|00001110>,31
4,4,|01001010>,38
4,4,|00101000>,40
4,4,|10101111>,4
4,4,|10100001>,9
4,4,|10101010>,7
4,4,|01101010>,14
4,4,|00010110>,34
4,4,|10010101>,7
4,4,|01110000>,20
4,4,|00000110>,21
4,4,|11101100>,3
4,4,|01000010>,30
4,4,|00000010>,39
4,4,|10010111>,9
4,4,|11111101>,4
4,4,|01011011>,33
4,4,|01111110>,18
4,4,|00010100>,39
4,4,|00110011>,34
4,4,|00100110>,32
4,4,|01111101>,10
4,4,|10000100>,14
4,4,|01101000>,23
4,4,|01101111>,15
4,4,|00001001>,29
4,4,|10100101>,5
4,4,|11111110>,3
4,4,|00000011>,27
4,4,|10101011>,1
4,4,|00101011>,36
4,4,|01100010>,29
4,4,|00011110>,32
4,4,|01001011>,25
4,4,|01010001>,17
4,4,|00110000>,30
4,4,|01001111>,27
4,4,|01111001>,14
4,4,|10001001>,9
4,4,|10010001>,10
4,4,|00111000>,22
4,4,|11110011>,2
4,4,|00111001>,34
4,4,|10101100>,4
4,4,|10001000>,14
4,4,|10010110>,8
4,4,|00011010>,27
4,4,|10111001>,1
4,4,|00000001>,26
4,4,|01011101>,21
4,4,|10110011>,2
4,4,|10000000>,11
4,4,|10001101>,6
4,4,|11110101>,3
4,4,|10001100>,20
4,4,|10100110>,6
4,4,|01100110>,22
4,4,|01110100>,15
4,4,|11111100>,1
4,4,|01001000>,20
4,4,|10011001>,5
4,4,|01101100>,13
4,4,|01101001>,14
4,4,|11111010>,3
4,4,|10000110>,7
4,4,|10110100>,3
4,4,|10011111>,8
4,4,|01110001>,14
4,4,|10011000>,5
4,4,|10100111>,6
4,4,|01010110>,20
4,4,|10000011>,12
4,4,|01111000>,17
4,4,|11110001>,2
4,4,|10000001>,9
4,4,|10011010>,4
4,4,|11110000>,1
4,4,|10011011>,3
4,4,|10100000>,7
4,4,|01101110>,16
4,4,|10011110>,7
4,4,|11110100>,4
4,4,|10001110>,5
4,4,|10010000>,7
4,4,|11111011>,5
4,4,|10111101>,2
4,4,|10101101>,2
4,4,|11101101>,3
4,4,|11101000>,1
4,4,|10110000>,5
4,4,|10001111>,7
4,4,|01111011>,11
4,4,|10010010>,9
4,4,|11111001>,4
4,4,|10110010>,1
4,4,|11101010>,2
4,4,|10110101>,2
4,4,|10101000>,4
4,4,|11100101>,3
4,4,|10111010>,2
4,4,|11000100>,2
4,4,|11101111>,1
4,4,|10100100>,4
4,4,|10110001>,2
4,4,|11000101>,1
4,4,|11111000>,3
4,4,|11101001>,3
4,4,|11111111>,2
4,4,|11101110>,2
4,4,|11100001>,1
4,4,|10100010>,3
4,4,|11110010>,1
4,5,|00000000>,25
4,5,|00010011>,36
4,5,|10010010>,5
4,5,|00101000>,28
4,5,|01100010>,18
4,5,|01110111>,15
4,5,|01111010>,15
4,5,|00001110>,29
4,5,|00011100>,25
4,5,|10000000>,13
4,5,|01001000>,32
4,5,|01000101>,25
4,5,|10100111>,8
4,5,|00010110>,28
4,5,|00100000>,36
4,5,|01000100>,34
4,5,|00010101>,26
4,5,|01101100>,25
4,5,|00000001>,29
4,5,|01100011>,20
4,5,|01101110>,24
4,5,|01011011>,28
4,5,|01100001>,14
4,5,|00000111>,33
4,5,|00101001>,36
4,5,|00110100>,54
4,5,|01110010>,19
4,5,|01010000>,29
4,5,|00001101>,39
4,5,|01101111>,26
4,5,|01101000>,22
4,5,|00010000>,35
4,5,|00111100>,26
4,5,|00111101>,34
4,5,|00100101>,21
4,5,|10010101>,6
4,5,|00000110>,36
4,5,|01000111>,41
4,5,|00111011>,34
4,5,|00101011>,36
4,5,|00110101>,35
4,5,|00110010>,44
4,5,|01011101>,30
4,5,|00111000>,37
4,5,|11111000>,2
4,5,|00001010>,38
4,5,|01111100>,11
4,5,|01110110>,22
4,5,|00101111>,40
4,5,|01000010>,34
4,5,|10001000>,8
4,5,|00110000>,28
4,5,|01111101>,12
4,5,|01001101>,32
4,5,|00001000>,31
4,5,|01011111>,17
4,5,|11110000>,4
4,5,|01010110>,29
4,5,|01101010>,22
4,5,|00110001>,39
4,5,|01000011>,34
4,5,|11110010>,3
4,5,|11110001>,3
4,5,|00100110>,30
4,5,|01101011>,25
4,5,|00001011>,30
4,5,|01101101>,22
4,5,|10010001>,15
4,5,|10110111>,5
4,5,|01011100>,18
4,5,|00101100>,39
4,5,|10111111>,1
4,5,|00100010>,27
4,5,|00001111>,34
4,5,|00101110>,37
4,5,|10110000>,6
4,5,|01000000>,26
4,5,|00010111>,25
4,5,|00100001>,33
4,5,|00010100>,26
4,5,|01010010>,24
4,5,|10011001>,11
4,5,|00100111>,22
4,5,|01001111>,29
4,5,|10010011>,17
4,5,|11111101>,6
4,5,|01000110>,24
4,5,|01100000>,21
4,5,|01000001>,33
4,5,|10010100>,8
4,5,|10000011>,18
4,5,|01001110>,24
4,5,|10100110>,5
4,5,|00000100>,26
4,5,|01111111>,15
4,5,|01010100>,25
4,5,|10111010>,2
4,5,|01011000>,22
4,5,|00100100>,35
4,5,|10011100>,7
4,5,|00001001>,40
4,5,|00011110>,30
4,5,|00101101>,33
4,5,|10010110>,10
4,5,|10110011>,2
4,5,|10101111>,3
4,5,|10011101>,8
4,5,|00011010>,41
4,5,|01001011>,19
4,5,|01110101>,22
4,5,|00000101>,21
4,5,|10001001>,12
4,5,|00111111>,20
4,5,|00000010>,39
4,5,|00000011>,31
4,5,|00001100>,40
4,5,|01100111>,22
4,5,|01111000>,17
4,5,|00011111>,31
4,5,|00111001>,26
4,5,|10111101>,3
4,5,|00011000>,35
4,5,|01100100>,31
4,5,|00111010>,40
4,5,|11110111>,8
4,5,|01111001>,16
4,5,|01111011>,16
4,5,|01001001>,31
4,5,|11110011>,3
4,5,|01010111>,35
4,5,|00011001>,30
4,5,|11001101>,1
4,5,|01011010>,32
4,5,|01001100>,27
4,5,|00101010>,29
4,5,|00111110>,22
4,5,|10001101>,8
4,5,|10011010>,11
4,5,|10100101>,2
4,5,|00110011>,41
4,5,|01110000>,13
4,5,|10101011>,2
4,5,|10000110>,12
4,5,|10000001>,14
4,5,|11110101>,6
4,5,|10100010>,6
4,5,|00011101>,34
4,5,|01100110>,17
4,5,|01011001>,30
4,5,|10110010>,1
4,5,|01110100>,16
4,5,|00100011>,32
4,5,|01001010>,17
4,5,|01010011>,21
4,5,|11101000>,3
4,5,|01010101>,32
4,5,|00010001>,31
4,5,|10001111>,13
4,5,|00011011>,30
4,5,|10100000>,6
4,5,|01011110>,23
4,5,|00110111>,30
4,5,|01111110>,22
4,5,|11001011>,1
4,5,|11101011>,2
4,5,|01101001>,24
4,5,|00010010>,39
4,5,|10101100>,3
4,5,|01010001>,21
4,5,|10001010>,11
4,5,|11111010>,6
4,5,|10100100>,6
4,5,|01110011>,16
4,5,|10010111>,11
4,5,|10101110>,3
4,5,|10001011>,14
4,5,|10100011>,6
4,5,|11111011>,9
4,5,|10000101>,18
4,5,|10011111>,7
4,5,|10000111>,10
4,5,|01110001>,16
4,5,|10011000>,10
4,5,|11111111>,6
4,5,|11100001>,2
4,5,|11011110>,1
4,5,|10001110>,9
4,5,|00110110>,31
4,5,|10000010>,9
4,5,|11110100>,2
4,5,|11111001>,5
4,5,|10011110>,6
4,5,|10011011>,6
4,5,|01100101>,18
4,5,|10110001>,4
4,5,|10101001>,3
4,5,|10101010>,3
4,5,|11111110>,4
4,5,|11111100>,6
4,5,|11001001>,1
4,5,|11101110>,2
4,5,|11000000>,1
4,5,|11101111>,2
4,5,|11100111>,3
4,5,|10000100>,9
4,5,|11101101>,1
4,5,|11011100>,1
4,5,|10001100>,2
4,5,|10100001>,4
4,5,|11100010>,1
4,5,|10101000>,3
4,5,|11100101>,1
4,5,|11101010>,1
4,5,|10010000>,5
4,5,|10111001>,1
4,5,|11100100>,1
4,5,|10111110>,3
4,5,|11110110>,2
4,5,|10101101>,2
4,5,|11101001>,2
4,5,|10110110>,1
4,5,|11100110>,1
4,5,|10110100>,2
4,5,|11000110>,2
4,5,|10110101>,1
4,5,|11101100>,1
4,6,|00010000>,34
4,6,|00101001>,36
4,6,|00111010>,40
4,6,|00111101>,37
4,6,|00001001>,35
4,6,|00000111>,49
4,6,|00100111>,26
4,6,|00011001>,40
4,6,|01011110>,32
4,6,|01011010>,28
4,6,|01000000>,26
4,6,|00110101>,31
4,6,|01011000>,36
4,6,|01001101>,28
4,6,|01111000>,15
4,6,|01110011>,14
4,6,|10010110>,5
4,6,|00111011>,25
4,6,|00001101>,48
4,6,|10000001>,13
4,6,|00011100>,21
4,6,|00011101>,32
4,6,|00101011>,25
4,6,|01010101>,27
4,6,|00001010>,42
4,6,|00110100>,36
4,6,|01100101>,24
4,6,|01101111>,25
4,6,|01111101>,18
4,6,|01001000>,32
4,6,|10000100>,11
4,6,|01000010>,34
4,6,|10001000>,12
4,6,|00101000>,32
4,6,|10010111>,11
4,6,|00100110>,27
4,6,|01010011>,29
4,6,|00010110>,31
4,6,|00110010>,28
4,6,|01000101>,28
4,6,|00100010>,33
4,6,|00101110>,42
4,6,|01001011>,24
4,6,|00101111>,32
4,6,|01101101>,17
4,6,|00010010>,35
4,6,|00001110>,25
4,6,|00101010>,29
4,6,|00011111>,36
4,6,|00000101>,44
4,6,|00001011>,34
4,6,|00110000>,34
4,6,|01110111>,19
4,6,|00000110>,31
4,6,|00010100>,37
4,6,|01000111>,30
4,6,|01101001>,16
4,6,|00001000>,27
4,6,|01100000>,20
4,6,|01001111>,19
4,6,|01100001>,33
4,6,|00011000>,33
4,6,|00110111>,39
4,6,|10011110>,11
4,6,|01010110>,22
4,6,|01011001>,27
4,6,|00110110>,32
4,6,|01010001>,27
4,6,|01000110>,28
4,6,|01111110>,24
4,6,|10001101>,11
4,6,|00011110>,29
4,6,|00100011>,42
4,6,|01111111>,12
4,6,|10100100>,3
4,6,|01001010>,30
4,6,|01101011>,19
4,6,|00010111>,23
4,6,|00001100>,32
4,6,|10000110>,10
4,6,|00101100>,34
4,6,|10111110>,1
4,6,|01100100>,26
4,6,|10001100>,7
4,6,|01101100>,25
4,6,|01010100>,28
4,6,|10000111>,22
4,6,|00100001>,28
4,6,|00010001>,33
4,6,|01001100>,26
4,6,|01000100>,37
4,6,|00111111>,35
4,6,|01010010>,25
4,6,|00000001>,38
4,6,|01111001>,14
4,6,|10010101>,9
4,6,|01101110>,17
4,6,|10111011>,1
4,6,|10111010>,2
4,6,|10110010>,2
4,6,|00001111>,29
4,6,|01010111>,26
4,6,|01101000>,27
4,6,|01110010>,20
4,6,|00000000>,23
4,6,|01110000>,18
4,6,|00000100>,21
4,6,|10001110>,16
4,6,|00111001>,31
4,6,|00111100>,23
4,6,|00111110>,38
4,6,|00110001>,38
4,6,|10000011>,17
4,6,|10101010>,5
4,6,|00100000>,34
4,6,|01011111>,31
4,6,|01011011>,20
4,6,|01110101>,18
4,6,|01011101>,25
4,6,|10010010>,5
4,6,|11011110>,1
4,6,|01101010>,24
4,6,|00000010>,34
4,6,|00110011>,22
4,6,|10000010>,11
4,6,|00101101>,34
4,6,|10011100>,2
4,6,|11111011>,3
4,6,|01001110>,23
4,6,|10011101>,6
4,6,|00111000>,40
4,6,|01000001>,30
4,6,|10010000>,11
4,6,|01100111>,22
4,6,|10010011>,10
4,6,|01010000>,24
4,6,|01100110>,20
4,6,|01011100>,30
4,6,|11110010>,5
4,6,|01100010>,25
4,6,|01110100>,17
4,6,|00010101>,30
4,6,|01001001>,32
4,6,|10001010>,12
4,6,|11101100>,3
4,6,|01000011>,24
4,6,|10111101>,2
4,6,|00011010>,30
4,6,|00100100>,32
4,6,|10110001>,1
4,6,|10000000>,10
4,6,|11111000>,6
4,6,|10110100>,3
4,6,|01111010>,16
4,6,|01111011>,17
4,6,|11100101>,2
4,6,|10011000>,5
4,6,|01110110>,23
4,6,|11111110>,4
4,6,|10011011>,4
4,6,|01100011>,19
4,6,|01111100>,20
4,6,|10110000>,6
4,6,|00010011>,16
4,6,|10001011>,14
4,6,|00100101>,25
4,6,|00000011>,20
4,6,|10010100>,9
4,6,|11111001>,5
4,6,|10110101>,5
4,6,|11111111>,4
4,6,|11011010>,1
4,6,|10011111>,7
4,6,|10101001>,6
4,6,|00011011>,24
4,6,|11000100>,1
4,6,|01110001>,20
4,6,|10001001>,12
4,6,|10100001>,4
4,6,|10100010>,11
4,6,|10001111>,8
4,6,|10101000>,4
4,6,|11110000>,3
4,6,|10101100>,6
4,6,|10100000>,7
4,6,|11110110>,6
4,6,|10011010>,7
4,6,|10000101>,13
4,6,|10010001>,11
4,6,|11111010>,2
4,6,|10101101>,3
4,6,|11111100>,7
4,6,|10101111>,4
4,6,|10100110>,3
4,6,|10110111>,4
4,6,|10111000>,1
4,6,|10101110>,1
4,6,|11111101>,3
4,6,|10100101>,6
4,6,|11110100>,2
4,6,|11101101>,2
4,6,|11110011>,2
4,6,|11011101>,1
4,6,|10100011>,7
4,6,|10011001>,5
4,6,|11101010>,2
4,6,|11110111>,3
4,6,|11110101>,3
4,6,|11101111>,1
4,6,|10110011>,2
4,6,|11100000>,1
4,6,|10101011>,4
4,6,|11101000>,1
4,6,|10100111>,2
4,6,|11101011>,1
4,6,|10110110>,2
4,6,|10111100>,1
4,6,|11001101>,1
4,6,|11100011>,1
4,6,|11100001>,1
4,6,|11110001>,2
4,6,|10111111>,1
4,6,|11100110>,1
4,7,|00010100>,40
4,7,|01001010>,16
4,7,|01110101>,20
4,7,|00011111>,30
4,7,|00111111>,40
4,7,|01000101>,27
4,7,|11111111>,3
4,7,|10011110>,5
4,7,|00010000>,28
4,7,|00001011>,27
4,7,|00001110>,39
4,7,|10011001>,12
4,7,|00100100>,39
4,7,|00100011>,36
4,7,|00001100>,35
4,7,|01100001>,27
4,7,|01000000>,33
4,7,|00100001>,35
4,7,|00001001>,41
4,7,|00011001>,26
4,7,|00101011>,42
4,7,|00101100>,39
4,7,|00110111>,24
4,7,|00110011>,32
4,7,|01100010>,20
4,7,|01000001>,37
4,7,|00000001>,38
4,7,|00011101>,38
4,7,|11111011>,8
4,7,|00010111>,28
4,7,|10000100>,14
4,7,|01111011>,13
4,7,|01100111>,30
4,7,|00101000>,31
4,7,|10001010>,12
4,7,|01010110>,29
4,7,|01001000>,24
4,7,|00010001>,38
4,7,|00001101>,30
4,7,|01100000>,23
4,7,|00110000>,27
4,7,|01010001>,37
4,7,|01001101>,32
4,7,|10011010>,2
4,7,|00000011>,33
4,7,|01101100>,18
4,7,|10011011>,11
4,7,|01011111>,22
4,7,|00111010>,34
4,7,|00110010>,34
4,7,|00111100>,27
4,7,|00111011>,32
4,7,|01011100>,24
4,7,|00110110>,22
4,7,|01011101>,28
4,7,|00000010>,28
4,7,|00000000>,31
4,7,|10001111>,10
4,7,|11101000>,1
4,7,|01010000>,34
4,7,|00100000>,28
4,7,|01001110>,32
4,7,|10001011>,17
4,7,|00101101>,36
4,7,|01111110>,11
4,7,|01010111>,32
4,7,|00011100>,36
4,7,|01101010>,18
4,7,|10000001>,12
4,7,|00001010>,38
4,7,|01000100>,35
4,7,|01011001>,19
4,7,|01111001>,24
4,7,|01011000>,21
4,7,|00101111>,39
4,7,|01010011>,29
4,7,|00000100>,26
4,7,|01000010>,24
4,7,|00100111>,29
4,7,|11101011>,1
4,7,|01011011>,22
4,7,|10000101>,8
4,7,|10011101>,10
4,7,|00110100>,41
4,7,|01001001>,26
4,7,|00111001>,34
4,7,|01000110>,34
4,7,|10010111>,9
4,7,|00010110>,48
4,7,|01110110>,23
4,7,|00000101>,29
4,7,|00011000>,34
4,7,|10001001>,11
4,7,|01101111>,11
4,7,|10100100>,5
4,7,|00101110>,27
4,7,|01110010>,16
4,7,|01000011>,21
4,7,|01110001>,15
4,7,|00101001>,39
4,7,|00100101>,30
4,7,|00010101>,36
4,7,|01100011>,19
4,7,|10100010>,7
4,7,|00001111>,38
4,7,|01101101>,24
4,7,|01010101>,24
4,7,|10000010>,17
4,7,|01110011>,15
4,7,|01010100>,30
4,7,|00010010>,25
4,7,|01111100>,20
4,7,|00001000>,38
4,7,|01010010>,24
4,7,|00111101>,45
4,7,|00101010>,37
4,7,|11101111>,2
4,7,|01100110>,16
4,7,|01111010>,11
4,7,|01001111>,34
4,7,|01110100>,16
4,7,|01001011>,21
4,7,|00011110>,41
4,7,|00011010>,39
4,7,|10000111>,11
4,7,|00011011>,36
4,7,|01000111>,28
4,7,|10010011>,11
4,7,|00111000>,30
4,7,|11110100>,4
4,7,|01100101>,20
4,7,|01011010>,19
4,7,|11101101>,3
4,7,|10101011>,3
4,7,|01011110>,26
4,7,|00000110>,21
4,7,|10100000>,10
4,7,|10101000>,3
4,7,|01101001>,16
4,7,|01100100>,29
4,7,|00010011>,32
4,7,|00000111>,37
4,7,|00100010>,26
4,7,|10101101>,4
4,7,|10011000>,11
4,7,|01001100>,20
4,7,|10101100>,4
4,7,|00111110>,25
4,7,|10010001>,10
4,7,|10000011>,16
4,7,|01101000>,23
4,7,|11111000>,3
4,7,|10000000>,17
4,7,|00110101>,29
4,7,|00110001>,32
4,7,|10110001>,2
4,7,|10101001>,3
4,7,|10001100>,12
4,7,|10001000>,14
4,7,|10001101>,13
4,7,|01101110>,21
4,7,|10111001>,4
4,7,|10010110>,6
4,7,|10111000>,1
4,7,|01101011>,27
4,7,|00100110>,31
4,7,|10010101>,12
4,7,|10111101>,1
4,7,|01110111>,20
4,7,|01110000>,7
4,7,|10100110>,6
4,7,|11110001>,2
4,7,|10010000>,5
4,7,|01111111>,15
4,7,|10100001>,3
4,7,|10001110>,10
4,7,|10011111>,5
4,7,|10101111>,7
4,7,|10000110>,8
4,7,|11101100>,2
4,7,|10011100>,5
4,7,|01111000>,22
4,7,|10100011>,4
4,7,|11111100>,4
4,7,|11111010>,3
4,7,|10100101>,1
4,7,|01111101>,14
4,7,|10101010>,4
4,7,|10111111>,1
4,7,|11110010>,1
4,7,|11101001>,2
4,7,|10110010>,5
4,7,|11111110>,7
4,7,|10110110>,2
4,7,|11110110>,2
4,7,|10100111>,5
4,7,|11110101>,5
4,7,|10110101>,1
4,7,|10110000>,3
4,7,|10111010>,1
4,7,|10010100>,6
4,7,|10010010>,4
4,7,|11111101>,4
4,7,|11111001>,3
4,7,|10111110>,1
4,7,|11100110>,2
4,7,|11110111>,1
4,7,|10111011>,2
4,7,|11000001>,1
4,7,|11110011>,2
4,7,|11000000>,1
4,7,|10111100>,1
4,7,|11011111>,2
4,7,|10110111>,1
4,7,|10110011>,1
4,7,|11011101>,1
4,8,|00011110>,32
4,8,|01001011>,34
4,8,|00110111>,31
4,8,|10001011>,10
4,8,|11110010>,4
4,8,|01001010>,23
4,8,|00000101>,34
4,8,|00001000>,35
4,8,|00110001>,33
4,8,|01110110>,18
4,8,|10011110>,2
4,8,|00000111>,43
4,8,|10001100>,11
4,8,|00110101>,44
4,8,|00101111>,31
4,8,|10010001>,14
4,8,|01011110>,23
4,8,|10000110>,18
4,8,|01000101>,28
4,8,|01011000>,20
4,8,|10000000>,13
4,8,|01111100>,12
4,8,|00001011>,35
4,8,|01101000>,21
4,8,|00110011>,29
4,8,|00010101>,37
4,8,|00011001>,42
4,8,|00000110>,36
4,8,|01000110>,23
4,8,|00001110>,44
4,8,|01101100>,14
4,8,|01011001>,29
4,8,|00101010>,29
4,8,|01101101>,24
4,8,|01111000>,20
4,8,|00010011>,44
4,8,|01000010>,30
4,8,|01001000>,37
4,8,|01111110>,15
4,8,|10000011>,12
4,8,|01101001>,13
4,8,|00010111>,31
4,8,|01111010>,14
4,8,|01011010>,27
4,8,|11111111>,3
4,8,|00111011>,36
4,8,|00101110>,46
4,8,|01100001>,20
4,8,|01001110>,36
4,8,|01111101>,10
4,8,|10110010>,2
4,8,|00100101>,34
4,8,|11111011>,5
4,8,|00000010>,28
4,8,|01001100>,31
4,8,|00001010>,33
4,8,|00100011>,41
4,8,|01100011>,30
4,8,|00111000>,30
4,8,|00111111>,27
4,8,|01010011>,34
4,8,|00100100>,41
4,8,|01001101>,30
4,8,|00011011>,31
4,8,|11110011>,4
4,8,|01010111>,35
4,8,|00000011>,35
4,8,|00000100>,39
4,8,|10001101>,9
4,8,|01111111>,14
4,8,|00000000>,27
4,8,|00111101>,33
4,8,|01110111>,21
4,8,|01101111>,15
4,8,|01000001>,36
4,8,|11110000>,2
4,8,|10000010>,12
4,8,|01010000>,25
4,8,|00010100>,27
4,8,|00010000>,33
4,8,|00101001>,35
4,8,|01110011>,18
4,8,|10000100>,12
4,8,|01101011>,20
4,8,|01010010>,27
4,8,|00001101>,21
4,8,|01100000>,22
4,8,|01001001>,24
4,8,|10001010>,6
4,8,|00101011>,32
4,8,|00011101>,36
4,8,|00100000>,35
4,8,|01010001>,25
4,8,|00010110>,36
4,8,|01001111>,39
4,8,|00100110>,30
4,8,|10100010>,6
4,8,|01000011>,24
4,8,|01110010>,25
4,8,|00111110>,27
4,8,|01011100>,23
4,8,|01100100>,20
4,8,|11110001>,3
4,8,|10101111>,6
4,8,|00101000>,25
4,8,|10010000>,13
4,8,|00010001>,37
4,8,|00110000>,28
4,8,|01011011>,22
4,8,|00111001>,32
4,8,|00100001>,27
4,8,|10101000>,5
4,8,|01110000>,18
4,8,|00011100>,34
4,8,|00101100>,30
4,8,|00110010>,25
4,8,|10010100>,5
4,8,|00011000>,29
4,8,|00001001>,19
4,8,|00001100>,35
4,8,|00010010>,30
4,8,|00100111>,26
4,8,|00101101>,34
4,8,|00001111>,32
4,8,|01100101>,22
4,8,|10000001>,15
4,8,|01100111>,23
4,8,|00110100>,28
4,8,|00000001>,32
4,8,|00111100>,27
4,8,|01000000>,20
4,8,|01110001>,17
4,8,|11111001>,5
4,8,|01000100>,35
4,8,|10010010>,12
4,8,|01101110>,21
4,8,|00011010>,44
4,8,|10010011>,6
4,8,|10100001>,4
4,8,|10001111>,14
4,8,|00110110>,34
4,8,|00011111>,37
4,8,|01100110>,22
4,8,|10010101>,9
4,8,|01111011>,18
4,8,|01100010>,23
4,8,|10101100>,3
4,8,|10110110>,3
4,8,|00111010>,33
4,8,|10100100>,5
4,8,|00100010>,28
4,8,|01011101>,24
4,8,|11110111>,4
4,8,|11111010>,2
4,8,|10001001>,22
4,8,|01010100>,25
4,8,|11111110>,11
4,8,|10001110>,9
4,8,|10011001>,8
4,8,|01010101>,26
4,8,|11111100>,2
4,8,|10011000>,12
4,8,|11000101>,1
4,8,|10011111>,10
4,8,|10011011>,7
4,8,|11000000>,3
4,8,|01000111>,27
4,8,|01010110>,23
4,8,|01111001>,13
4,8,|10000101>,13
4,8,|10011010>,7
4,8,|10111001>,1
4,8,|01011111>,18
4,8,|10100011>,7
4,8,|10110011>,1
4,8,|10100000>,4
4,8,|01110100>,15
4,8,|10101110>,3
4,8,|10001000>,10
4,8,|11110110>,3
4,8,|11101101>,3
4,8,|01101010>,26
4,8,|10100111>,4
4,8,|11111101>,4
4,8,|11101111>,3
4,8,|10110101>,1
4,8,|10010111>,4
4,8,|10101101>,9
4,8,|10100101>,5
4,8,|10110001>,5
4,8,|10000111>,6
4,8,|10010110>,6
4,8,|01110101>,10
4,8,|10101001>,6
4,8,|10100110>,3
4,8,|10011101>,5
4,8,|11011011>,1
4,8,|10110000>,4
4,8,|11100101>,2
4,8,|11000001>,3
4,8,|10011100>,7
4,8,|11100100>,3
4,8,|10101011>,4
4,8,|10111110>,1
4,8,|11100010>,1
4,8,|11000011>,1
4,8,|11101011>,2
4,8,|11101001>,2
4,8,|11101010>,4
4,8,|11101110>,1
4,8,|10111100>,1
4,8,|10111000>,1
4,8,|11110100>,3
4,8,|11111000>,3
4,8,|10111111>,1
4,8,|10101010>,1
4,8,|10110111>,3
4,8,|10111101>,1
4,8,|11110101>,1
4,8,|10111010>,1
4,8,|10111011>,1
4,9,|00111001>,43
4,9,|01010101>,32
4,9,|01010110>,25
4,9,|00001111>,29
4,9,|00101001>,39
4,9,|00101101>,33
4,9,|10010000>,11
4,9,|00000110>,29
4,9,|01010100>,33
4,9,|00100011>,38
4,9,|10010011>,10
4,9,|00000111>,43
4,9,|10000101>,18
4,9,|01000001>,45
4,9,|01100111>,18
4,9,|01011100>,20
4,9,|01000101>,30
4,9,|00101111>,42
4,9,|00011010>,40
4,9,|01100011>,22
4,9,|00110000>,43
4,9,|10011001>,14
4,9,|00011111>,32
4,9,|10101100>,2
4,9,|10001010>,9
4,9,|01001000>,26
4,9,|01111010>,12
4,9,|00011001>,39
4,9,|00000010>,32
4,9,|00100111>,33
4,9,|10011101>,8
4,9,|01001101>,22
4,9,|00010010>,26
4,9,|01010000>,29
4,9,|01101100>,21
4,9,|00101110>,27
4,9,|00001010>,32
4,9,|01001100>,28
4,9,|01001011>,25
4,9,|01011000>,25
4,9,|01011111>,28
4,9,|01010011>,37
4,9,|00101010>,33
4,9,|01110101>,17
4,9,|00001110>,28
4,9,|01100000>,22
4,9,|01001001>,26
4,9,|10001110>,14
4,9,|10001001>,19
4,9,|10011011>,5
4,9,|11111111>,8
4,9,|01101101>,16
4,9,|00110010>,31
4,9,|00101011>,24
4,9,|10100101>,4
4,9,|00110111>,27
4,9,|01111001>,23
4,9,|01000111>,28
4,9,|01110100>,23
4,9,|01101010>,17
4,9,|00101000>,31
4,9,|01000010>,26
4,9,|00010111>,39
4,9,|00011100>,38
4,9,|00000101>,35
4,9,|00010110>,31
4,9,|00010101>,30
4,9,|01011001>,25
4,9,|00100001>,27
4,9,|01110111>,11
4,9,|00100101>,38
4,9,|00100010>,31
4,9,|00001001>,22
4,9,|00111110>,25
4,9,|01001010>,32
4,9,|11111010>,2
4,9,|01110010>,18
4,9,|01011010>,16
4,9,|00111011>,24
4,9,|00111010>,32
4,9,|00111000>,38
4,9,|00111111>,31
4,9,|00110001>,28
4,9,|01000100>,27
4,9,|00100110>,34
4,9,|01100100>,26
4,9,|10011110>,11
4,9,|01110011>,15
4,9,|00010100>,37
4,9,|00110011>,33
4,9,|00000000>,44
4,9,|00011000>,36
4,9,|01100001>,22
4,9,|10010001>,11
4,9,|01011101>,25
4,9,|00111100>,26
4,9,|10101000>,7
4,9,|01110000>,23
4,9,|00100000>,41
4,9,|01101110>,16
4,9,|00011110>,26
4,9,|10000010>,9
4,9,|10000000>,18
4,9,|01100110>,27
4,9,|01010001>,24
4,9,|01111000>,15
4,9,|00100100>,39
4,9,|01000011>,30
4,9,|11110000>,3
4,9,|01111011>,13
4,9,|01101001>,27
4,9,|10001101>,11
4,9,|00000001>,35
4,9,|00001101>,33
4,9,|00110101>,36
4,9,|01110001>,25
4,9,|01001110>,29
4,9,|00111101>,25
4,9,|00110100>,29
4,9,|00101100>,28
4,9,|00000100>,20
4,9,|11111110>,4
4,9,|00001100>,36
4,9,|10010101>,11
4,9,|00001011>,36
4,9,|00001000>,26
4,9,|10001100>,5
4,9,|00010011>,28
4,9,|11110110>,3
4,9,|01000110>,36
4,9,|00011011>,29
4,9,|10110111>,2
4,9,|11100100>,3
4,9,|11101111>,2
4,9,|10001000>,15
4,9,|10111000>,5
4,9,|10100111>,5
4,9,|01101111>,21
4,9,|10100001>,5
4,9,|10000001>,13
4,9,|00000011>,23
4,9,|01000000>,26
4,9,|01010111>,22
4,9,|10000110>,12
4,9,|01111100>,17
4,9,|00010000>,33
4,9,|00110110>,44
4,9,|01011011>,30
4,9,|10110011>,2
4,9,|01111111>,17
4,9,|01010010>,29
4,9,|01101011>,16
4,9,|00011101>,23
4,9,|10000100>,12
4,9,|10101010>,6
4,9,|10011111>,6
4,9,|10110000>,8
4,9,|01001111>,31
4,9,|01100101>,21
4,9,|10100100>,3
4,9,|01111101>,16
4,9,|01101000>,19
4,9,|10100000>,7
4,9,|10001111>,10
4,9,|10101101>,4
4,9,|10110110>,1
4,9,|10000011>,11
4,9,|11000001>,1
4,9,|10111101>,2
4,9,|10010110>,8
4,9,|11000110>,1
4,9,|01110110>,16
4,9,|11110111>,3
4,9,|01100010>,26
4,9,|00010001>,30
4,9,|11101011>,3
4,9,|10110001>,3
4,9,|10001011>,10
4,9,|10101110>,8
4,9,|11111101>,8
4,9,|10011010>,5
4,9,|11110001>,3
4,9,|10010111>,10
4,9,|01011110>,21
4,9,|11011100>,1
4,9,|10100010>,5
4,9,|11110101>,2
4,9,|11100001>,2
4,9,|11101110>,2
4,9,|11000101>,1
4,9,|10010010>,6
4,9,|10110100>,5
4,9,|10010100>,10
4,9,|11101001>,3
4,9,|10110101>,3
4,9,|11100110>,2
4,9,|10011000>,7
4,9,|01111110>,12
4,9,|11101000>,3
4,9,|11111011>,5
4,9,|11101101>,3
4,9,|11110100>,2
4,9,|10101011>,3
4,9,|11100101>,1
4,9,|10011100>,11
4,9,|10000111>,7
4,9,|11101100>,1
4,9,|10111111>,2
4,9,|10100011>,3
4,9,|11110010>,4
4,9,|11110011>,5
4,9,|11111000>,1
4,9,|10100110>,1
4,9,|11100011>,1
4,9,|10110010>,1
4,9,|10101111>,1
4,9,|10111010>,1
4,9,|10111110>,1
4,9,|11100000>,1
4,9,|11001001>,1
4,9,|11111001>,3
4,10,|00011110>,43
4,10,|01110001>,29
4,10,|00011101>,35
4,10,|01000000>,26
4,10,|01110011>,28
4,10,|00010011>,31
4,10,|01001001>,34
4,10,|01011000>,21
4,10,|00011001>,16
4,10,|00111001>,37
4,10,|00100000>,25
4,10,|00101000>,31
4,10,|10001011>,12
4,10,|01101100>,27
4,10,|01010111>,28
4,10,|00101101>,42
4,10,|01100000>,29
4,10,|00010110>,32
4,10,|00101100>,23
4,10,|01101111>,19
4,10,|10010010>,6
4,10,|00000100>,30
4,10,|01000111>,33
4,10,|01010001>,30
4,10,|01000100>,30
4,10,|00001000>,33
4,10,|00000110>,21
4,10,|00001001>,37
4,10,|01001100>,30
4,10,|00001011>,22
4,10,|00000111>,30
4,10,|11111011>,2
4,10,|00010000>,38
4,10,|00101111>,35
4,10,|00111010>,31
4,10,|01101010>,22
4,10,|00110100>,22
4,10,|01010000>,32
4,10,|01011011>,36
4,10,|00010100>,39
4,10,|00000010>,30
4,10,|01001010>,31
4,10,|01110000>,19
4,10,|00101001>,34
4,10,|01111000>,21
4,10,|00111011>,37
4,10,|00001111>,32
4,10,|01100001>,20
4,10,|10001000>,14
4,10,|00100101>,31
4,10,|01111001>,12
4,10,|00001100>,39
4,10,|00000011>,23
4,10,|10000011>,10
4,10,|10010011>,11
4,10,|01011001>,33
4,10,|01011010>,26
4,10,|00111100>,26
4,10,|01000110>,31
4,10,|00011000>,34
4,10,|00110010>,44
4,10,|00110111>,27
4,10,|11111110>,6
4,10,|00011011>,26
4,10,|00100110>,28
4,10,|00010101>,36
4,10,|01100101>,31
4,10,|00011100>,35
4,10,|10011110>,10
4,10,|11101110>,6
4,10,|10111101>,3
4,10,|00011111>,35
4,10,|00100011>,31
4,10,|00110110>,26
4,10,|00000000>,39
4,10,|01110111>,13
4,10,|00100010>,23
4,10,|00011010>,40
4,10,|10000010>,20
4,10,|00010001>,21
4,10,|01011100>,24
4,10,|00110000>,41
4,10,|00110101>,38
4,10,|11110000>,1
4,10,|01001011>,31
4,10,|01010101>,23
4,10,|01110010>,13
4,10,|10001111>,12
4,10,|10110000>,7
4,10,|01001101>,31
4,10,|01110101>,20
4,10,|01111011>,18
4,10,|01000001>,35
4,10,|01110100>,18
4,10,|01000011>,43
4,10,|10100000>,12
4,10,|00111000>,42
4,10,|00110011>,30
4,10,|01111111>,12
4,10,|00000001>,32
4,10,|00001101>,37
4,10,|11110011>,2
4,10,|01010010>,24
4,10,|10000110>,13
4,10,|00100111>,39
4,10,|10101001>,2
4,10,|01100110>,28
4,10,|10100110>,3
4,10,|01011111>,21
4,10,|10011010>,8
4,10,|00000101>,30
4,10,|10010111>,10
4,10,|01011101>,22
4,10,|00111111>,25
4,10,|00100100>,37
4,10,|10001001>,18
4,10,|10100001>,4
4,10,|01110110>,18
4,10,|01010110>,24
4,10,|00001110>,41
4,10,|01000101>,37
4,10,|10101100>,6
4,10,|01011110>,21
4,10,|01001111>,28
4,10,|01001110>,29
4,10,|01101101>,6
4,10,|01111101>,20
4,10,|01100111>,21
4,10,|01101011>,19
4,10,|01100011>,29
4,10,|01000010>,39
4,10,|10011101>,6
4,10,|01101110>,21
4,10,|10010001>,6
4,10,|10011100>,4
4,10,|11101100>,1
4,10,|00110001>,25
4,10,|00001010>,30
4,10,|10011111>,8
4,10,|00010111>,34
4,10,|00010010>,23
4,10,|01010100>,30
4,10,|11101011>,2
4,10,|11111100>,6
4,10,|10011011>,1
4,10,|10000001>,14
4,10,|10011000>,6
4,10,|10000101>,11
4,10,|11110101>,5
4,10,|01010011>,22
4,10,|10101011>,8
4,10,|10100111>,12
4,10,|00101011>,36
4,10,|00111110>,35
4,10,|10000000>,18
4,10,|01111010>,15
4,10,|00101110>,28
4,10,|11111010>,4
4,10,|10001101>,4
4,10,|01001000>,30
4,10,|11101010>,2
4,10,|11110111>,7
4,10,|01100100>,18
4,10,|00100001>,25
4,10,|00111101>,22
4,10,|10110100>,5
4,10,|10111000>,4
4,10,|01101001>,18
4,10,|10010000>,2
4,10,|11100010>,2
4,10,|10001010>,10
4,10,|01111100>,13
4,10,|11111001>,2
4,10,|01111110>,18
4,10,|10110011>,2
4,10,|10010100>,10
4,10,|00101010>,24
4,10,|10111100>,3
4,10,|10000111>,13
4,10,|11100001>,2
4,10,|11111111>,3
4,10,|10100011>,7
4,10,|11101111>,5
4,10,|10101111>,3
4,10,|11110110>,1
4,10,|10010110>,10
4,10,|10000100>,12
4,10,|10111011>,3
4,10,|11110001>,3
4,10,|01101000>,19
4,10,|10100100>,3
4,10,|10100010>,5
4,10,|10111110>,2
4,10,|01100010>,16
4,10,|10101110>,4
4,10,|10001110>,9
4,10,|10011001>,6
4,10,|10110010>,1
4,10,|10010101>,9
4,10,|10001100>,3
4,10,|11101101>,2
4,10,|11000010>,1
4,10,|11100110>,1
4,10,|10110101>,3
4,10,|10101101>,3
4,10,|11111101>,2
4,10,|10101010>,3
4,10,|10111010>,1
4,10,|10111111>,1
4,10,|11111000>,3
4,10,|10100101>,5
4,10,|10110110>,2
4,10,|10101000>,2
4,10,|10110001>,3
4,10,|11110010>,2
4,10,|10111001>,2
4,10,|11101000>,1
4,10,|11100000>,1
4,10,|11101001>,1
4,10,|11000101>,1
4,11,|00100011>,41
4,11,|10001011>,14
4,11,|10001111>,10
4,11,|00110100>,42
4,11,|11110101>,2
4,11,|10000011>,16
4,11,|01011111>,23
4,11,|01110000>,18
4,11,|01010101>,26
4,11,|01010001>,22
4,11,|01011011>,35
4,11,|01110001>,17
4,11,|00000111>,46
4,11,|01101001>,11
4,11,|00011001>,28
4,11,|00010011>,34
4,11,|00010010>,38
4,11,|00010001>,35
4,11,|00000101>,36
4,11,|00111011>,34
4,11,|01011010>,28
4,11,|01110100>,17
4,11,|01001011>,25
4,11,|01011101>,23
4,11,|01000011>,38
4,11,|10010000>,9
4,11,|00111001>,21
4,11,|00101111>,39
4,11,|01010111>,27
4,11,|01110011>,16
4,11,|00010000>,44
4,11,|01101101>,25
4,11,|00111010>,26
4,11,|01001000>,28
4,11,|00000100>,21
4,11,|00101001>,25
4,11,|10000111>,10
4,11,|01100010>,26
4,11,|00001011>,28
4,11,|00010111>,23
4,11,|00011011>,36
4,11,|00110001>,35
4,11,|00000000>,36
4,11,|00101010>,29
4,11,|10010011>,14
4,11,|00001111>,39
4,11,|01010000>,31
4,11,|00101100>,38
4,11,|01001001>,22
4,11,|01101011>,21
4,11,|01101111>,17
4,11,|00001001>,25
4,11,|01000100>,27
4,11,|01111110>,17
4,11,|01110110>,12
4,11,|11111011>,3
4,11,|00000110>,34
4,11,|00000011>,36
4,11,|01000101>,28
4,11,|01101000>,19
4,11,|00011100>,39
4,11,|01100110>,22
4,11,|00110010>,37
4,11,|01111000>,16
4,11,|00100001>,36
4,11,|10100101>,3
4,11,|00100010>,41
4,11,|00100101>,39
4,11,|00111100>,39
4,11,|01010110>,26
4,11,|00001101>,24
4,11,|00001100>,27
4,11,|10100111>,4
4,11,|00010101>,39
4,11,|01111010>,15
4,11,|00110011>,38
4,11,|01110010>,26
4,11,|01001100>,29
4,11,|01010010>,32
4,11,|00000001>,23
4,11,|01100111>,23
4,11,|01111101>,15
4,11,|00101011>,33
4,11,|01010100>,22
4,11,|01000010>,26
4,11,|10100010>,7
4,11,|01001101>,26
4,11,|10101000>,4
4,11,|00010110>,38
4,11,|00001000>,34
4,11,|00101000>,43
4,11,|00100000>,40
4,11,|01001111>,32
4,11,|01100000>,32
4,11,|01000111>,33
4,11,|00001110>,36
4,11,|00100111>,29
4,11,|00101110>,44
4,11,|00011101>,42
4,11,|01000000>,37
4,11,|00111111>,20
4,11,|00011000>,34
4,11,|00011111>,29
4,11,|01011110>,24
4,11,|00011010>,26
4,11,|01101100>,18
4,11,|01010011>,32
4,11,|01011000>,35
4,11,|00100110>,22
4,11,|00111110>,26
4,11,|10100110>,4
4,11,|01101010>,28
4,11,|01100011>,27
4,11,|10011111>,5
4,11,|11100110>,2
4,11,|00001010>,39
4,11,|10001100>,13
4,11,|10100000>,6
4,11,|10001000>,12
4,11,|01000001>,39
4,11,|10011010>,8
4,11,|10001010>,14
4,11,|00011110>,30
4,11,|01000110>,23
4,11,|00111101>,21
4,11,|01011100>,26
4,11,|00110101>,24
4,11,|01011001>,26
4,11,|00101101>,35
4,11,|10000110>,12
4,11,|10010101>,5
4,11,|10001101>,11
4,11,|10101111>,1
4,11,|01110111>,24
4,11,|01111111>,11
4,11,|01101110>,21
4,11,|00000010>,31
4,11,|11111110>,7
4,11,|10000000>,19
4,11,|01100101>,24
4,11,|10000001>,9
4,11,|01001010>,34
4,11,|10111000>,2
4,11,|00110111>,26
4,11,|00100100>,26
4,11,|01100100>,22
4,11,|00110110>,29
4,11,|01110101>,13
4,11,|00110000>,37
4,11,|01111001>,13
4,11,|10101100>,4
4,11,|10001001>,8
4,11,|11111000>,3
4,11,|01001110>,26
4,11,|01100001>,30
4,11,|00111000>,23
4,11,|01111011>,14
4,11,|10011101>,8
4,11,|00010100>,27
4,11,|10000101>,6
4,11,|11101100>,2
4,11,|10000010>,11
4,11,|10001110>,9
4,11,|10110001>,4
4,11,|11100101>,2
4,11,|10101101>,6
4,11,|01111100>,12
4,11,|10110111>,3
4,11,|11110010>,4
4,11,|10101001>,4
4,11,|11000010>,1
4,11,|11111001>,2
4,11,|11111111>,5
4,11,|10100100>,5
4,11,|11110100>,3
4,11,|10010010>,10
4,11,|10010110>,8
4,11,|10000100>,8
4,11,|10011100>,7
4,11,|11110111>,2
4,11,|10111010>,1
4,11,|10101011>,2
4,11,|10110011>,1
4,11,|10010001>,11
4,11,|11000001>,1
4,11,|11110011>,3
4,11,|10110010>,5
4,11,|11100001>,1
4,11,|11111100>,2
4,11,|11101101>,3
4,11,|10011011>,6
4,11,|10111011>,2
4,11,|10010100>,10
4,11,|11101110>,3
4,11,|10011000>,8
4,11,|11011110>,1
4,11,|10010111>,7
4,11,|11101000>,3
4,11,|10110101>,3
4,11,|11111010>,3
4,11,|10011001>,5
4,11,|10011110>,3
4,11,|11000000>,1
4,11,|10100011>,5
4,11,|10101110>,2
4,11,|11111101>,6
4,11,|10111101>,2
4,11,|11101001>,2
4,11,|11101011>,2
4,11,|10100001>,2
4,11,|11110001>,2
4,11,|11000111>,1
4,11,|11100100>,1
4,11,|11100111>,2
4,11,|10110000>,2
4,11,|11101111>,1
4,11,|10110100>,1
4,11,|11011100>,1
4,12,|11111010>,5
4,12,|00101101>,30
4,12,|00000000>,46
4,12,|00100100>,29
4,12,|00010010>,34
4,12,|00101010>,35
4,12,|01011001>,27
4,12,|01111110>,13
4,12,|01111010>,16
4,12,|10011010>,8
4,12,|01010001>,31
4,12,|01110101>,29
4,12,|01001011>,25
4,12,|00000011>,24
4,12,|01110010>,20
4,12,|11110001>,6
4,12,|00101000>,34
4,12,|01100111>,20
4,12,|00010011>,30
4,12,|00110110>,28
4,12,|10100011>,4
4,12,|01110111>,21
4,12,|00111111>,20
4,12,|10000001>,17
4,12,|10001000>,16
4,12,|01100100>,24
4,12,|00000010>,32
4,12,|00010111>,31
4,12,|10010011>,6
4,12,|01010111>,27
4,12,|01001101>,37
4,12,|01010000>,26
4,12,|01000110>,31
4,12,|01011000>,26
4,12,|10001100>,9
4,12,|01011100>,25
4,12,|10101110>,3
4,12,|00101111>,29
4,12,|00111010>,31
4,12,|01111000>,23
4,12,|01001001>,32
4,12,|01101101>,19
4,12,|01000011>,24
4,12,|01100000>,19
4,12,|01111101>,21
4,12,|10011000>,9
4,12,|01111111>,10
4,12,|00001111>,22
4,12,|00110101>,28
4,12,|10011111>,10
4,12,|10000000>,12
4,12,|10001111>,14
4,12,|00100010>,43
4,12,|11100100>,4
4,12,|00010110>,28
4,12,|01100011>,21
4,12,|00001101>,36
4,12,|00000111>,40
4,12,|00011111>,37
4,12,|11100111>,3
4,12,|00011001>,39
4,12,|00100111>,39
4,12,|01001000>,27
4,12,|10100001>,7
4,12,|00111001>,35
4,12,|01101010>,16
4,12,|00101100>,36
4,12,|00001100>,31
4,12,|01011101>,27
4,12,|00010101>,29
4,12,|01001110>,25
4,12,|01000000>,42
4,12,|01000010>,37
4,12,|10010110>,5
4,12,|00001010>,26
4,12,|00001110>,37
4,12,|11101111>,1
4,12,|00111101>,21
4,12,|10011001>,12
4,12,|00110001>,36
4,12,|00111110>,40
4,12,|01000111>,28
4,12,|01101011>,25
4,12,|00111000>,29
4,12,|00011110>,27
4,12,|01000101>,28
4,12,|01010100>,33
4,12,|00011000>,35
4,12,|00101001>,33
4,12,|00100001>,33
4,12,|10000101>,13
4,12,|00001000>,22
4,12,|00110000>,34
4,12,|00100011>,39
4,12,|01001111>,27
4,12,|10001011>,9
4,12,|00000001>,34
4,12,|10100111>,4
4,12,|00011011>,38
4,12,|01110110>,18
4,12,|00000110>,40
4,12,|00110100>,37
4,12,|00001001>,27
4,12,|00111100>,32
4,12,|00101011>,31
4,12,|10010100>,1
4,12,|00110010>,29
4,12,|01010101>,31
4,12,|01111100>,15
4,12,|00110011>,38
4,12,|00111011>,36
4,12,|01000100>,25
4,12,|01010011>,32
4,12,|01101001>,25
4,12,|01000001>,27
4,12,|00010100>,30
4,12,|01011110>,27
4,12,|00000101>,38
4,12,|10010111>,8
4,12,|00011100>,28
4,12,|00011101>,37
4,12,|10001001>,19
4,12,|00010001>,31
4,12,|01100001>,19
4,12,|01010010>,25
4,12,|01101000>,31
4,12,|00100101>,32
4,12,|00010000>,24
4,12,|00100000>,28
4,12,|01100010>,25
4,12,|00001011>,39
4,12,|01001010>,26
4,12,|01011011>,22
4,12,|01010110>,31
4,12,|10111110>,1
4,12,|10100100>,7
4,12,|10100110>,3
4,12,|00011010>,33
4,12,|11011110>,1
4,12,|10101011>,2
4,12,|00101110>,21
4,12,|01001100>,30
4,12,|01011111>,25
4,12,|10000010>,10
4,12,|01100101>,25
4,12,|10001110>,9
4,12,|01110000>,15
4,12,|10010010>,11
4,12,|01111001>,18
4,12,|01100110>,23
4,12,|10101001>,5
4,12,|10000110>,12
4,12,|00000100>,26
4,12,|00100110>,32
4,12,|10011110>,6
4,12,|10011011>,7
4,12,|10000111>,14
4,12,|01101111>,10
4,12,|11111111>,5
4,12,|10001101>,12
4,12,|01110001>,17
4,12,|10010000>,12
4,12,|10101111>,7
4,12,|01110100>,17
4,12,|11111011>,3
4,12,|11111101>,2
4,12,|10000100>,13
4,12,|10101010>,9
4,12,|01111011>,13
4,12,|10101000>,4
4,12,|10110001>,4
4,12,|10000011>,16
4,12,|01011010>,27
4,12,|11111110>,5
4,12,|01101110>,14
4,12,|01110011>,15
4,12,|10010101>,7
4,12,|11100011>,2
4,12,|10011101>,6
4,12,|11111001>,4
4,12,|01101100>,15
4,12,|10011100>,7
4,12,|00110111>,28
4,12,|11110111>,6
4,12,|10001010>,10
4,12,|11100001>,2
4,12,|11000110>,1
4,12,|11000001>,2
4,12,|11101000>,2
4,12,|10111011>,2
4,12,|11000100>,1
4,12,|11110101>,2
4,12,|11111100>,5
4,12,|10110000>,1
4,12,|11111000>,4
4,12,|11101100>,1
4,12,|10110011>,2
4,12,|10111101>,2
4,12,|10100000>,2
4,12,|11101001>,2
4,12,|11011010>,1
4,12,|10100101>,2
4,12,|10010001>,11
4,12,|11110110>,3
4,12,|10101100>,3
4,12,|11011100>,1
4,12,|11101110>,3
4,12,|11100000>,1
4,12,|10101101>,3
4,12,|10110111>,3
4,12,|10100010>,6
4,12,|10111000>,1
4,12,|11110000>,1
4,12,|11000010>,2
4,12,|11100101>,1
4,12,|10110101>,1
4,12,|11110011>,3
4,12,|11011101>,1
4,12,|10111111>,1
4,12,|10110010>,1
4,12,|10111010>,1
4,12,|11100110>,1
4,12,|11110100>,1
4,12,|11011011>,2
4,12,|11101010>,1
4,12,|11110010>,1
4,13,|10000110>,17
4,13,|00011111>,38
4,13,|00001111>,42
4,13,|00011010>,34
4,13,|00011001>,29
4,13,|01001101>,31
4,13,|01100100>,29
4,13,|00000110>,27
4,13,|10001001>,13
4,13,|00000101>,34
4,13,|00001000>,38
4,13,|01000000>,38
4,13,|00100110>,35
4,13,|01111111>,9
4,13,|00111111>,34
4,13,|00001001>,34
4,13,|00011110>,39
4,13,|00100001>,21
4,13,|01010100>,29
4,13,|01110000>,19
4,13,|01000100>,28
4,13,|01001100>,41
4,13,|01010010>,29
4,13,|10000111>,11
4,13,|00101111>,37
4,13,|01001010>,27
4,13,|00111011>,34
4,13,|01011011>,25
4,13,|00010010>,44
4,13,|00001010>,30
4,13,|01110101>,21
4,13,|01001011>,25
4,13,|01000101>,23
4,13,|00010100>,32
4,13,|01010111>,28
4,13,|00110010>,37
4,13,|00010110>,40
4,13,|00010011>,35
4,13,|00100100>,39
4,13,|01100011>,20
4,13,|10000101>,14
4,13,|01001001>,46
4,13,|10001000>,12
4,13,|01110111>,16
4,13,|00110111>,35
4,13,|00010001>,30
4,13,|01011010>,27
4,13,|00110000>,28
4,13,|00111101>,34
4,13,|00100011>,44
4,13,|00110011>,28
4,13,|10000100>,16
4,13,|00000011>,43
4,13,|00011011>,36
4,13,|01101111>,19
4,13,|00011100>,37
4,13,|01000010>,29
4,13,|10111011>,3
4,13,|00100000>,31
4,13,|00101110>,24
4,13,|01011100>,30
4,13,|01011110>,22
4,13,|01010001>,34
4,13,|00110100>,30
4,13,|00101000>,41
4,13,|00110101>,37
4,13,|00100111>,28
4,13,|10100001>,4
4,13,|00110110>,38
4,13,|10100111>,9
4,13,|00011101>,31
4,13,|01100110>,26
4,13,|10000001>,20
4,13,|00111000>,27
4,13,|01000011>,21
4,13,|01000001>,29
4,13,|11011011>,1
4,13,|10010011>,8
4,13,|01001000>,30
4,13,|01010110>,29
4,13,|00010000>,42
4,13,|00100101>,35
4,13,|01011111>,27
4,13,|01111001>,16
4,13,|10011101>,9
4,13,|01011000>,30
4,13,|01100111>,27
4,13,|11011010>,1
4,13,|01100010>,25
4,13,|01110100>,16
4,13,|01111101>,16
4,13,|01110110>,21
4,13,|01101110>,26
4,13,|01111000>,20
4,13,|00101101>,25
4,13,|01000111>,29
4,13,|00000100>,19
4,13,|01101100>,14
4,13,|10000000>,16
4,13,|00010111>,27
4,13,|10001111>,10
4,13,|01100000>,24
4,13,|01110011>,15
4,13,|11111111>,2
4,13,|01101101>,10
4,13,|01000110>,32
4,13,|00111001>,29
4,13,|00111100>,22
4,13,|01111100>,12
4,13,|10011010>,7
4,13,|00010101>,41
4,13,|10010101>,7
4,13,|10100110>,5
4,13,|00100010>,32
4,13,|00000000>,37
4,13,|11101001>,2
4,13,|10110110>,4
4,13,|11111010>,7
4,13,|10110011>,2
4,13,|01101010>,20
4,13,|01010011>,29
4,13,|01110010>,22
4,13,|01110001>,22
4,13,|01101000>,23
4,13,|00000111>,30
4,13,|11101111>,2
4,13,|10001110>,13
4,13,|00001100>,30
4,13,|10011000>,12
4,13,|00101100>,35
4,13,|00001110>,18
4,13,|10100011>,10
4,13,|01001111>,23
4,13,|01111010>,14
4,13,|10010110>,7
4,13,|01101001>,13
4,13,|01111011>,10
4,13,|10010010>,7
4,13,|01001110>,16
4,13,|00111010>,33
4,13,|00000010>,24
4,13,|01111110>,12
4,13,|00111110>,31
4,13,|00101011>,26
4,13,|00000001>,35
4,13,|11111001>,4
4,13,|00001101>,40
4,13,|10000010>,9
4,13,|10001011>,11
4,13,|11111000>,6
4,13,|00001011>,29
4,13,|00011000>,22
4,13,|10100100>,2
4,13,|01100101>,14
4,13,|00101001>,36
4,13,|10000011>,13
4,13,|10011001>,9
4,13,|10010001>,7
4,13,|01010000>,20
4,13,|10100010>,7
4,13,|10011011>,11
4,13,|10011111>,5
4,13,|01011101>,17
4,13,|01010101>,32
4,13,|10010100>,7
4,13,|10011100>,7
4,13,|10001101>,10
4,13,|10110010>,3
4,13,|01100001>,21
4,13,|10101110>,7
4,13,|11111100>,6
4,13,|00101010>,34
4,13,|10110000>,2
4,13,|00110001>,32
4,13,|10100000>,6
4,13,|11110100>,1
4,13,|01101011>,18
4,13,|11110110>,6
4,13,|11110010>,2
4,13,|10101000>,6
4,13,|10101010>,3
4,13,|11111011>,7
4,13,|01011001>,19
4,13,|10101111>,5
4,13,|11111101>,4
4,13,|11100111>,2
4,13,|10001010>,11
4,13,|11101101>,3
4,13,|10101100>,2
4,13,|10010000>,14
4,13,|10101101>,1
4,13,|10100101>,1
4,13,|11110101>,2
4,13,|10010111>,5
4,13,|11100101>,1
4,13,|10001100>,8
4,13,|10011110>,5
4,13,|10110111>,3
4,13,|10110101>,2
4,13,|10111000>,1
4,13,|11101100>,1
4,13,|10110100>,1
4,13,|11111110>,6
4,13,|10111100>,1
4,13,|11100010>,1
4,13,|10111111>,1
4,13,|10110001>,1
4,13,|11000000>,1
4,13,|10101001>,3
4,13,|10101011>,3
4,13,|11001000>,1
4,13,|11101011>,3
4,13,|11101010>,1
4,13,|10111010>,2
4,13,|11100000>,1
4,13,|11101110>,2
4,13,|11110001>,2
4,13,|11011111>,1
4,13,|11101000>,1
4,13,|11110111>,1
4,14,|10010100>,5
4,14,|01100000>,29
4,14,|01000101>,36
4,14,|00111110>,26
4,14,|01101010>,19
4,14,|01101011>,27
4,14,|00010010>,40
4,14,|01011011>,31
4,14,|01010100>,36
4,14,|00000000>,31
4,14,|10100101>,7
4,14,|00100011>,34
4,14,|01010000>,31
4,14,|01011001>,18
4,14,|10011111>,5
4,14,|00000001>,45
4,14,|00011101>,36
4,14,|01011101>,25
4,14,|00011001>,35
4,14,|00100111>,44
4,14,|00001011>,34
4,14,|00100010>,48
4,14,|00100000>,28
4,14,|01011000>,30
4,14,|00100101>,36
4,14,|00010101>,34
4,14,|01001101>,29
4,14,|00110011>,30
4,14,|01100010>,16
4,14,|10000100>,17
4,14,|00010100>,42
4,14,|00110001>,37
4,14,|00110100>,23
4,14,|01110011>,14
4,14,|11111100>,7
4,14,|00000100>,30
4,14,|00001010>,30
4,14,|00110110>,33
4,14,|00111101>,23
4,14,|00000101>,24
4,14,|00001111>,25
4,14,|10110101>,2
4,14,|01101101>,12
4,14,|01010110>,25
4,14,|10010110>,10
4,14,|01111001>,14
4,14,|00111111>,35
4,14,|00110101>,29
4,14,|10001110>,11
4,14,|00011110>,38
4,14,|01100110>,18
4,14,|01101111>,13
4,14,|01011100>,21
4,14,|01010101>,30
4,14,|00010000>,30
4,14,|00101100>,24
4,14,|01001111>,32
4,14,|10000101>,17
4,14,|00011000>,44
4,14,|00101111>,41
4,14,|01000111>,33
4,14,|00011111>,36
4,14,|11111110>,5
4,14,|00110000>,31
4,14,|01000011>,35
4,14,|00001001>,32
4,14,|01001011>,28
4,14,|01100111>,25
4,14,|00000111>,34
4,14,|00000010>,25
4,14,|00111010>,29
4,14,|00111100>,43
4,14,|00011011>,18
4,14,|00101011>,30
4,14,|00001100>,28
4,14,|00110010>,38
4,14,|00010110>,38
4,14,|00111001>,39
4,14,|00001000>,35
4,14,|01110001>,18
4,14,|00001101>,34
4,14,|10010101>,7
4,14,|10001111>,11
4,14,|00110111>,31
4,14,|11111011>,4
4,14,|11111111>,6
4,14,|01010011>,35
4,14,|10010010>,10
4,14,|01100101>,26
4,14,|01011110>,19
4,14,|01111100>,18
4,14,|00000011>,31
4,14,|01101001>,19
4,14,|01111011>,16
4,14,|01001110>,22
4,14,|10000001>,12
4,14,|01101110>,21
4,14,|01100100>,13
4,14,|00101010>,38
4,14,|00010111>,25
4,14,|01001100>,28
4,14,|10010111>,9
4,14,|00101110>,32
4,14,|01001010>,23
4,14,|01000000>,36
4,14,|01110101>,22
4,14,|00100100>,47
4,14,|01100011>,23
4,14,|00011010>,35
4,14,|10011110>,5
4,14,|01010111>,20
4,14,|01001000>,31
4,14,|01111110>,14
4,14,|01010001>,31
4,14,|01110111>,21
4,14,|01001001>,32
4,14,|00000110>,29
4,14,|01000001>,28
4,14,|10001011>,8
4,14,|00101000>,37
4,14,|01000110>,27
4,14,|10100011>,8
4,14,|11110011>,2
4,14,|10010011>,14
4,14,|01101100>,16
4,14,|00111011>,29
4,14,|01000010>,25
4,14,|00100001>,20
4,14,|00101101>,33
4,14,|00010011>,43
4,14,|00001110>,36
4,14,|01110110>,21
4,14,|01101000>,18
4,14,|01111010>,14
4,14,|00010001>,26
4,14,|10001010>,13
4,14,|10110010>,5
4,14,|01110100>,10
4,14,|10111010>,2
4,14,|10000011>,15
4,14,|01111101>,24
4,14,|10001101>,8
4,14,|11111101>,6
4,14,|10011001>,9
4,14,|10110001>,4
4,14,|00100110>,35
4,14,|00111000>,25
4,14,|01000100>,24
4,14,|00011100>,33
4,14,|10010000>,7
4,14,|01110000>,19
4,14,|10000000>,18
4,14,|11111001>,6
4,14,|10100111>,10
4,14,|10001001>,5
4,14,|10111101>,2
4,14,|01100001>,30
4,14,|10100001>,10
4,14,|10001100>,5
4,14,|11110110>,4
4,14,|10001000>,12
4,14,|10011100>,1
4,14,|00101001>,40
4,14,|01011111>,21
4,14,|10100100>,3
4,14,|01011010>,20
4,14,|10000111>,9
4,14,|10000010>,16
4,14,|10111100>,2
4,14,|11000111>,2
4,14,|10110011>,3
4,14,|01111000>,21
4,14,|01111111>,13
4,14,|10101100>,5
4,14,|01110010>,20
4,14,|10010001>,11
4,14,|10011000>,4
4,14,|10101011>,6
4,14,|10100010>,4
4,14,|10011011>,4
4,14,|10000110>,10
4,14,|11110100>,3
4,14,|01010010>,24
4,14,|10101111>,4
4,14,|10101101>,4
4,14,|11000001>,2
4,14,|11110101>,2
4,14,|11101111>,1
4,14,|11111010>,3
4,14,|11000011>,2
4,14,|10011101>,2
4,14,|10110000>,2
4,14,|10100110>,6
4,14,|10011010>,4
4,14,|11111000>,5
4,14,|11101101>,2
4,14,|11101011>,2
4,14,|11101110>,1
4,14,|11100011>,1
4,14,|11100010>,4
4,14,|10111000>,2
4,14,|10101000>,3
4,14,|10101010>,2
4,14,|11011111>,1
4,14,|10111011>,2
4,14,|10110100>,2
4,14,|11110010>,1
4,14,|10100000>,1
4,14,|11100101>,1
4,14,|11100001>,2
4,14,|10111110>,1
4,14,|11110111>,2
4,14,|11101100>,1
4,14,|11100110>,1
4,14,|11010111>,1
4,14,|10101001>,2
4,14,|10101110>,1
4,14,|11001010>,1
4,14,|10111001>,2
4,15,|01000100>,28
4,15,|10101011>,6
4,15,|01010010>,35
4,15,|00000010>,38
4,15,|01111001>,22
4,15,|01011000>,28
4,15,|01010100>,32
4,15,|00110001>,49
4,15,|00100101>,36
4,15,|00001101>,43
4,15,|01011111>,21
4,15,|00110000>,43
4,15,|10001010>,8
4,15,|00110100>,33
4,15,|00000011>,36
4,15,|00101010>,37
4,15,|00001000>,36
4,15,|00011111>,39
4,15,|11100111>,3
4,15,|00101001>,25
4,15,|00100011>,29
4,15,|00000001>,30
4,15,|00011101>,37
4,15,|01001100>,37
4,15,|10010010>,14
4,15,|00000100>,36
4,15,|01011010>,25
4,15,|00100100>,40
4,15,|00111101>,36
4,15,|00111010>,37
4,15,|00010010>,37
4,15,|01100100>,21
4,15,|00001100>,38
4,15,|00111011>,27
4,15,|11000000>,1
4,15,|01001111>,24
4,15,|00011100>,35
4,15,|01001101>,20
4,15,|01101110>,16
4,15,|10000111>,12
4,15,|00010100>,36
4,15,|10000010>,9
4,15,|00111111>,40
4,15,|01011100>,34
4,15,|11111110>,7
4,15,|10011001>,7
4,15,|01100111>,25
4,15,|00110101>,34
4,15,|01001000>,37
4,15,|01110011>,20
4,15,|01010000>,26
4,15,|00111001>,33
4,15,|10100101>,5
4,15,|01111011>,13
4,15,|00100001>,38
4,15,|01000110>,27
4,15,|00010110>,29
4,15,|10100110>,8
4,15,|00011000>,38
4,15,|01011101>,22
4,15,|01110100>,15
4,15,|00111110>,26
4,15,|01100011>,18
4,15,|00101000>,32
4,15,|00100010>,30
4,15,|00010101>,25
4,15,|01010001>,23
4,15,|11100100>,1
4,15,|00111000>,31
4,15,|10000101>,14
4,15,|00100110>,41
4,15,|00010111>,26
4,15,|00101100>,34
4,15,|00110111>,34
4,15,|01100101>,23
4,15,|00001110>,26
4,15,|00010011>,27
4,15,|01011011>,18
4,15,|01101010>,16
4,15,|00100000>,31
4,15,|00101110>,32
4,15,|01010011>,29
4,15,|00101111>,39
4,15,|01011001>,26
4,15,|00011011>,32
4,15,|00110010>,35
4,15,|10011101>,10
4,15,|01111000>,17
4,15,|00011010>,25
4,15,|11111111>,2
4,15,|00110011>,34
4,15,|00111100>,23
4,15,|00011001>,42
4,15,|11110101>,8
4,15,|01100110>,13
4,15,|11111001>,3
4,15,|01101000>,24
4,15,|01101001>,16
4,15,|01110110>,20
4,15,|00010001>,30
4,15,|01111110>,16
4,15,|01011110>,19
4,15,|01100000>,24
4,15,|10100111>,4
4,15,|10100010>,5
4,15,|10001110>,9
4,15,|00010000>,33
4,15,|01010101>,25
4,15,|10101111>,3
4,15,|01100010>,21
4,15,|01001001>,30
4,15,|01101101>,21
4,15,|01001110>,33
4,15,|10000110>,11
4,15,|10001001>,8
4,15,|00001111>,26
4,15,|10001100>,10
4,15,|00000111>,34
4,15,|11111101>,6
4,15,|01111010>,18
4,15,|00101011>,42
4,15,|10001000>,9
4,15,|01000101>,37
4,15,|01000011>,25
4,15,|01001011>,30
4,15,|01111111>,14
4,15,|01000010>,34
4,15,|10000100>,13
4,15,|00001010>,39
4,15,|00110110>,22
4,15,|00000101>,31
4,15,|00100111>,24
4,15,|01101100>,14
4,15,|01001010>,26
4,15,|00001001>,36
4,15,|01111101>,20
4,15,|10000000>,10
4,15,|01000000>,30
4,15,|10010111>,11
4,15,|10010001>,8
4,15,|11111100>,5
4,15,|11101101>,2
4,15,|01000001>,28
4,15,|00001011>,33
4,15,|10001011>,10
4,15,|01000111>,29
4,15,|01010111>,20
4,15,|00011110>,24
4,15,|10011100>,14
4,15,|10010011>,9
4,15,|01111100>,13
4,15,|11100110>,2
4,15,|01110111>,13
4,15,|01110010>,16
4,15,|01010110>,25
4,15,|10111111>,1
4,15,|00000000>,32
4,15,|10110101>,3
4,15,|10110111>,4
4,15,|00000110>,29
4,15,|10110001>,2
4,15,|11110000>,2
4,15,|10010101>,8
4,15,|11110001>,5
4,15,|01110000>,14
4,15,|10100000>,6
4,15,|11110111>,5
4,15,|10011110>,9
4,15,|10011000>,6
4,15,|01101011>,24
4,15,|00101101>,33
4,15,|01100001>,27
4,15,|01110001>,27
4,15,|01101111>,21
4,15,|10001101>,15
4,15,|10011010>,10
4,15,|10101110>,5
4,15,|10000001>,6
4,15,|10100011>,5
4,15,|10001111>,7
4,15,|10000011>,11
4,15,|10010100>,8
4,15,|01110101>,20
4,15,|11100101>,2
4,15,|10010000>,10
4,15,|11101000>,1
4,15,|11101100>,1
4,15,|11111000>,2
4,15,|10101100>,2
4,15,|10011011>,8
4,15,|10100001>,5
4,15,|11111011>,6
4,15,|11101010>,5
4,15,|10011111>,4
4,15,|11110110>,1
4,15,|10100100>,3
4,15,|10010110>,8
4,15,|10101001>,4
4,15,|11100001>,1
4,15,|10110000>,1
4,15,|10110010>,2
4,15,|10101000>,5
4,15,|11101110>,3
4,15,|10110110>,1
4,15,|11101001>,1
4,15,|11110011>,1
4,15,|11110010>,2
4,15,|11110100>,1
4,15,|10111101>,1
4,15,|10111110>,1
4,15,|10101010>,1
4,15,|11011100>,1
4,15,|11101111>,2
4,15,|10110100>,1
4,15,|11101011>,1
4,16,|00110011>,36
4,16,|00101100>,23
4,16,|01000011>,33
4,16,|01010100>,29
4,16,|01011001>,19
4,16,|00010101>,39
4,16,|00000001>,32
4,16,|01000100>,24
4,16,|00111111>,30
4,16,|00011111>,44
4,16,|01001100>,26
4,16,|00110001>,26
4,16,|00000011>,31
4,16,|01100100>,19
4,16,|00011101>,40
4,16,|01110000>,23
4,16,|00110000>,40
4,16,|01100011>,18
4,16,|10001111>,6
4,16,|00111000>,38
4,16,|00001111>,42
4,16,|01110101>,15
4,16,|01100110>,31
4,16,|00100010>,51
4,16,|10011001>,7
4,16,|10001011>,14
4,16,|00010010>,29
4,16,|01000101>,41
4,16,|01001010>,30
4,16,|00110100>,36
4,16,|01110010>,17
4,16,|01011100>,20
4,16,|10000001>,24
4,16,|00100101>,29
4,16,|00000100>,42
4,16,|01010010>,28
4,16,|00001100>,38
4,16,|10001000>,14
4,16,|00011011>,26
4,16,|10010010>,6
4,16,|01110001>,19
4,16,|01010011>,33
4,16,|00001000>,40
4,16,|10000110>,14
4,16,|01001011>,32
4,16,|00110010>,34
4,16,|00110110>,27
4,16,|11100111>,1
4,16,|00101001>,36
4,16,|00111001>,42
4,16,|00111101>,25
4,16,|00010000>,38
4,16,|00011110>,23
4,16,|01010110>,23
4,16,|01010101>,18
4,16,|00111011>,21
4,16,|00001110>,30
4,16,|00010100>,41
4,16,|00100011>,36
4,16,|00001101>,40
4,16,|00001011>,35
4,16,|01111101>,24
4,16,|00010111>,34
4,16,|01111111>,17
4,16,|00000111>,36
4,16,|00110101>,35
4,16,|01010111>,19
4,16,|00101110>,29
4,16,|01001101>,33
4,16,|01111110>,16
4,16,|01110011>,18
4,16,|01000110>,32
4,16,|00001001>,28
4,16,|00101111>,32
4,16,|00011100>,39
4,16,|00100100>,29
4,16,|10000100>,14
4,16,|01101011>,19
4,16,|00011010>,37
4,16,|01100000>,15
4,16,|01100111>,27
4,16,|00101101>,26
4,16,|10001001>,12
4,16,|01001111>,30
4,16,|00001010>,36
4,16,|00011001>,31
4,16,|01011111>,21
4,16,|00101000>,40
4,16,|11110001>,2
4,16,|01100010>,26
4,16,|01000001>,27
4,16,|01101010>,22
4,16,|10101111>,5
4,16,|01000010>,24
4,16,|00000110>,33
4,16,|01001000>,23
4,16,|01010000>,30
4,16,|00111010>,28
4,16,|11110101>,5
4,16,|01000000>,29
4,16,|00110111>,30
4,16,|10110101>,1
4,16,|01111011>,28
4,16,|10000010>,12
4,16,|11111011>,6
4,16,|01101111>,19
4,16,|10100011>,8
4,16,|01011010>,22
4,16,|11100101>,1
4,16,|01101001>,27
4,16,|01010001>,22
4,16,|01011011>,32
4,16,|00011000>,42
4,16,|00100110>,29
4,16,|01111000>,23
4,16,|10110011>,4
4,16,|01000111>,29
4,16,|10111101>,2
4,16,|10011101>,4
4,16,|11111101>,6
4,16,|11101101>,2
4,16,|00100000>,37
4,16,|10001100>,8
4,16,|01110100>,8
4,16,|10000101>,12
4,16,|01101100>,17
4,16,|01100001>,19
4,16,|10101100>,5
4,16,|00100111>,34
4,16,|01101000>,17
4,16,|00010011>,36
4,16,|01011101>,21
4,16,|01111001>,11
4,16,|10011010>,12
4,16,|00010001>,29
4,16,|10001101>,7
4,16,|00000000>,31
4,16,|00000010>,34
4,16,|00010110>,24
4,16,|00111110>,27
4,16,|00100001>,31
4,16,|01101101>,13
4,16,|01111010>,20
4,16,|00111100>,32
4,16,|10000111>,13
4,16,|10000011>,20
4,16,|01001001>,30
4,16,|11111010>,7
4,16,|01011000>,16
4,16,|10000000>,7
4,16,|01101110>,18
4,16,|11110111>,6
4,16,|10111001>,3
4,16,|10100100>,8
4,16,|10011011>,5
4,16,|01001110>,21
4,16,|11110110>,6
4,16,|10111111>,2
4,16,|00000101>,28
4,16,|10001010>,19
4,16,|01110110>,13
4,16,|00101010>,32
4,16,|01100101>,27
4,16,|10010000>,8
4,16,|11101100>,2
4,16,|01111100>,19
4,16,|10010110>,10
4,16,|10011000>,6
4,16,|10010001>,14
4,16,|10100001>,9
4,16,|10101001>,2
4,16,|01110111>,11
4,16,|00101011>,22
4,16,|10101000>,4
4,16,|10011110>,3
4,16,|10100010>,4
4,16,|10100101>,6
4,16,|10001110>,8
4,16,|11110011>,4
4,16,|01011110>,21
4,16,|10010011>,4
4,16,|10110000>,2
4,16,|10010111>,6
4,16,|10100000>,5
4,16,|10101010>,2
4,16,|11101111>,4
4,16,|10011100>,10
4,16,|11101110>,5
4,16,|11110010>,4
4,16,|11110000>,2
4,16,|11100000>,2
4,16,|11101000>,1
4,16,|10101011>,8
4,16,|10011111>,5
4,16,|10101101>,5
4,16,|11111001>,4
4,16,|10101110>,4
4,16,|10110111>,2
4,16,|10110100>,4
4,16,|11111111>,6
4,16,|11111000>,1
4,16,|10100110>,4
4,16,|10010101>,4
4,16,|10010100>,5
4,16,|10111000>,2
4,16,|10111100>,1
4,16,|11110100>,2
4,16,|10110001>,1
4,16,|10111010>,1
4,16,|11100100>,1
4,16,|11001010>,1
4,16,|11000101>,1
4,16,|11111100>,4
4,16,|11101001>,1
4,16,|11100110>,2
4,16,|11011111>,1
4,16,|11101011>,2
4,16,|11000111>,1
4,16,|10110110>,1
5,0,|01101011>,23
5,0,|01001100>,24
5,0,|01101110>,27
5,0,|00101110>,5
5,0,|01000001>,19
5,0,|01011000>,16
5,0,|10100100>,16
5,0,|00110111>,9
5,0,|01100110>,26
5,0,|01100100>,13
5,0,|10011001>,22
5,0,|01000111>,22
5,0,|01100000>,35
5,0,|01110010>,22
5,0,|01010001>,20
5,0,|10111011>,20
5,0,|10110101>,19
5,0,|10011000>,25
5,0,|10100010>,21
5,0,|10100000>,18
5,0,|10010110>,27
5,0,|01110100>,34
5,0,|11001010>,18
5,0,|10010111>,19
5,0,|01111011>,27
5,0,|01100010>,27
5,0,|11011010>,14
5,0,|10110001>,25
5,0,|00110100>,14
5,0,|01111110>,25
5,0,|11111000>,7
5,0,|01011111>,23
5,0,|11011011>,14
5,0,|00100001>,11
5,0,|11001100>,17
5,0,|10000000>,24
5,0,|10101010>,20
5,0,|00010010>,9
5,0,|10010000>,28
5,0,|01010000>,20
5,0,|01000011>,16
5,0,|01111100>,18
5,0,|10100001>,22
5,0,|10101110>,15
5,0,|11010110>,9
5,0,|01011110>,28
5,0,|00101100>,15
5,0,|11000010>,17
5,0,|10011110>,22
5,0,|10010101>,20
5,0,|10001110>,23
5,0,|01011001>,18
5,0,|10111101>,21
5,0,|10011011>,30
5,0,|00000011>,5
5,0,|00100011>,6
5,0,|10000100>,23
5,0,|10101100>,17
5,0,|11110000>,14
5,0,|11001111>,18
5,0,|10001101>,26
5,0,|01110001>,27
5,0,|10010001>,23
5,0,|00001011>,13
5,0,|01101010>,28
5,0,|10001001>,25
5,0,|11101101>,12
5,0,|01001010>,23
5,0,|01110011>,12
5,0,|01011100>,21
5,0,|00111101>,19
5,0,|01110000>,23
5,0,|10100110>,22
5,0,|01101001>,32
5,0,|10000111>,26
5,0,|11101000>,8
5,0,|10010010>,29
5,0,|01101111>,28
5,0,|10001000>,27
5,0,|01000110>,20
5,0,|01111000>,19
5,0,|10101011>,21
5,0,|01111101>,29
5,0,|00101111>,16
5,0,|01100011>,21
5,0,|01010010>,16
5,0,|01010110>,24
5,0,|10000011>,20
5,0,|11010101>,14
5,0,|01100001>,27
5,0,|10110011>,17
5,0,|01101100>,15
5,0,|00110011>,10
5,0,|10000110>,22
5,0,|00010001>,7
5,0,|00110001>,13
5,0,|10110111>,25
5,0,|00101011>,16
5,0,|10010100>,23
5,0,|01001111>,24
5,0,|01111111>,27
5,0,|01010111>,20
5,0,|10110100>,21
5,0,|01010011>,23
5,0,|01100101>,22
5,0,|10001011>,27
5,0,|11101011>,9
5,0,|11000000>,21
5,0,|11000011>,19
5,0,|01001000>,25
5,0,|01011010>,31
5,0,|01101000>,18
5,0,|11100110>,13
5,0,|01001001>,13
5,0,|10101000>,16
5,0,|00000010>,6
5,0,|11010010>,8
5,0,|01111001>,26
5,0,|10111000>,11
5,0,|00011110>,8
5,0,|00110010>,17
5,0,|10100101>,16
5,0,|10011111>,26
5,0,|00011001>,12
5,0,|01111010>,22
5,0,|00111010>,11
5,0,|11110110>,7
5,0,|00110101>,14
5,0,|01000000>,21
5,0,|00110000>,17
5,0,|00100100>,13
5,0,|10000001>,29
5,0,|01000100>,19
5,0,|00100101>,8
5,0,|10101001>,21
5,0,|11001011>,11
5,0,|11111100>,9
5,0,|11101100>,5
5,0,|11000101>,18
5,0,|00001010>,4
5,0,|00001101>,8
5,0,|11001101>,10
5,0,|01101101>,14
5,0,|11100001>,12
5,0,|11010000>,14
5,0,|11010001>,14
5,0,|01110101>,28
5,0,|11101001>,8
5,0,|10001010>,21
5,0,|11110100>,10
5,0,|10001111>,21
5,0,|11001000>,26
5,0,|00101101>,4
5,0,|10010011>,24
5,0,|10011100>,19
5,0,|01011101>,17
5,0,|11010111>,15
5,0,|10111111>,22
5,0,|11001001>,20
5,0,|10100011>,22
5,0,|01010100>,11
5,0,|10111010>,19
5,0,|01110110>,25
5,0,|11001110>,19
5,0,|00100010>,10
5,0,|01000010>,16
5,0,|00111000>,15
5,0,|00010110>,9
5,0,|00000101>,3
5,0,|11110011>,8
5,0,|00100000>,13
5,0,|11100010>,12
5,0,|10011101>,20
5,0,|10111001>,21
5,0,|01001011>,14
5,0,|00111001>,6
5,0,|11110111>,6
5,0,|10011010>,24
5,0,|11101111>,7
5,0,|01010101>,24
5,0,|00011000>,9
5,0,|00011100>,3
5,0,|11011110>,13
5,0,|11000111>,15
5,0,|10000101>,28
5,0,|00001001>,10
5,0,|10001100>,20
5,0,|01011011>,22
5,0,|00111011>,15
5,0,|00110110>,14
5,0,|10110010>,17
5,0,|11111110>,7
5,0,|11000110>,10
5,0,|00111110>,14
5,0,|00101010>,13
5,0,|11111010>,4
5,0,|01110111>,26
5,0,|10111110>,18
5,0,|00111111>,14
5,0,|11011101>,14
5,0,|11011001>,11
5,0,|00101001>,8
5,0,|10110110>,15
5,0,|00011101>,8
5,0,|11011000>,16
5,0,|00011010>,8
5,0,|11110101>,8
5,0,|11111001>,6
5,0,|00001110>,7
5,0,|01100111>,29
5,0,|01001101>,18
5,0,|01001110>,13
5,0,|00000000>,5
5,0,|00010111>,3
5,0,|00010000>,7
5,0,|11110010>,9
5,0,|11100100>,10
5,0,|00010011>,8
5,0,|10101111>,25
5,0,|10100111>,20
5,0,|10101101>,15
5,0,|10000010>,31
5,0,|00000001>,2
5,0,|11101010>,12
5,0,|00001111>,5
5,0,|00010101>,6
5,0,|11111101>,5
5,0,|11100101>,16
5,0,|00101000>,9
5,0,|11010100>,15
5,0,|11000001>,15
5,0,|00011111>,9
5,0,|00100111>,12
5,0,|11100011>,4
5,0,|11011100>,6
5,0,|00011011>,7
5,0,|00111100>,12
5,0,|11101110>,5
5,0,|10111100>,14
5,0,|11110001>,2
5,0,|01000101>,11
5,0,|11010011>,9
5,0,|00000111>,4
5,0,|00010100>,6
5,0,|11011111>,12
5,0,|11000100>,13
5,0,|00100110>,9
5,0,|10110000>,13
5,0,|11100000>,10
5,0,|11100111>,7
5,0,|00001000>,7
5,0,|11111111>,2
5,0,|00000100>,3
5,0,|11111011>,2
5,0,|00001100>,6
5,1,|00101100>,10
5,1,|01110010>,28
5,1,|00100101>,18
5,1,|10011101>,26
5,1,|11100111>,12
5,1,|00111101>,13
5,1,|01011101>,17
5,1,|11001110>,15
5,1,|01110011>,26
5,1,|11010101>,8
5,1,|01001100>,12
5,1,|01110110>,21
5,1,|00101001>,8
5,1,|01111111>,22
5,1,|01001000>,15
5,1,|01111110>,22
5,1,|00011100>,13
5,1,|11110011>,12
5,1,|11010110>,15
5,1,|01001111>,24
5,1,|11110000>,10
5,1,|01010001>,19
5,1,|11101100>,12
5,1,|11011101>,13
5,1,|11011010>,12
5,1,|01001101>,24
5,1,|10111111>,21
5,1,|10110111>,24
5,1,|10101001>,23
5,1,|01000000>,15
5,1,|10110010>,20
5,1,|00010000>,6
5,1,|00110101>,14
5,1,|01111101>,27
5,1,|11010111>,13
5,1,|10010101>,25
5,1,|01110111>,18
5,1,|01100000>,11
5,1,|01001010>,22
5,1,|10100011>,19
5,1,|00100001>,15
5,1,|11101011>,12
5,1,|10010000>,29
5,1,|10001111>,27
5,1,|10000101>,23
5,1,|00111011>,9
5,1,|00010100>,8
5,1,|00001010>,6
5,1,|01001011>,18
5,1,|11000011>,20
5,1,|01101001>,28
5,1,|10011001>,25
5,1,|01100100>,22
5,1,|10011100>,21
5,1,|11000101>,15
5,1,|01011010>,23
5,1,|11100011>,9
5,1,|01001110>,26
5,1,|10011011>,35
5,1,|10001110>,32
5,1,|10101111>,19
5,1,|01010100>,11
5,1,|01101111>,25
5,1,|11010011>,11
5,1,|00110111>,20
5,1,|11011001>,11
5,1,|01010111>,23
5,1,|10101100>,21
5,1,|01011001>,21
5,1,|10101000>,34
5,1,|11100110>,8
5,1,|10000110>,28
5,1,|11000110>,19
5,1,|10101011>,22
5,1,|11101110>,6
5,1,|10110100>,23
5,1,|01101011>,35
5,1,|00001101>,6
5,1,|01100110>,22
5,1,|11111100>,11
5,1,|01010011>,13
5,1,|11000010>,14
5,1,|00011010>,12
5,1,|01011111>,24
5,1,|01111001>,28
5,1,|01101010>,17
5,1,|11011011>,20
5,1,|11010001>,11
5,1,|10100001>,16
5,1,|10001011>,33
5,1,|10110101>,22
5,1,|11111010>,9
5,1,|10011110>,21
5,1,|00010110>,8
5,1,|10001000>,29
5,1,|11001000>,12
5,1,|10100110>,20
5,1,|01011100>,25
5,1,|10111100>,23
5,1,|10110110>,15
5,1,|10010001>,21
5,1,|10011000>,13
5,1,|01111000>,23
5,1,|00000001>,2
5,1,|01101100>,24
5,1,|10010010>,36
5,1,|11011000>,12
5,1,|10110000>,30
5,1,|10000111>,22
5,1,|11001101>,17
5,1,|11001111>,12
5,1,|01100011>,28
5,1,|10110011>,20
5,1,|10000100>,32
5,1,|01110001>,19
5,1,|00001100>,8
5,1,|00010011>,3
5,1,|00100011>,10
5,1,|11110001>,12
5,1,|10001010>,17
5,1,|10100100>,26
5,1,|10010110>,18
5,1,|01101000>,18
5,1,|01000010>,16
5,1,|10011111>,20
5,1,|11001100>,16
5,1,|01010110>,29
5,1,|11001011>,22
5,1,|00110000>,9
5,1,|01011000>,18
5,1,|10100000>,29
5,1,|00111100>,19
5,1,|01000100>,16
5,1,|01000001>,23
5,1,|11100100>,9
5,1,|11010000>,18
5,1,|10001100>,18
5,1,|11001010>,20
5,1,|01110101>,28
5,1,|10110001>,19
5,1,|01011110>,16
5,1,|10000000>,13
5,1,|10000010>,16
5,1,|10111001>,20
5,1,|01111010>,19
5,1,|00101111>,6
5,1,|00110001>,20
5,1,|11000111>,10
5,1,|00100110>,13
5,1,|11010010>,14
5,1,|11100010>,10
5,1,|01101101>,16
5,1,|11100000>,17
5,1,|11010100>,9
5,1,|01100101>,21
5,1,|00000010>,1
5,1,|00001001>,8
5,1,|01111100>,17
5,1,|00011101>,8
5,1,|10111000>,13
5,1,|01100010>,25
5,1,|10100010>,25
5,1,|00111110>,15
5,1,|00101011>,17
5,1,|01111011>,20
5,1,|01011011>,27
5,1,|10101110>,20
5,1,|10000011>,25
5,1,|01010010>,24
5,1,|11001001>,15
5,1,|11011100>,19
5,1,|11111001>,9
5,1,|01000101>,15
5,1,|00100010>,10
5,1,|11100101>,11
5,1,|10010100>,20
5,1,|01001001>,20
5,1,|10100101>,17
5,1,|00110100>,17
5,1,|00000110>,5
5,1,|01000110>,22
5,1,|10101101>,20
5,1,|01110100>,22
5,1,|01000111>,16
5,1,|01101110>,21
5,1,|11101010>,4
5,1,|00101000>,12
5,1,|00100111>,8
5,1,|00111001>,15
5,1,|01010000>,24
5,1,|10111110>,17
5,1,|11011111>,16
5,1,|01010101>,20
5,1,|11011110>,10
5,1,|01100111>,26
5,1,|10101010>,25
5,1,|10001001>,25
5,1,|00101010>,11
5,1,|11101101>,8
5,1,|11110101>,8
5,1,|01100001>,20
5,1,|00101101>,12
5,1,|11101000>,6
5,1,|00011011>,11
5,1,|11000001>,21
5,1,|00110110>,8
5,1,|00010111>,5
5,1,|00110011>,20
5,1,|10111011>,17
5,1,|01110000>,18
5,1,|11100001>,10
5,1,|11101001>,4
5,1,|10100111>,25
5,1,|10011010>,20
5,1,|00011001>,7
5,1,|01000011>,16
5,1,|11111000>,5
5,1,|11000100>,12
5,1,|11110111>,3
5,1,|00111000>,16
5,1,|10000001>,16
5,1,|00110010>,14
5,1,|10111101>,9
5,1,|11111101>,9
5,1,|00001000>,7
5,1,|10010111>,12
5,1,|00111111>,15
5,1,|00001011>,6
5,1,|10001101>,30
5,1,|00000000>,8
5,1,|00100100>,12
5,1,|11000000>,19
5,1,|11110110>,7
5,1,|00010010>,7
5,1,|10010011>,21
5,1,|11111111>,2
5,1,|00111010>,12
5,1,|10111010>,13
5,1,|00011110>,10
5,1,|00010001>,7
5,1,|00101110>,7
5,1,|00001111>,8
5,1,|00100000>,6
5,1,|00000011>,2
5,1,|00011000>,2
5,1,|11101111>,5
5,1,|00011111>,6
5,1,|00010101>,3
5,1,|00001110>,5
5,1,|00000101>,2
5,1,|00000100>,1
5,1,|11110100>,4
5,1,|00000111>,7
5,1,|11111110>,3
5,1,|11111011>,1
5,1,|11110010>,1
5,2,|01111000>,26
5,2,|01101101>,21
5,2,|11000000>,22
5,2,|00110110>,13
5,2,|10111011>,17
5,2,|10001100>,21
5,2,|10111000>,13
5,2,|01100111>,22
5,2,|10000110>,25
5,2,|01100001>,22
5,2,|10010111>,27
5,2,|10011111>,19
5,2,|11000100>,17
5,2,|10010100>,33
5,2,|11100111>,18
5,2,|10101010>,21
5,2,|00010111>,9
5,2,|11000001>,19
5,2,|10011001>,27
5,2,|10000001>,34
5,2,|11000111>,24
5,2,|10010010>,21
5,2,|10001001>,21
5,2,|10111001>,35
5,2,|10011000>,15
5,2,|00011000>,12
5,2,|01001010>,13
5,2,|10001111>,19
5,2,|01001011>,22
5,2,|11011110>,16
5,2,|01000011>,16
5,2,|11001111>,15
5,2,|01110101>,28
5,2,|10010000>,28
5,2,|01011001>,16
5,2,|01110011>,24
5,2,|10010110>,22
5,2,|10000000>,24
5,2,|10101011>,21
5,2,|00010000>,10
5,2,|10100010>,17
5,2,|11010011>,19
5,2,|10100111>,21
5,2,|10001010>,15
5,2,|01011110>,22
5,2,|00110101>,18
5,2,|00101011>,9
5,2,|01110111>,31
5,2,|11010000>,11
5,2,|10110111>,34
5,2,|11101100>,11
5,2,|01111101>,19
5,2,|00101110>,14
5,2,|01111011>,19
5,2,|10011010>,25
5,2,|11010001>,19
5,2,|10111101>,15
5,2,|10010101>,25
5,2,|01010010>,17
5,2,|10110000>,19
5,2,|10000011>,26
5,2,|00011111>,6
5,2,|00000101>,3
5,2,|10110110>,24
5,2,|11000010>,10
5,2,|10011011>,26
5,2,|01110000>,18
5,2,|00100000>,10
5,2,|01110110>,24
5,2,|10100011>,23
5,2,|11100110>,9
5,2,|00111111>,10
5,2,|00100110>,12
5,2,|01100000>,22
5,2,|11101111>,9
5,2,|11001110>,9
5,2,|00010011>,11
5,2,|01010111>,24
5,2,|11000011>,11
5,2,|01001000>,24
5,2,|01010110>,17
5,2,|01100011>,24
5,2,|11110010>,5
5,2,|01001100>,16
5,2,|10001101>,34
5,2,|00000111>,3
5,2,|10100101>,27
5,2,|00111100>,14
5,2,|00000001>,7
5,2,|10111100>,12
5,2,|10000100>,28
5,2,|11011011>,7
5,2,|01100101>,26
5,2,|01100110>,28
5,2,|10110010>,17
5,2,|10101110>,24
5,2,|10001011>,26
5,2,|00101111>,16
5,2,|01110100>,22
5,2,|10101000>,25
5,2,|10110100>,19
5,2,|10000111>,21
5,2,|01111100>,22
5,2,|00010001>,5
5,2,|11010110>,12
5,2,|10110001>,18
5,2,|00110000>,16
5,2,|10100000>,26
5,2,|01010000>,16
5,2,|01100100>,19
5,2,|11001000>,11
5,2,|01001001>,16
5,2,|01000111>,16
5,2,|01000010>,26
5,2,|01111110>,19
5,2,|00100011>,11
5,2,|01011000>,14
5,2,|11000101>,18
5,2,|11101000>,7
5,2,|00011110>,17
5,2,|01001111>,21
5,2,|11010010>,13
5,2,|11110000>,7
5,2,|10010001>,15
5,2,|10110011>,24
5,2,|10111110>,16
5,2,|11011000>,7
5,2,|11110001>,8
5,2,|00111000>,16
5,2,|11001010>,21
5,2,|01010011>,15
5,2,|00111001>,12
5,2,|11111101>,4
5,2,|00001100>,6
5,2,|10010011>,19
5,2,|01111111>,26
5,2,|11011100>,10
5,2,|00110111>,12
5,2,|00100001>,10
5,2,|00011001>,10
5,2,|10101101>,18
5,2,|01100010>,27
5,2,|11100101>,13
5,2,|10101001>,22
5,2,|11011101>,18
5,2,|01101000>,17
5,2,|10011100>,22
5,2,|11001011>,19
5,2,|11110111>,10
5,2,|11010111>,17
5,2,|10101100>,16
5,2,|01010101>,13
5,2,|00111011>,11
5,2,|01101001>,28
5,2,|00010101>,6
5,2,|10000010>,37
5,2,|10111010>,18
5,2,|00000011>,4
5,2,|01000101>,16
5,2,|00101001>,13
5,2,|11001001>,14
5,2,|01101010>,25
5,2,|11000110>,13
5,2,|00001011>,5
5,2,|11100000>,10
5,2,|00100010>,9
5,2,|00111110>,18
5,2,|10000101>,18
5,2,|00110010>,15
5,2,|01001110>,29
5,2,|11110011>,6
5,2,|11010101>,8
5,2,|01000000>,14
5,2,|10111111>,14
5,2,|10100100>,18
5,2,|01110001>,24
5,2,|11001101>,13
5,2,|11011010>,12
5,2,|11101010>,9
5,2,|01101111>,22
5,2,|10001000>,29
5,2,|01010100>,20
5,2,|11110100>,9
5,2,|01000110>,15
5,2,|01111010>,28
5,2,|10101111>,22
5,2,|01101011>,27
5,2,|11101101>,6
5,2,|01011101>,21
5,2,|11100010>,14
5,2,|01011011>,24
5,2,|00010010>,9
5,2,|01001101>,18
5,2,|11100100>,11
5,2,|01101100>,23
5,2,|00110001>,10
5,2,|00101000>,10
5,2,|01011100>,25
5,2,|10011101>,23
5,2,|01011111>,28
5,2,|10011110>,25
5,2,|11111001>,9
5,2,|01101110>,30
5,2,|01011010>,20
5,2,|10100110>,25
5,2,|00101101>,15
5,2,|00111010>,10
5,2,|10001110>,18
5,2,|01010001>,21
5,2,|10110101>,15
5,2,|11101011>,11
5,2,|11101001>,6
5,2,|01110010>,23
5,2,|11011111>,6
5,2,|00000100>,5
5,2,|11110110>,7
5,2,|11101110>,7
5,2,|00100100>,8
5,2,|00110011>,10
5,2,|01000001>,18
5,2,|01000100>,21
5,2,|01111001>,14
5,2,|11100001>,13
5,2,|00101100>,19
5,2,|00001000>,6
5,2,|00100101>,7
5,2,|00111101>,9
5,2,|00011010>,8
5,2,|11011001>,12
5,2,|00000010>,5
5,2,|00011100>,9
5,2,|11111100>,5
5,2,|00001111>,5
5,2,|00011101>,7
5,2,|11111111>,4
5,2,|00110100>,13
5,2,|11010100>,15
5,2,|11111011>,4
5,2,|00001110>,6
5,2,|11100011>,6
5,2,|11001100>,11
5,2,|10100001>,19
5,2,|00001101>,5
5,2,|11111000>,4
5,2,|11111010>,5
5,2,|00011011>,14
5,2,|00010110>,7
5,2,|00001010>,7
5,2,|00101010>,7
5,2,|00100111>,7
5,2,|00001001>,5
5,2,|00000110>,3
5,2,|00000000>,3
5,2,|00010100>,6
5,2,|11110101>,3
5,2,|11111110>,2
5,3,|11010100>,10
5,3,|10001000>,30
5,3,|01011110>,23
5,3,|10000111>,21
5,3,|00110010>,12
5,3,|01100100>,20
5,3,|11100111>,8
5,3,|11000011>,13
5,3,|10110010>,17
5,3,|01000111>,23
5,3,|10010110>,26
5,3,|11000101>,16
5,3,|00011101>,11
5,3,|01101100>,23
5,3,|01010101>,19
5,3,|01110110>,33
5,3,|00111110>,20
5,3,|01100110>,34
5,3,|10000000>,29
5,3,|11000111>,15
5,3,|00011111>,14
5,3,|10100111>,29
5,3,|01101110>,26
5,3,|10100110>,24
5,3,|10111111>,16
5,3,|11100010>,12
5,3,|00101101>,13
5,3,|10111110>,24
5,3,|00101100>,11
5,3,|01011001>,23
5,3,|00110011>,17
5,3,|01001111>,24
5,3,|01110011>,24
5,3,|10110100>,22
5,3,|01100101>,30
5,3,|01001011>,24
5,3,|01111001>,24
5,3,|10000001>,18
5,3,|10000101>,25
5,3,|01000101>,13
5,3,|10101111>,19
5,3,|11111110>,3
5,3,|11111000>,7
5,3,|00110111>,16
5,3,|10101110>,31
5,3,|00010111>,10
5,3,|01001001>,23
5,3,|10110111>,20
5,3,|01000010>,17
5,3,|10001111>,24
5,3,|11110101>,8
5,3,|10110110>,28
5,3,|01110101>,28
5,3,|01101101>,16
5,3,|10110011>,17
5,3,|01111110>,24
5,3,|10000010>,16
5,3,|00101111>,11
5,3,|01101011>,13
5,3,|11110011>,6
5,3,|10011111>,23
5,3,|01101010>,18
5,3,|11010111>,15
5,3,|00110000>,7
5,3,|10001110>,28
5,3,|10101011>,22
5,3,|01111011>,20
5,3,|01010010>,17
5,3,|00100110>,15
5,3,|00000101>,5
5,3,|10111100>,24
5,3,|00111101>,14
5,3,|11000010>,17
5,3,|11000001>,11
5,3,|10001100>,23
5,3,|01010110>,22
5,3,|11111101>,11
5,3,|10011000>,28
5,3,|00001001>,5
5,3,|00010011>,10
5,3,|10100001>,23
5,3,|10100101>,22
5,3,|01011011>,17
5,3,|01101001>,34
5,3,|00001111>,7
5,3,|10100011>,21
5,3,|10100000>,29
5,3,|11011111>,15
5,3,|01000110>,21
5,3,|11110110>,4
5,3,|00100011>,11
5,3,|01011101>,21
5,3,|11010001>,19
5,3,|01011000>,11
5,3,|11000110>,15
5,3,|01100001>,31
5,3,|10110001>,19
5,3,|11110001>,11
5,3,|10010001>,29
5,3,|10010100>,23
5,3,|00111011>,24
5,3,|01110100>,22
5,3,|10111001>,16
5,3,|11000100>,9
5,3,|10000100>,27
5,3,|10111101>,13
5,3,|00111010>,12
5,3,|00111100>,14
5,3,|11011001>,12
5,3,|01010011>,23
5,3,|01010111>,31
5,3,|01010001>,29
5,3,|10010000>,21
5,3,|10010011>,20
5,3,|01111100>,24
5,3,|10000011>,19
5,3,|01001000>,23
5,3,|01110001>,22
5,3,|01010000>,22
5,3,|00001000>,7
5,3,|01100010>,28
5,3,|01111111>,29
5,3,|10101010>,17
5,3,|10101001>,18
5,3,|00101011>,11
5,3,|10011011>,30
5,3,|10010101>,20
5,3,|01010100>,17
5,3,|11010110>,10
5,3,|01000011>,16
5,3,|01000000>,13
5,3,|00101110>,9
5,3,|01110010>,18
5,3,|00110110>,15
5,3,|10001101>,25
5,3,|10011100>,12
5,3,|00011000>,7
5,3,|10111010>,17
5,3,|10001011>,30
5,3,|01100000>,23
5,3,|01111000>,30
5,3,|11100011>,10
5,3,|01111010>,24
5,3,|10110000>,11
5,3,|00111001>,17
5,3,|01000001>,15
5,3,|11011010>,10
5,3,|10001001>,24
5,3,|00010000>,8
5,3,|01110000>,22
5,3,|11101001>,11
5,3,|11010010>,13
5,3,|00000111>,5
5,3,|10101100>,11
5,3,|00101000>,17
5,3,|10011010>,15
5,3,|11001111>,16
5,3,|11011110>,14
5,3,|11001101>,11
5,3,|00111000>,18
5,3,|10011001>,24
5,3,|10100010>,28
5,3,|11000000>,16
5,3,|00101010>,11
5,3,|01011010>,22
5,3,|01001110>,15
5,3,|01100011>,19
5,3,|11110100>,11
5,3,|10000110>,21
5,3,|01001010>,15
5,3,|01101000>,23
5,3,|10001010>,23
5,3,|11110111>,10
5,3,|11001110>,14
5,3,|11101100>,10
5,3,|11010000>,13
5,3,|11101111>,2
5,3,|01001100>,17
5,3,|10101000>,18
5,3,|11011011>,9
5,3,|11001100>,14
5,3,|00000011>,6
5,3,|00100000>,15
5,3,|00100111>,19
5,3,|10100100>,24
5,3,|11010011>,11
5,3,|01000100>,12
5,3,|00010101>,4
5,3,|01011111>,20
5,3,|10010111>,17
5,3,|01101111>,24
5,3,|00000100>,3
5,3,|11100100>,17
5,3,|00010100>,9
5,3,|10010010>,18
5,3,|00110100>,15
5,3,|11101000>,12
5,3,|00100100>,11
5,3,|11010101>,19
5,3,|00010110>,11
5,3,|10101101>,21
5,3,|01011100>,21
5,3,|11100101>,7
5,3,|11110010>,9
5,3,|00100101>,8
5,3,|11100000>,15
5,3,|01100111>,15
5,3,|11110000>,5
5,3,|11011101>,8
5,3,|11101011>,9
5,3,|11001010>,16
5,3,|11011100>,7
5,3,|11011000>,13
5,3,|10111000>,16
5,3,|11111100>,3
5,3,|11100110>,6
5,3,|11111111>,2
5,3,|00101001>,14
5,3,|00010001>,5
5,3,|11111011>,9
5,3,|10110101>,13
5,3,|11101110>,7
5,3,|00001101>,8
5,3,|01110111>,21
5,3,|00001110>,8
5,3,|01001101>,19
5,3,|00001011>,3
5,3,|11111010>,10
5,3,|11101010>,7
5,3,|00011011>,6
5,3,|10011101>,17
5,3,|00011110>,11
5,3,|11101101>,9
5,3,|10011110>,20
5,3,|11001001>,10
5,3,|00011010>,8
5,3,|11001011>,21
5,3,|11100001>,10
5,3,|00110101>,12
5,3,|00100010>,9
5,3,|01111101>,19
5,3,|00100001>,5
5,3,|11001000>,8
5,3,|00111111>,17
5,3,|00000010>,5
5,3,|00011100>,6
5,3,|10111011>,20
5,3,|00001100>,5
5,3,|00110001>,11
5,3,|00001010>,6
5,3,|00011001>,7
5,3,|11111001>,3
5,3,|00000001>,5
5,3,|00010010>,5
5,3,|00000000>,1
5,3,|00000110>,5
5,4,|11011000>,11
5,4,|11110100>,8
5,4,|01011100>,28
5,4,|11111010>,7
5,4,|01000111>,16
5,4,|01010010>,22
5,4,|11100010>,12
5,4,|10110001>,17
5,4,|00110011>,13
5,4,|10001101>,26
5,4,|10111001>,17
5,4,|10100001>,25
5,4,|11001010>,17
5,4,|01001101>,22
5,4,|01100000>,18
5,4,|10011101>,17
5,4,|00011001>,12
5,4,|01100111>,33
5,4,|01110000>,27
5,4,|10101101>,16
5,4,|01100010>,31
5,4,|01110001>,27
5,4,|10000011>,30
5,4,|01011101>,19
5,4,|00101101>,12
5,4,|11101100>,7
5,4,|10101010>,22
5,4,|11000001>,15
5,4,|01000001>,14
5,4,|11000000>,20
5,4,|10010111>,25
5,4,|11011001>,12
5,4,|10101100>,19
5,4,|01111111>,28
5,4,|01110010>,16
5,4,|01100110>,25
5,4,|01111011>,20
5,4,|10111000>,23
5,4,|10101001>,25
5,4,|10011100>,22
5,4,|00100010>,10
5,4,|01011000>,18
5,4,|01001111>,16
5,4,|11001111>,20
5,4,|00101110>,15
5,4,|01101011>,19
5,4,|11101010>,8
5,4,|10000001>,24
5,4,|01110111>,28
5,4,|10010100>,18
5,4,|10111100>,11
5,4,|10000000>,31
5,4,|01110011>,30
5,4,|10100110>,24
5,4,|11111110>,5
5,4,|10011011>,26
5,4,|10111101>,19
5,4,|11100101>,15
5,4,|00010100>,10
5,4,|00110010>,15
5,4,|00111010>,14
5,4,|10000100>,20
5,4,|10100101>,22
5,4,|01100101>,22
5,4,|11101001>,7
5,4,|01010101>,26
5,4,|10010011>,21
5,4,|01000110>,20
5,4,|01101100>,21
5,4,|10001011>,21
5,4,|01001100>,20
5,4,|00011111>,9
5,4,|10001001>,20
5,4,|01001110>,21
5,4,|10110111>,16
5,4,|11000010>,22
5,4,|01011010>,22
5,4,|01110110>,21
5,4,|01100100>,21
5,4,|11001011>,14
5,4,|01101001>,26
5,4,|11000100>,16
5,4,|10001100>,21
5,4,|11101110>,5
5,4,|01000011>,19
5,4,|11000101>,24
5,4,|00111000>,24
5,4,|00011101>,10
5,4,|11011011>,9
5,4,|10010101>,21
5,4,|01111001>,19
5,4,|10000111>,32
5,4,|11010100>,10
5,4,|01000000>,16
5,4,|00011110>,11
5,4,|10101111>,22
5,4,|01111010>,23
5,4,|10011010>,14
5,4,|10110101>,26
5,4,|11100110>,9
5,4,|11001001>,17
5,4,|11010010>,15
5,4,|10100111>,18
5,4,|01101111>,28
5,4,|11001000>,19
5,4,|01001000>,19
5,4,|10110100>,21
5,4,|00110000>,13
5,4,|01101110>,23
5,4,|00001110>,3
5,4,|10111111>,14
5,4,|01010100>,20
5,4,|10100000>,18
5,4,|10011110>,25
5,4,|00101111>,11
5,4,|01101010>,22
5,4,|11101011>,5
5,4,|11001100>,19
5,4,|01111101>,26
5,4,|01010111>,25
5,4,|10100011>,24
5,4,|01000101>,14
5,4,|10010010>,29
5,4,|00011000>,11
5,4,|10001111>,21
5,4,|11000111>,12
5,4,|10000101>,21
5,4,|01100001>,22
5,4,|01111000>,25
5,4,|10011111>,22
5,4,|10000010>,24
5,4,|01010000>,16
5,4,|11010000>,13
5,4,|00010111>,14
5,4,|10011000>,22
5,4,|10101110>,16
5,4,|00100101>,11
5,4,|10101000>,16
5,4,|01001001>,17
5,4,|10100100>,25
5,4,|10100010>,31
5,4,|00111110>,20
5,4,|00111001>,13
5,4,|00110001>,15
5,4,|01001011>,18
5,4,|01110101>,19
5,4,|00000100>,3
5,4,|00111011>,22
5,4,|01101101>,19
5,4,|10001010>,20
5,4,|00010010>,9
5,4,|01111110>,24
5,4,|01001010>,15
5,4,|11010111>,16
5,4,|11111000>,10
5,4,|10011001>,24
5,4,|01111100>,23
5,4,|00111111>,19
5,4,|10010000>,30
5,4,|01011111>,18
5,4,|00000000>,5
5,4,|00100110>,17
5,4,|01110100>,23
5,4,|11010101>,14
5,4,|10110010>,21
5,4,|10001110>,22
5,4,|11001101>,8
5,4,|10110011>,16
5,4,|01010011>,14
5,4,|11010011>,14
5,4,|11100000>,12
5,4,|11111111>,8
5,4,|00100001>,6
5,4,|11000110>,15
5,4,|11110111>,7
5,4,|10111110>,15
5,4,|00101010>,16
5,4,|00110110>,13
5,4,|11100100>,16
5,4,|11010001>,20
5,4,|01011011>,20
5,4,|00110100>,16
5,4,|01101000>,19
5,4,|01010110>,19
5,4,|11110001>,9
5,4,|01100011>,14
5,4,|01010001>,24
5,4,|00100011>,8
5,4,|10111010>,17
5,4,|11000011>,11
5,4,|10010110>,24
5,4,|10000110>,27
5,4,|10111011>,12
5,4,|00110111>,18
5,4,|11100001>,10
5,4,|11101111>,8
5,4,|00000101>,1
5,4,|01011110>,21
5,4,|00101001>,11
5,4,|01000010>,10
5,4,|00101011>,11
5,4,|11100011>,12
5,4,|00110101>,10
5,4,|00010000>,7
5,4,|11111001>,7
5,4,|11011110>,13
5,4,|00001101>,9
5,4,|10010001>,26
5,4,|00001100>,10
5,4,|00011011>,10
5,4,|11100111>,12
5,4,|00111101>,11
5,4,|00111100>,16
5,4,|00000111>,6
5,4,|00011100>,12
5,4,|11111100>,8
5,4,|11011101>,11
5,4,|11111011>,5
5,4,|00010001>,8
5,4,|00000011>,9
5,4,|01011001>,19
5,4,|11011100>,6
5,4,|00000110>,9
5,4,|00011010>,11
5,4,|11110101>,8
5,4,|00001001>,5
5,4,|11011010>,10
5,4,|11010110>,25
5,4,|11101000>,8
5,4,|10101011>,21
5,4,|10110000>,17
5,4,|11110011>,10
5,4,|00001011>,7
5,4,|10001000>,21
5,4,|00000010>,3
5,4,|00101000>,8
5,4,|10110110>,20
5,4,|11001110>,12
5,4,|00010110>,9
5,4,|11011111>,9
5,4,|11110000>,5
5,4,|11111101>,5
5,4,|00100111>,7
5,4,|00101100>,7
5,4,|00100100>,8
5,4,|00001111>,5
5,4,|00010101>,6
5,4,|00000001>,4
5,4,|01000100>,8
5,4,|11101101>,4
5,4,|00010011>,7
5,4,|00001010>,7
5,4,|11110110>,2
5,4,|11110010>,3
5,4,|00001000>,2
5,4,|00100000>,5
5,5,|10110011>,17
5,5,|10110100>,23
5,5,|01000110>,18
5,5,|10110111>,19
5,5,|11010000>,15
5,5,|01011001>,21
5,5,|01000001>,14
5,5,|01001001>,14
5,5,|10111111>,17
5,5,|10101101>,14
5,5,|01100101>,21
5,5,|01110000>,27
5,5,|01001100>,23
5,5,|11001010>,19
5,5,|00011110>,14
5,5,|10000000>,36
5,5,|01010110>,24
5,5,|10100111>,25
5,5,|10111010>,22
5,5,|01110110>,26
5,5,|10011000>,28
5,5,|00110100>,12
5,5,|10000101>,25
5,5,|10001111>,29
5,5,|10100001>,27
5,5,|11101111>,11
5,5,|11011100>,21
5,5,|10010010>,31
5,5,|11000000>,12
5,5,|00100110>,12
5,5,|11001001>,21
5,5,|00011100>,9
5,5,|01011110>,20
5,5,|01000101>,19
5,5,|01011000>,16
5,5,|10010100>,20
5,5,|10010110>,19
5,5,|11000110>,15
5,5,|11110011>,6
5,5,|10000100>,32
5,5,|11100111>,9
5,5,|01011111>,28
5,5,|11101110>,11
5,5,|11011010>,11
5,5,|10111011>,20
5,5,|01101001>,19
5,5,|01100110>,31
5,5,|00010111>,9
5,5,|11100010>,14
5,5,|01111101>,32
5,5,|00100100>,11
5,5,|01001011>,11
5,5,|10111100>,14
5,5,|01101100>,22
5,5,|11110110>,9
5,5,|00110000>,17
5,5,|11001000>,16
5,5,|10000001>,23
5,5,|00010110>,11
5,5,|00101011>,10
5,5,|10011011>,31
5,5,|00110110>,11
5,5,|10111101>,17
5,5,|00011101>,11
5,5,|10001110>,31
5,5,|00111010>,25
5,5,|01101000>,15
5,5,|11110010>,7
5,5,|10010011>,14
5,5,|10100010>,15
5,5,|01010101>,17
5,5,|00001111>,9
5,5,|01111011>,19
5,5,|11000100>,21
5,5,|01100100>,25
5,5,|01010000>,24
5,5,|01100111>,21
5,5,|10111001>,19
5,5,|00000111>,2
5,5,|01001110>,18
5,5,|11011001>,12
5,5,|10011100>,18
5,5,|00010100>,9
5,5,|10011010>,26
5,5,|11000111>,18
5,5,|00011000>,14
5,5,|01110010>,22
5,5,|00101100>,14
5,5,|01111110>,34
5,5,|01100000>,22
5,5,|01000011>,20
5,5,|01110011>,18
5,5,|00100111>,14
5,5,|11010001>,15
5,5,|11110001>,10
5,5,|10101110>,26
5,5,|10010101>,32
5,5,|00101110>,13
5,5,|00111110>,15
5,5,|11010100>,14
5,5,|10100000>,20
5,5,|11011111>,12
5,5,|11000010>,16
5,5,|01111010>,36
5,5,|11010101>,13
5,5,|10101011>,22
5,5,|00001110>,17
5,5,|01010010>,15
5,5,|10011110>,28
5,5,|00100101>,11
5,5,|00110101>,19
5,5,|00101001>,18
5,5,|01001000>,18
5,5,|01110111>,30
5,5,|11010111>,6
5,5,|10010001>,16
5,5,|00110011>,16
5,5,|10111110>,10
5,5,|10001011>,29
5,5,|01110001>,24
5,5,|10000110>,20
5,5,|11000001>,14
5,5,|01111100>,35
5,5,|11101001>,6
5,5,|10001001>,23
5,5,|01100011>,26
5,5,|00111101>,13
5,5,|10110010>,15
5,5,|11111001>,8
5,5,|01110100>,25
5,5,|01101111>,20
5,5,|01000100>,22
5,5,|10011111>,14
5,5,|00111011>,13
5,5,|01000010>,16
5,5,|01110101>,25
5,5,|00111100>,23
5,5,|01001111>,16
5,5,|10010000>,23
5,5,|00101000>,15
5,5,|11100101>,10
5,5,|10011001>,25
5,5,|00010000>,6
5,5,|10110110>,18
5,5,|01000000>,19
5,5,|10001000>,25
5,5,|10100011>,19
5,5,|00100010>,13
5,5,|11111110>,4
5,5,|10001101>,21
5,5,|01100010>,18
5,5,|01001010>,19
5,5,|01011011>,13
5,5,|11100000>,11
5,5,|00110001>,20
5,5,|01011010>,19
5,5,|01010111>,20
5,5,|10110101>,16
5,5,|00110010>,16
5,5,|00001101>,6
5,5,|00111111>,19
5,5,|10101001>,23
5,5,|10110000>,16
5,5,|11011101>,14
5,5,|00100011>,8
5,5,|11100011>,15
5,5,|10000111>,24
5,5,|10001010>,27
5,5,|11001111>,12
5,5,|01100001>,22
5,5,|00101111>,12
5,5,|01101010>,24
5,5,|10100100>,17
5,5,|01010011>,17
5,5,|11011000>,11
5,5,|10011101>,30
5,5,|10101111>,11
5,5,|00100001>,10
5,5,|01011100>,24
5,5,|10001100>,17
5,5,|00111001>,17
5,5,|01010100>,15
5,5,|11000101>,16
5,5,|10010111>,20
5,5,|11001011>,13
5,5,|00010010>,4
5,5,|10100101>,21
5,5,|01101011>,27
5,5,|00000101>,6
5,5,|00010001>,7
5,5,|11100001>,11
5,5,|00001010>,12
5,5,|01101110>,17
5,5,|01111111>,26
5,5,|10100110>,23
5,5,|11010011>,10
5,5,|11000011>,16
5,5,|11001100>,17
5,5,|11111111>,9
5,5,|11010110>,10
5,5,|00100000>,5
5,5,|00101101>,13
5,5,|11001110>,17
5,5,|11011011>,11
5,5,|00001011>,2
5,5,|01010001>,14
5,5,|10101000>,20
5,5,|01011101>,19
5,5,|11111011>,6
5,5,|00010101>,4
5,5,|11101000>,8
5,5,|00011111>,8
5,5,|10000011>,25
5,5,|01101101>,20
5,5,|11001101>,21
5,5,|10000010>,19
5,5,|11111010>,5
5,5,|01111000>,15
5,5,|11101011>,6
5,5,|10101100>,21
5,5,|11110101>,7
5,5,|11010010>,8
5,5,|11101101>,5
5,5,|00111000>,17
5,5,|00110111>,14
5,5,|01000111>,12
5,5,|10110001>,15
5,5,|11110100>,10
5,5,|01001101>,18
5,5,|00011010>,5
5,5,|01111001>,17
5,5,|00010011>,4
5,5,|10101010>,19
5,5,|11111100>,4
5,5,|10111000>,11
5,5,|11111000>,9
5,5,|00000001>,4
5,5,|11101100>,10
5,5,|11011110>,12
5,5,|00011001>,8
5,5,|11110111>,6
5,5,|00001000>,6
5,5,|00011011>,8
5,5,|00000110>,3
5,5,|11100100>,9
5,5,|00000000>,4
5,5,|00001100>,5
5,5,|11101010>,5
5,5,|11110000>,7
5,5,|00101010>,5
5,5,|11100110>,6
5,5,|00000100>,2
5,5,|11111101>,4
5,5,|00001001>,1
5,5,|00000011>,1
5,6,|01000011>,17
5,6,|10110010>,17
5,6,|10000101>,37
5,6,|01001010>,17
5,6,|10110001>,28
5,6,|11100010>,9
5,6,|01010110>,26
5,6,|10110000>,25
5,6,|11000101>,20
5,6,|00110101>,12
5,6,|10010101>,38
5,6,|01111000>,13
5,6,|01111101>,21
5,6,|01001110>,24
5,6,|11000001>,19
5,6,|01000110>,15
5,6,|01011110>,15
5,6,|10001101>,23
5,6,|10000000>,27
5,6,|01110011>,17
5,6,|10001100>,26
5,6,|01001111>,15
5,6,|01111100>,27
5,6,|10001001>,24
5,6,|10011101>,19
5,6,|10011000>,19
5,6,|10010001>,30
5,6,|01110001>,33
5,6,|10000011>,17
5,6,|11000000>,24
5,6,|00101000>,19
5,6,|00010111>,12
5,6,|11111000>,12
5,6,|10001110>,29
5,6,|01101001>,25
5,6,|00011011>,8
5,6,|11111011>,6
5,6,|10100011>,23
5,6,|10000001>,31
5,6,|01000100>,18
5,6,|01000010>,14
5,6,|10101101>,33
5,6,|11000010>,11
5,6,|01011101>,25
5,6,|01001101>,22
5,6,|01110010>,16
5,6,|01001011>,25
5,6,|11101001>,6
5,6,|00100001>,11
5,6,|01010101>,25
5,6,|10100111>,25
5,6,|01000111>,23
5,6,|01100010>,23
5,6,|11110101>,10
5,6,|10111000>,23
5,6,|10001111>,28
5,6,|11101010>,11
5,6,|11010111>,18
5,6,|10110111>,17
5,6,|11011111>,18
5,6,|11001100>,13
5,6,|10111100>,17
5,6,|10010000>,27
5,6,|01011001>,16
5,6,|01100011>,17
5,6,|01110100>,19
5,6,|00010001>,12
5,6,|10101110>,13
5,6,|00100110>,18
5,6,|10100001>,29
5,6,|10100000>,23
5,6,|10111110>,23
5,6,|01000101>,18
5,6,|11011101>,16
5,6,|00011111>,13
5,6,|00110000>,13
5,6,|01101111>,15
5,6,|01011010>,16
5,6,|00100111>,17
5,6,|10111010>,22
5,6,|01100111>,21
5,6,|11110000>,10
5,6,|11000110>,15
5,6,|11001110>,15
5,6,|10101001>,23
5,6,|10101111>,21
5,6,|00101010>,15
5,6,|01011111>,15
5,6,|00101110>,16
5,6,|01111111>,18
5,6,|01101110>,20
5,6,|11001000>,15
5,6,|00110011>,10
5,6,|01000000>,15
5,6,|11111100>,8
5,6,|11110011>,12
5,6,|11101111>,9
5,6,|00110010>,21
5,6,|10100110>,22
5,6,|11011010>,16
5,6,|11011001>,18
5,6,|11010100>,12
5,6,|11001111>,20
5,6,|01011011>,20
5,6,|11001011>,18
5,6,|11100101>,6
5,6,|10011011>,21
5,6,|00111111>,19
5,6,|01100110>,15
5,6,|00111000>,14
5,6,|01110110>,19
5,6,|01011000>,19
5,6,|01110101>,17
5,6,|01010001>,14
5,6,|10101010>,15
5,6,|01111010>,27
5,6,|10110110>,22
5,6,|10010111>,17
5,6,|00000010>,4
5,6,|00001110>,7
5,6,|01010100>,18
5,6,|10001000>,39
5,6,|00111010>,9
5,6,|01000001>,13
5,6,|10100100>,18
5,6,|10000100>,19
5,6,|00111100>,19
5,6,|01100000>,19
5,6,|00011101>,8
5,6,|10111101>,22
5,6,|00001010>,8
5,6,|01010111>,20
5,6,|10111111>,15
5,6,|00110111>,19
5,6,|01010000>,22
5,6,|00111001>,13
5,6,|01111001>,25
5,6,|11100000>,10
5,6,|10010100>,23
5,6,|10011111>,20
5,6,|10011110>,28
5,6,|01001100>,26
5,6,|00101001>,17
5,6,|00100101>,15
5,6,|11011110>,8
5,6,|00010100>,7
5,6,|10000010>,23
5,6,|11010001>,14
5,6,|10101000>,19
5,6,|00101101>,17
5,6,|01100101>,22
5,6,|11101000>,9
5,6,|10100101>,24
5,6,|10000110>,18
5,6,|11011000>,10
5,6,|01111110>,17
5,6,|01101010>,25
5,6,|00110100>,16
5,6,|11001001>,12
5,6,|11010101>,13
5,6,|00001011>,11
5,6,|01101011>,20
5,6,|10001011>,24
5,6,|00000100>,5
5,6,|01101100>,22
5,6,|00111101>,11
5,6,|01011100>,15
5,6,|11101101>,5
5,6,|10010011>,24
5,6,|01111011>,24
5,6,|11001010>,18
5,6,|10110101>,18
5,6,|01001001>,22
5,6,|00000001>,4
5,6,|01110000>,26
5,6,|10101011>,23
5,6,|11100110>,6
5,6,|00111011>,16
5,6,|10011100>,18
5,6,|11100111>,10
5,6,|01101000>,24
5,6,|00111110>,17
5,6,|01101101>,21
5,6,|11000100>,17
5,6,|00010101>,9
5,6,|00010010>,6
5,6,|01010010>,21
5,6,|10010010>,25
5,6,|11110111>,6
5,6,|11000111>,17
5,6,|10110100>,16
5,6,|01100100>,15
5,6,|10011010>,28
5,6,|01001000>,19
5,6,|10100010>,19
5,6,|10001010>,14
5,6,|01100001>,9
5,6,|10011001>,18
5,6,|00101011>,10
5,6,|10110011>,25
5,6,|00100010>,10
5,6,|00110110>,15
5,6,|00011001>,10
5,6,|11110010>,8
5,6,|01110111>,19
5,6,|10010110>,26
5,6,|00001001>,6
5,6,|00011100>,9
5,6,|00011010>,7
5,6,|11111111>,6
5,6,|00011110>,9
5,6,|11100011>,8
5,6,|11101110>,8
5,6,|10101100>,18
5,6,|00101111>,10
5,6,|11100001>,15
5,6,|00100011>,13
5,6,|00110001>,12
5,6,|11010010>,15
5,6,|11010110>,10
5,6,|11111101>,11
5,6,|01010011>,19
5,6,|10111011>,16
5,6,|11010000>,12
5,6,|10111001>,10
5,6,|00001101>,5
5,6,|00100100>,10
5,6,|00100000>,12
5,6,|00011000>,5
5,6,|11001101>,15
5,6,|00101100>,8
5,6,|00000000>,2
5,6,|00001111>,4
5,6,|11111001>,5
5,6,|00001100>,8
5,6,|00000111>,5
5,6,|11000011>,17
5,6,|11011011>,10
5,6,|10000111>,19
5,6,|00001000>,5
5,6,|11100100>,6
5,6,|11101011>,9
5,6,|00010011>,3
5,6,|11111110>,5
5,6,|11111010>,9
5,6,|11110001>,5
5,6,|00010110>,7
5,6,|11010011>,9
5,6,|11110110>,5
5,6,|00000110>,3
5,6,|00010000>,4
5,6,|00000101>,2
5,6,|11011100>,9
5,6,|11101100>,6
5,6,|11110100>,3
5,6,|00000011>,3
5,7,|10001101>,19
5,7,|01110111>,33
5,7,|01000001>,23
5,7,|00101011>,14
5,7,|01000000>,11
5,7,|11001101>,12
5,7,|00111010>,18
5,7,|10011100>,21
5,7,|01110010>,24
5,7,|11000101>,10
5,7,|10101100>,24
5,7,|10000110>,15
5,7,|00110110>,12
5,7,|10010110>,20
5,7,|01101011>,25
5,7,|11100010>,8
5,7,|10111110>,21
5,7,|01010001>,19
5,7,|00011011>,9
5,7,|01111100>,23
5,7,|11100011>,15
5,7,|11111001>,11
5,7,|11101001>,13
5,7,|11000110>,20
5,7,|10110111>,19
5,7,|10101101>,21
5,7,|10101111>,17
5,7,|10111101>,15
5,7,|10011000>,21
5,7,|00010001>,5
5,7,|01100100>,20
5,7,|01010011>,17
5,7,|01111001>,22
5,7,|01100110>,19
5,7,|01111011>,33
5,7,|00101110>,8
5,7,|01110110>,25
5,7,|11110010>,10
5,7,|10011010>,21
5,7,|11011000>,9
5,7,|00000110>,3
5,7,|00101100>,14
5,7,|00100111>,14
5,7,|10101001>,25
5,7,|01011100>,31
5,7,|10001100>,22
5,7,|10001011>,20
5,7,|10000100>,25
5,7,|10101000>,20
5,7,|00101010>,14
5,7,|10010111>,29
5,7,|10110011>,19
5,7,|01001110>,14
5,7,|01110001>,23
5,7,|10011101>,22
5,7,|00111011>,20
5,7,|10111010>,15
5,7,|11010001>,14
5,7,|10001000>,19
5,7,|10010101>,22
5,7,|10111011>,28
5,7,|11001010>,15
5,7,|00101111>,11
5,7,|10000011>,28
5,7,|10110110>,18
5,7,|01100000>,30
5,7,|01011000>,20
5,7,|00111101>,20
5,7,|01111010>,18
5,7,|00111001>,12
5,7,|10011011>,25
5,7,|11000001>,16
5,7,|01001001>,20
5,7,|10100101>,32
5,7,|01001101>,25
5,7,|00011000>,7
5,7,|10010100>,30
5,7,|11101011>,8
5,7,|01110100>,27
5,7,|00111110>,18
5,7,|01100010>,25
5,7,|11010011>,17
5,7,|11010111>,11
5,7,|00100001>,10
5,7,|01001010>,19
5,7,|01011011>,28
5,7,|01000010>,18
5,7,|01011001>,20
5,7,|01110101>,19
5,7,|01101001>,24
5,7,|00111111>,20
5,7,|10100010>,18
5,7,|00010100>,12
5,7,|00000101>,4
5,7,|10011110>,19
5,7,|01101111>,19
5,7,|01010111>,23
5,7,|01000100>,21
5,7,|11001011>,20
5,7,|10010011>,22
5,7,|11000111>,13
5,7,|10010001>,26
5,7,|01001000>,13
5,7,|01000101>,15
5,7,|10101011>,21
5,7,|01111000>,20
5,7,|00011100>,9
5,7,|11000000>,16
5,7,|10000000>,15
5,7,|00100010>,10
5,7,|00000111>,4
5,7,|10001111>,27
5,7,|10100100>,21
5,7,|01101100>,27
5,7,|11100000>,7
5,7,|10100110>,29
5,7,|11011010>,12
5,7,|01110011>,21
5,7,|01011101>,29
5,7,|11010000>,19
5,7,|10010000>,18
5,7,|11111000>,8
5,7,|00010000>,5
5,7,|11000100>,20
5,7,|10000101>,24
5,7,|10001001>,22
5,7,|00011101>,9
5,7,|00001111>,9
5,7,|10100111>,21
5,7,|11011111>,14
5,7,|10011111>,24
5,7,|00110000>,10
5,7,|10110100>,13
5,7,|11111101>,5
5,7,|01010010>,18
5,7,|11001000>,12
5,7,|11001111>,15
5,7,|10011001>,21
5,7,|00100110>,15
5,7,|10101010>,27
5,7,|10000111>,22
5,7,|00110011>,13
5,7,|11110101>,10
5,7,|10111111>,14
5,7,|11001001>,11
5,7,|00100101>,7
5,7,|11100111>,11
5,7,|11110000>,9
5,7,|00000000>,7
5,7,|10100011>,22
5,7,|11101111>,11
5,7,|11101000>,10
5,7,|00110010>,14
5,7,|11000010>,23
5,7,|00010011>,8
5,7,|10001110>,22
5,7,|01000111>,20
5,7,|01010101>,14
5,7,|01000011>,24
5,7,|11011100>,16
5,7,|01111110>,14
5,7,|11111011>,11
5,7,|01011111>,23
5,7,|10111100>,14
5,7,|10111001>,25
5,7,|00011110>,10
5,7,|10100001>,25
5,7,|01010000>,19
5,7,|10000010>,21
5,7,|01110000>,22
5,7,|11110110>,10
5,7,|01011010>,15
5,7,|11110011>,6
5,7,|01010100>,25
5,7,|10110101>,11
5,7,|01101110>,24
5,7,|01111101>,24
5,7,|10010010>,22
5,7,|00101000>,15
5,7,|00100000>,11
5,7,|01001100>,27
5,7,|10001010>,21
5,7,|00110111>,14
5,7,|11001100>,18
5,7,|11011001>,14
5,7,|01111111>,27
5,7,|00101101>,13
5,7,|00001100>,10
5,7,|10110010>,22
5,7,|11001110>,18
5,7,|10110001>,18
5,7,|10100000>,15
5,7,|10101110>,21
5,7,|01101010>,15
5,7,|01101101>,36
5,7,|00011111>,11
5,7,|01100101>,16
5,7,|11111111>,9
5,7,|11111100>,4
5,7,|00001011>,8
5,7,|00100100>,9
5,7,|01100011>,22
5,7,|01001011>,20
5,7,|11110111>,6
5,7,|11111110>,2
5,7,|01011110>,17
5,7,|01010110>,30
5,7,|00110100>,21
5,7,|01001111>,12
5,7,|00010110>,6
5,7,|00111000>,17
5,7,|11010100>,9
5,7,|11010010>,11
5,7,|01101000>,20
5,7,|10110000>,14
5,7,|01100111>,32
5,7,|00001101>,6
5,7,|11101010>,14
5,7,|11000011>,18
5,7,|11011101>,9
5,7,|11110100>,7
5,7,|00001001>,4
5,7,|11010101>,9
5,7,|11100001>,10
5,7,|11011011>,10
5,7,|11100100>,7
5,7,|00001010>,5
5,7,|11110001>,8
5,7,|11101110>,4
5,7,|00010111>,3
5,7,|10111000>,15
5,7,|11101100>,6
5,7,|11100110>,6
5,7,|01000110>,22
5,7,|00101001>,13
5,7,|00011010>,8
5,7,|11111010>,4
5,7,|00110001>,11
5,7,|01100001>,19
5,7,|11011110>,6
5,7,|00000011>,3
5,7,|10000001>,15
5,7,|11010110>,7
5,7,|00100011>,10
5,7,|00011001>,8
5,7,|11101101>,7
5,7,|00010101>,11
5,7,|00000100>,4
5,7,|00110101>,13
5,7,|00001000>,7
5,7,|11100101>,9
5,7,|00001110>,3
5,7,|00000001>,3
5,7,|00111100>,14
5,7,|00010010>,9
5,7,|00000010>,1
5,8,|11110110>,5
5,8,|01001010>,16
5,8,|10010111>,14
5,8,|01100101>,20
5,8,|01101011>,31
5,8,|10100011>,27
5,8,|11011100>,16
5,8,|10010011>,19
5,8,|10101011>,21
5,8,|00110001>,16
5,8,|01001110>,21
5,8,|11100010>,14
5,8,|01110101>,24
5,8,|10010110>,25
5,8,|10101101>,20
5,8,|10011000>,20
5,8,|01011010>,29
5,8,|11011011>,14
5,8,|01010010>,20
5,8,|10111011>,14
5,8,|11100001>,11
5,8,|01010110>,25
5,8,|01011001>,24
5,8,|10011011>,35
5,8,|11001000>,11
5,8,|01111111>,26
5,8,|10010001>,20
5,8,|01001111>,18
5,8,|11011001>,10
5,8,|11000001>,19
5,8,|01100001>,13
5,8,|01000110>,20
5,8,|11000000>,18
5,8,|01000111>,12
5,8,|01101111>,26
5,8,|00110111>,25
5,8,|10100110>,26
5,8,|01011011>,17
5,8,|10000010>,29
5,8,|01010111>,24
5,8,|10001110>,23
5,8,|01101101>,33
5,8,|00111010>,17
5,8,|11001111>,12
5,8,|10100010>,16
5,8,|10011001>,21
5,8,|11110000>,10
5,8,|10101100>,19
5,8,|11010110>,17
5,8,|00010010>,4
5,8,|10000000>,27
5,8,|10110101>,20
5,8,|11010001>,19
5,8,|00111001>,19
5,8,|11101010>,9
5,8,|11111110>,7
5,8,|10110110>,22
5,8,|10100111>,16
5,8,|10100001>,18
5,8,|00011111>,14
5,8,|01001011>,13
5,8,|11010000>,19
5,8,|00001100>,6
5,8,|01010000>,20
5,8,|10001101>,24
5,8,|01100011>,25
5,8,|01110111>,20
5,8,|00101111>,13
5,8,|01100000>,21
5,8,|11110100>,11
5,8,|10101111>,17
5,8,|01101010>,26
5,8,|00101011>,13
5,8,|10111110>,22
5,8,|01111101>,29
5,8,|10001111>,18
5,8,|10100101>,14
5,8,|00101010>,12
5,8,|01000101>,13
5,8,|00101101>,15
5,8,|01001100>,17
5,8,|10000110>,24
5,8,|00011000>,9
5,8,|10011110>,20
5,8,|01101100>,27
5,8,|11110001>,5
5,8,|10110000>,17
5,8,|11000011>,29
5,8,|10110111>,12
5,8,|10111000>,23
5,8,|10101010>,21
5,8,|00111110>,21
5,8,|10100000>,19
5,8,|10001100>,17
5,8,|01000100>,16
5,8,|00010101>,7
5,8,|01111011>,29
5,8,|00101100>,9
5,8,|00100111>,15
5,8,|01110110>,26
5,8,|10001011>,20
5,8,|11011010>,10
5,8,|00100101>,16
5,8,|11010111>,14
5,8,|10000100>,19
5,8,|10100100>,17
5,8,|00001011>,9
5,8,|00101001>,12
5,8,|10011101>,26
5,8,|00001110>,11
5,8,|10011010>,22
5,8,|11001100>,24
5,8,|00010111>,11
5,8,|01110001>,26
5,8,|11001010>,15
5,8,|01000000>,13
5,8,|10110010>,21
5,8,|10111111>,15
5,8,|01011110>,25
5,8,|11001101>,12
5,8,|01100010>,19
5,8,|01000001>,17
5,8,|01100100>,30
5,8,|01111110>,23
5,8,|11101011>,12
5,8,|01001101>,15
5,8,|00011100>,8
5,8,|11100011>,5
5,8,|00111101>,13
5,8,|01111100>,15
5,8,|00110110>,22
5,8,|10001001>,18
5,8,|00100010>,11
5,8,|00001001>,3
5,8,|01111010>,32
5,8,|10101110>,18
5,8,|11000111>,15
5,8,|10110100>,18
5,8,|11001110>,17
5,8,|00110100>,17
5,8,|01011100>,17
5,8,|11010100>,10
5,8,|00011010>,6
5,8,|00101110>,12
5,8,|01111001>,23
5,8,|01101110>,26
5,8,|10010000>,21
5,8,|11011101>,18
5,8,|01110010>,18
5,8,|00100110>,11
5,8,|11101111>,7
5,8,|10010010>,21
5,8,|10101000>,22
5,8,|10000111>,23
5,8,|00100001>,11
5,8,|00111000>,12
5,8,|10011111>,28
5,8,|11010010>,12
5,8,|10111101>,20
5,8,|00001111>,6
5,8,|00110010>,18
5,8,|10110001>,15
5,8,|11000110>,15
5,8,|10001000>,31
5,8,|10111100>,24
5,8,|11101000>,12
5,8,|10111001>,18
5,8,|00101000>,5
5,8,|01111000>,31
5,8,|00110000>,22
5,8,|00001010>,2
5,8,|01001000>,13
5,8,|00111111>,20
5,8,|01010101>,30
5,8,|10000011>,24
5,8,|10000101>,19
5,8,|01010100>,21
5,8,|11011110>,9
5,8,|00011011>,12
5,8,|11000100>,21
5,8,|11000010>,12
5,8,|10111010>,11
5,8,|10010101>,24
5,8,|01101001>,24
5,8,|00111100>,10
5,8,|00011101>,11
5,8,|00110101>,9
5,8,|01001001>,23
5,8,|00010100>,5
5,8,|11111000>,9
5,8,|00110011>,15
5,8,|01100111>,24
5,8,|01000011>,12
5,8,|11010011>,14
5,8,|11111101>,7
5,8,|11001001>,13
5,8,|00010110>,7
5,8,|11101001>,12
5,8,|11110010>,14
5,8,|01010001>,14
5,8,|01101000>,23
5,8,|11011000>,14
5,8,|10001010>,24
5,8,|11010101>,18
5,8,|01011111>,16
5,8,|11100100>,4
5,8,|00011110>,7
5,8,|01110000>,25
5,8,|01011101>,23
5,8,|10000001>,24
5,8,|01010011>,26
5,8,|11111111>,6
5,8,|01110100>,21
5,8,|10011100>,22
5,8,|00010001>,7
5,8,|11101100>,10
5,8,|11111011>,9
5,8,|10010100>,21
5,8,|00010000>,7
5,8,|01011000>,27
5,8,|10110011>,12
5,8,|00011001>,9
5,8,|00000000>,7
5,8,|11100111>,8
5,8,|01110011>,23
5,8,|11011111>,11
5,8,|11001011>,11
5,8,|00001000>,8
5,8,|00000011>,4
5,8,|11111010>,6
5,8,|00000100>,6
5,8,|11110101>,8
5,8,|00100000>,5
5,8,|11000101>,22
5,8,|00000101>,2
5,8,|00000110>,6
5,8,|01100110>,14
5,8,|01000010>,19
5,8,|11100000>,11
5,8,|11100110>,9
5,8,|00100011>,8
5,8,|10101001>,8
5,8,|00010011>,4
5,8,|11100101>,6
5,8,|11110011>,3
5,8,|11110111>,4
5,8,|11101101>,6
5,8,|00000010>,4
5,8,|11111100>,3
5,8,|00111011>,14
5,8,|11111001>,8
5,8,|11101110>,9
5,8,|00001101>,6
5,8,|00000001>,2
5,8,|00000111>,1
5,8,|00100100>,1
5,9,|01001111>,23
5,9,|01001100>,27
5,9,|00000010>,5
5,9,|01100011>,22
5,9,|10011101>,25
5,9,|00001010>,9
5,9,|00010101>,8
5,9,|11011010>,15
5,9,|11101110>,9
5,9,|11111111>,6
5,9,|01010101>,16
5,9,|10010011>,29
5,9,|11000111>,19
5,9,|01010010>,13
5,9,|10000100>,21
5,9,|11101100>,10
5,9,|11110111>,7
5,9,|01100100>,20
5,9,|10111110>,18
5,9,|10110111>,26
5,9,|11110000>,4
5,9,|01100000>,23
5,9,|11011100>,16
5,9,|10101000>,25
5,9,|10000011>,28
5,9,|11010011>,15
5,9,|10011001>,29
5,9,|00011010>,6
5,9,|11000011>,13
5,9,|01111010>,25
5,9,|10100111>,22
5,9,|00001101>,6
5,9,|00110100>,16
5,9,|10000000>,26
5,9,|01000001>,16
5,9,|10111111>,16
5,9,|01001001>,13
5,9,|01011011>,19
5,9,|00110110>,13
5,9,|00100010>,11
5,9,|01111011>,34
5,9,|10011010>,26
5,9,|11100001>,14
5,9,|10110001>,16
5,9,|01110000>,26
5,9,|00001110>,10
5,9,|01110011>,23
5,9,|10111010>,17
5,9,|00111000>,15
5,9,|00001100>,7
5,9,|01011010>,19
5,9,|10001011>,18
5,9,|10101010>,23
5,9,|11001000>,15
5,9,|10001111>,14
5,9,|01000011>,22
5,9,|01010100>,22
5,9,|00011001>,6
5,9,|00011100>,13
5,9,|11001101>,12
5,9,|01110110>,19
5,9,|01100001>,26
5,9,|11010100>,17
5,9,|10110101>,14
5,9,|00101010>,11
5,9,|00101111>,10
5,9,|10100000>,24
5,9,|10001001>,27
5,9,|01111001>,22
5,9,|11100011>,9
5,9,|10010001>,22
5,9,|01010001>,27
5,9,|11111000>,3
5,9,|10010110>,26
5,9,|10011011>,31
5,9,|01111111>,27
5,9,|10100101>,23
5,9,|00100000>,5
5,9,|01000110>,12
5,9,|01110001>,23
5,9,|10100110>,23
5,9,|11001010>,12
5,9,|11011101>,18
5,9,|01010110>,18
5,9,|10111100>,9
5,9,|10101011>,25
5,9,|10000010>,18
5,9,|00001111>,8
5,9,|01101100>,22
5,9,|01000000>,8
5,9,|11000000>,17
5,9,|11100111>,8
5,9,|11100000>,12
5,9,|00001001>,7
5,9,|01100110>,25
5,9,|10101111>,22
5,9,|10001100>,24
5,9,|11100100>,12
5,9,|01001011>,18
5,9,|01111110>,27
5,9,|01101110>,20
5,9,|10010101>,19
5,9,|11110100>,4
5,9,|10000101>,22
5,9,|10011100>,23
5,9,|00010111>,11
5,9,|00111100>,14
5,9,|01000100>,14
5,9,|11010111>,14
5,9,|11100101>,13
5,9,|00110111>,22
5,9,|11011011>,12
5,9,|11001111>,14
5,9,|01111101>,16
5,9,|01001000>,20
5,9,|01110101>,21
5,9,|01100010>,25
5,9,|01001110>,24
5,9,|11000010>,12
5,9,|00010011>,9
5,9,|11110101>,12
5,9,|11010001>,10
5,9,|10100010>,25
5,9,|00111010>,15
5,9,|11101011>,12
5,9,|00110101>,15
5,9,|10001110>,28
5,9,|00111111>,12
5,9,|00101011>,11
5,9,|11010010>,12
5,9,|00110001>,16
5,9,|11101000>,12
5,9,|11000001>,21
5,9,|01011100>,13
5,9,|01011001>,27
5,9,|00010110>,6
5,9,|10010000>,27
5,9,|10110000>,18
5,9,|11101001>,10
5,9,|01000010>,15
5,9,|10011000>,18
5,9,|10101001>,22
5,9,|10111001>,14
5,9,|10101100>,22
5,9,|10110010>,19
5,9,|10100100>,13
5,9,|00000101>,7
5,9,|11100010>,11
5,9,|01010111>,28
5,9,|01010000>,24
5,9,|11001110>,9
5,9,|01110100>,27
5,9,|00111001>,16
5,9,|10011111>,20
5,9,|01101001>,22
5,9,|01101011>,24
5,9,|10110100>,17
5,9,|01100111>,25
5,9,|00010010>,6
5,9,|01110111>,20
5,9,|10011110>,19
5,9,|00100101>,12
5,9,|10111011>,24
5,9,|00110011>,12
5,9,|00100111>,12
5,9,|01000111>,23
5,9,|10010111>,16
5,9,|01011101>,21
5,9,|11001011>,21
5,9,|11011000>,11
5,9,|10001101>,25
5,9,|01111100>,21
5,9,|01101000>,14
5,9,|11101010>,6
5,9,|11001100>,16
5,9,|10000111>,31
5,9,|00111110>,11
5,9,|11111100>,8
5,9,|10110011>,24
5,9,|01100101>,17
5,9,|01010011>,18
5,9,|01101111>,20
5,9,|10010100>,23
5,9,|00110010>,10
5,9,|00100001>,10
5,9,|10001010>,22
5,9,|10111000>,17
5,9,|11111110>,6
5,9,|10101101>,22
5,9,|10010010>,22
5,9,|01011000>,22
5,9,|00101100>,18
5,9,|00011000>,7
5,9,|01111000>,28
5,9,|00011011>,7
5,9,|01001101>,25
5,9,|01101101>,22
5,9,|10101110>,22
5,9,|01000101>,21
5,9,|11001001>,12
5,9,|10100001>,19
5,9,|01011111>,19
5,9,|10000001>,26
5,9,|00110000>,9
5,9,|10100011>,21
5,9,|00010000>,8
5,9,|00111101>,21
5,9,|10000110>,27
5,9,|10111101>,15
5,9,|11011001>,11
5,9,|00011101>,10
5,9,|01101010>,20
5,9,|10110110>,17
5,9,|01110010>,22
5,9,|01001010>,13
5,9,|11110010>,9
5,9,|00101101>,15
5,9,|11111010>,13
5,9,|11000101>,22
5,9,|00101001>,12
5,9,|11111101>,6
5,9,|11101101>,9
5,9,|11010110>,12
5,9,|11000110>,16
5,9,|00011111>,8
5,9,|11010000>,18
5,9,|11000100>,16
5,9,|00100100>,9
5,9,|11110011>,9
5,9,|11101111>,9
5,9,|11111001>,5
5,9,|11011110>,17
5,9,|00000000>,4
5,9,|00000001>,4
5,9,|01011110>,17
5,9,|11111011>,8
5,9,|00111011>,14
5,9,|00101000>,10
5,9,|00101110>,10
5,9,|10001000>,24
5,9,|00010001>,5
5,9,|11100110>,10
5,9,|00010100>,5
5,9,|00000111>,5
5,9,|11110110>,8
5,9,|00001000>,3
5,9,|00000100>,4
5,9,|11011111>,8
5,9,|00100011>,10
5,9,|00100110>,13
5,9,|00000110>,6
5,9,|11110001>,8
5,9,|11010101>,7
5,9,|00011110>,4
5,9,|00001011>,3
5,9,|00000011>,2
5,10,|01010110>,33
5,10,|10001111>,12
5,10,|10111101>,19
5,10,|00000111>,5
5,10,|10011101>,18
5,10,|01010111>,21
5,10,|10111010>,13
5,10,|01111010>,26
5,10,|01100101>,16
5,10,|00111101>,14
5,10,|01011110>,13
5,10,|00010111>,7
5,10,|10101100>,18
5,10,|01100011>,27
5,10,|10110110>,17
5,10,|00100110>,9
5,10,|10101010>,20
5,10,|00011100>,10
5,10,|10100011>,21
5,10,|10000111>,28
5,10,|10100100>,22
5,10,|01010011>,22
5,10,|01111001>,19
5,10,|11100001>,9
5,10,|00011010>,14
5,10,|01110100>,29
5,10,|01100000>,17
5,10,|00100010>,10
5,10,|11101011>,16
5,10,|11100000>,11
5,10,|10010110>,23
5,10,|10001100>,28
5,10,|01001011>,13
5,10,|00111100>,16
5,10,|11010110>,6
5,10,|11000000>,30
5,10,|01000010>,12
5,10,|11000011>,25
5,10,|11110011>,8
5,10,|10110100>,17
5,10,|01111110>,22
5,10,|00001100>,9
5,10,|01000110>,21
5,10,|10010010>,21
5,10,|10000100>,20
5,10,|01011000>,21
5,10,|01111111>,24
5,10,|10111001>,16
5,10,|01111100>,25
5,10,|00111000>,22
5,10,|10001011>,11
5,10,|10010100>,24
5,10,|11011101>,12
5,10,|01101110>,20
5,10,|00011001>,7
5,10,|10001000>,23
5,10,|10001101>,26
5,10,|10011011>,30
5,10,|01101000>,21
5,10,|01001101>,24
5,10,|01001001>,20
5,10,|10110000>,17
5,10,|01011010>,27
5,10,|00100111>,11
5,10,|11011000>,13
5,10,|01011111>,23
5,10,|11100100>,11
5,10,|01011011>,19
5,10,|10011000>,27
5,10,|11001110>,12
5,10,|01110110>,18
5,10,|11110000>,6
5,10,|10010101>,28
5,10,|11000110>,12
5,10,|10011110>,27
5,10,|10101011>,23
5,10,|11011100>,9
5,10,|01111000>,20
5,10,|11111010>,4
5,10,|11001101>,19
5,10,|11100101>,11
5,10,|01000100>,26
5,10,|01010100>,30
5,10,|11011111>,15
5,10,|11011011>,11
5,10,|10100101>,25
5,10,|10000110>,22
5,10,|01001100>,19
5,10,|11100010>,12
5,10,|10100111>,29
5,10,|11001111>,22
5,10,|10001110>,25
5,10,|10110111>,12
5,10,|11000001>,17
5,10,|00111010>,24
5,10,|01011101>,30
5,10,|00110111>,10
5,10,|00110001>,11
5,10,|00110110>,25
5,10,|00101000>,17
5,10,|10010111>,23
5,10,|11001001>,15
5,10,|01001010>,19
5,10,|01100001>,23
5,10,|10110101>,19
5,10,|10101111>,25
5,10,|11100111>,12
5,10,|01110101>,21
5,10,|01010010>,14
5,10,|10000101>,28
5,10,|10000010>,9
5,10,|10010001>,27
5,10,|11110101>,8
5,10,|00100011>,13
5,10,|11001010>,14
5,10,|01000000>,22
5,10,|10100001>,13
5,10,|11010111>,16
5,10,|01101101>,20
5,10,|01110001>,19
5,10,|00110010>,10
5,10,|11110110>,11
5,10,|00101101>,10
5,10,|11001100>,17
5,10,|01111101>,23
5,10,|10101001>,19
5,10,|01101001>,21
5,10,|00011011>,6
5,10,|10101000>,20
5,10,|11101000>,11
5,10,|01101010>,31
5,10,|10000000>,21
5,10,|00000101>,2
5,10,|10110010>,25
5,10,|11111110>,6
5,10,|11000111>,19
5,10,|01000001>,14
5,10,|01011001>,25
5,10,|01100110>,17
5,10,|00100100>,7
5,10,|11000100>,26
5,10,|10011001>,16
5,10,|00011101>,11
5,10,|00001010>,6
5,10,|10001010>,16
5,10,|11011110>,14
5,10,|00101100>,6
5,10,|00111110>,21
5,10,|01101011>,27
5,10,|11110010>,6
5,10,|10100000>,29
5,10,|01010000>,32
5,10,|01111011>,22
5,10,|10010000>,26
5,10,|01110010>,20
5,10,|01100100>,21
5,10,|11100011>,12
5,10,|00011110>,10
5,10,|10111100>,11
5,10,|10011100>,27
5,10,|01000101>,20
5,10,|10000011>,29
5,10,|10010011>,17
5,10,|11101010>,12
5,10,|01010001>,28
5,10,|10110011>,26
5,10,|10111110>,16
5,10,|11000010>,17
5,10,|00101110>,14
5,10,|00100101>,16
5,10,|00111001>,10
5,10,|11001000>,17
5,10,|01000111>,15
5,10,|11111100>,11
5,10,|10111000>,19
5,10,|01010101>,26
5,10,|00110011>,19
5,10,|01000011>,14
5,10,|01110111>,24
5,10,|01101100>,27
5,10,|10011111>,19
5,10,|00100000>,12
5,10,|00010011>,6
5,10,|10100010>,19
5,10,|11011001>,11
5,10,|11101001>,9
5,10,|00011111>,10
5,10,|01001111>,12
5,10,|10001001>,21
5,10,|11111001>,7
5,10,|01101111>,25
5,10,|01001110>,13
5,10,|00110100>,14
5,10,|11101100>,13
5,10,|11010101>,10
5,10,|11111101>,9
5,10,|00010000>,2
5,10,|10110001>,23
5,10,|00001110>,5
5,10,|01110011>,25
5,10,|10101101>,17
5,10,|00101011>,15
5,10,|01100111>,18
5,10,|11001011>,18
5,10,|11010100>,11
5,10,|00110101>,16
5,10,|11101101>,9
5,10,|10011010>,16
5,10,|10000001>,18
5,10,|00001011>,7
5,10,|01100010>,31
5,10,|00101001>,14
5,10,|01011100>,19
5,10,|11010001>,14
5,10,|11110100>,5
5,10,|10101110>,19
5,10,|00110000>,12
5,10,|00000001>,4
5,10,|00010101>,8
5,10,|10111111>,14
5,10,|00011000>,6
5,10,|00111111>,13
5,10,|11010000>,12
5,10,|11110001>,6
5,10,|00101010>,13
5,10,|10100110>,16
5,10,|11011010>,11
5,10,|00000000>,4
5,10,|11100110>,4
5,10,|01110000>,25
5,10,|11111000>,7
5,10,|00010010>,7
5,10,|11101111>,9
5,10,|11101110>,6
5,10,|11000101>,16
5,10,|11110111>,11
5,10,|01001000>,13
5,10,|00001101>,4
5,10,|00010100>,3
5,10,|00000010>,4
5,10,|00010110>,6
5,10,|00111011>,7
5,10,|11111111>,2
5,10,|10111011>,11
5,10,|00000011>,4
5,10,|11010011>,12
5,10,|00000110>,4
5,10,|11010010>,11
5,10,|00100001>,13
5,10,|00101111>,12
5,10,|00001001>,5
5,10,|00000100>,5
5,10,|11111011>,7
5,10,|00001111>,5
5,10,|00010001>,8
5,10,|00001000>,1
5,11,|10011110>,19
5,11,|10100110>,25
5,11,|01011010>,24
5,11,|11101111>,5
5,11,|10001000>,18
5,11,|10011011>,25
5,11,|10100001>,28
5,11,|11100011>,11
5,11,|01111001>,18
5,11,|01111000>,39
5,11,|11011000>,13
5,11,|00100010>,10
5,11,|11110110>,8
5,11,|10101001>,16
5,11,|01001010>,15
5,11,|10010011>,22
5,11,|01100011>,25
5,11,|11000100>,16
5,11,|01110100>,28
5,11,|01101000>,19
5,11,|00010100>,6
5,11,|10110010>,12
5,11,|01001000>,20
5,11,|00110010>,17
5,11,|01000001>,15
5,11,|01110010>,29
5,11,|10110101>,20
5,11,|11100010>,8
5,11,|11010110>,12
5,11,|01110001>,23
5,11,|01111101>,17
5,11,|11100110>,11
5,11,|01101011>,16
5,11,|11110001>,9
5,11,|00110110>,15
5,11,|11000010>,16
5,11,|00111100>,28
5,11,|11011001>,13
5,11,|01011101>,22
5,11,|11000011>,21
5,11,|11001001>,17
5,11,|00110001>,13
5,11,|11111101>,6
5,11,|00011001>,11
5,11,|10101011>,25
5,11,|10100011>,23
5,11,|01010111>,21
5,11,|11011100>,8
5,11,|00111001>,18
5,11,|11001000>,19
5,11,|10010100>,23
5,11,|10110110>,22
5,11,|10111101>,16
5,11,|01100101>,23
5,11,|01111111>,25
5,11,|11010010>,18
5,11,|01010000>,23
5,11,|11010000>,16
5,11,|10001100>,18
5,11,|00010010>,7
5,11,|00110011>,17
5,11,|10010000>,21
5,11,|00010111>,4
5,11,|01111011>,13
5,11,|11000111>,11
5,11,|10110011>,25
5,11,|11010001>,10
5,11,|01000100>,18
5,11,|01000010>,21
5,11,|01000011>,19
5,11,|11001111>,15
5,11,|01011110>,21
5,11,|10011100>,27
5,11,|10111100>,18
5,11,|10101101>,22
5,11,|11000000>,16
5,11,|10100101>,18
5,11,|10110111>,17
5,11,|10001111>,21
5,11,|00111011>,16
5,11,|01101111>,29
5,11,|11101011>,8
5,11,|00100101>,12
5,11,|10001010>,24
5,11,|00101110>,14
5,11,|11111010>,11
5,11,|11001110>,16
5,11,|01101001>,30
5,11,|11001100>,22
5,11,|10010010>,36
5,11,|00111000>,14
5,11,|11001011>,14
5,11,|10001011>,27
5,11,|01011001>,27
5,11,|01111100>,33
5,11,|10011000>,24
5,11,|10001001>,22
5,11,|10000010>,21
5,11,|10000011>,19
5,11,|10101000>,20
5,11,|10100010>,22
5,11,|10111001>,17
5,11,|10100000>,21
5,11,|01010100>,20
5,11,|00010110>,11
5,11,|10000000>,23
5,11,|01100001>,19
5,11,|10001101>,24
5,11,|11110111>,8
5,11,|01000110>,17
5,11,|10010110>,30
5,11,|10000101>,38
5,11,|01100010>,23
5,11,|00011000>,6
5,11,|10110001>,19
5,11,|01010110>,25
5,11,|01001101>,18
5,11,|00100111>,12
5,11,|00011110>,14
5,11,|01011011>,23
5,11,|10110100>,22
5,11,|11011011>,13
5,11,|10000110>,24
5,11,|01000111>,15
5,11,|11101101>,10
5,11,|00110101>,10
5,11,|01100000>,23
5,11,|10010111>,19
5,11,|01010011>,18
5,11,|10010001>,35
5,11,|10010101>,22
5,11,|01111110>,27
5,11,|10000100>,29
5,11,|01001111>,23
5,11,|10011010>,19
5,11,|01001001>,14
5,11,|00011011>,5
5,11,|00101111>,11
5,11,|00010101>,14
5,11,|11100101>,11
5,11,|01000101>,23
5,11,|01110101>,19
5,11,|11011110>,11
5,11,|00101100>,14
5,11,|11111110>,6
5,11,|01101101>,22
5,11,|10111010>,22
5,11,|10100100>,16
5,11,|11011010>,14
5,11,|01010001>,19
5,11,|10111011>,14
5,11,|01100111>,25
5,11,|10000111>,23
5,11,|01101100>,18
5,11,|11100000>,9
5,11,|00000010>,5
5,11,|01111010>,24
5,11,|11100001>,15
5,11,|10011111>,21
5,11,|01101110>,25
5,11,|10011101>,15
5,11,|10101010>,16
5,11,|01110111>,20
5,11,|00011101>,10
5,11,|11000110>,15
5,11,|00010011>,5
5,11,|01000000>,17
5,11,|00001110>,6
5,11,|10011001>,11
5,11,|11110101>,7
5,11,|01011000>,14
5,11,|11101000>,12
5,11,|10100111>,25
5,11,|01001110>,17
5,11,|00011100>,12
5,11,|11011111>,15
5,11,|10101111>,16
5,11,|11101001>,10
5,11,|00100100>,8
5,11,|11110100>,12
5,11,|11111011>,8
5,11,|00111010>,21
5,11,|01010101>,16
5,11,|00111111>,16
5,11,|01100100>,24
5,11,|01001011>,14
5,11,|10001110>,19
5,11,|00100011>,15
5,11,|01110110>,24
5,11,|01101010>,27
5,11,|10101110>,23
5,11,|01001100>,17
5,11,|00000110>,5
5,11,|11100100>,6
5,11,|00000111>,9
5,11,|00101011>,10
5,11,|00110000>,17
5,11,|00010001>,6
5,11,|11010011>,15
5,11,|10111111>,15
5,11,|11001010>,18
5,11,|01100110>,16
5,11,|10110000>,10
5,11,|10000001>,24
5,11,|00100000>,10
5,11,|00001101>,5
5,11,|00001010>,7
5,11,|10111000>,19
5,11,|00100110>,15
5,11,|10111110>,4
5,11,|11000101>,10
5,11,|11001101>,19
5,11,|11010100>,12
5,11,|00001001>,7
5,11,|00000100>,3
5,11,|11010101>,16
5,11,|00111110>,12
5,11,|00010000>,10
5,11,|11010111>,16
5,11,|00101010>,14
5,11,|00011111>,10
5,11,|01011111>,18
5,11,|11101100>,16
5,11,|11111100>,4
5,11,|10101100>,20
5,11,|00110111>,19
5,11,|01010010>,17
5,11,|01011100>,10
5,11,|01110000>,26
5,11,|00101000>,4
5,11,|11110011>,4
5,11,|00110100>,7
5,11,|00101101>,8
5,11,|00001111>,7
5,11,|00000101>,4
5,11,|11110010>,10
5,11,|00001100>,4
5,11,|11011101>,11
5,11,|11000001>,15
5,11,|01110011>,21
5,11,|00000001>,3
5,11,|11110000>,7
5,11,|00011010>,8
5,11,|00111101>,12
5,11,|11101010>,12
5,11,|11111001>,9
5,11,|11100111>,5
5,11,|11101110>,6
5,11,|00000000>,2
5,11,|00001000>,5
5,11,|00100001>,12
5,11,|00000011>,3
5,11,|11111000>,6
5,11,|00101001>,9
5,11,|00001011>,5
5,11,|11111111>,2
5,12,|01100110>,14
5,12,|10101101>,20
5,12,|10000110>,17
5,12,|11101011>,12
5,12,|00111011>,17
5,12,|11000011>,21
5,12,|10011101>,27
5,12,|00101101>,16
5,12,|10101001>,16
5,12,|01110011>,17
5,12,|11011110>,11
5,12,|00100100>,11
5,12,|00101011>,19
5,12,|10001011>,27
5,12,|00100110>,9
5,12,|01000110>,15
5,12,|10111000>,17
5,12,|10111001>,19
5,12,|00111110>,19
5,12,|10010110>,27
5,12,|10010111>,31
5,12,|01111100>,19
5,12,|11010110>,9
5,12,|11010111>,9
5,12,|10100010>,18
5,12,|01110101>,27
5,12,|00000000>,4
5,12,|11010101>,11
5,12,|10001000>,31
5,12,|11010000>,10
5,12,|01101011>,25
5,12,|01000010>,13
5,12,|01001101>,23
5,12,|00111100>,19
5,12,|11010011>,16
5,12,|11011011>,12
5,12,|00101000>,8
5,12,|11100010>,12
5,12,|00010100>,3
5,12,|11000001>,23
5,12,|01010110>,25
5,12,|10111101>,22
5,12,|10001010>,23
5,12,|10100011>,23
5,12,|01111101>,21
5,12,|11010010>,15
5,12,|10101010>,14
5,12,|10110010>,13
5,12,|10000001>,22
5,12,|11011100>,13
5,12,|11111101>,9
5,12,|11111110>,9
5,12,|11000010>,15
5,12,|10100001>,32
5,12,|10111110>,22
5,12,|01110100>,27
5,12,|01110010>,21
5,12,|10110001>,20
5,12,|11101110>,11
5,12,|00101010>,10
5,12,|00110101>,13
5,12,|10111011>,20
5,12,|01011001>,26
5,12,|10000100>,31
5,12,|11100001>,16
5,12,|01111001>,25
5,12,|01010000>,17
5,12,|01011000>,27
5,12,|10011001>,21
5,12,|00111001>,20
5,12,|10100101>,17
5,12,|01011111>,21
5,12,|10001001>,19
5,12,|01111010>,26
5,12,|01001100>,12
5,12,|00100111>,14
5,12,|10010011>,18
5,12,|01110000>,10
5,12,|10111111>,22
5,12,|00101111>,14
5,12,|01111110>,17
5,12,|10100000>,20
5,12,|00011101>,10
5,12,|01010010>,24
5,12,|10110101>,17
5,12,|11011010>,15
5,12,|01111111>,31
5,12,|10001111>,23
5,12,|01001001>,14
5,12,|11100110>,12
5,12,|10101110>,13
5,12,|01101110>,18
5,12,|10011111>,19
5,12,|01110110>,29
5,12,|10011000>,24
5,12,|01101100>,23
5,12,|01011100>,18
5,12,|01011011>,19
5,12,|00101110>,19
5,12,|00101100>,14
5,12,|00110010>,10
5,12,|01001111>,23
5,12,|10001110>,17
5,12,|00010000>,8
5,12,|00100101>,10
5,12,|10110110>,14
5,12,|11000000>,12
5,12,|11100011>,15
5,12,|01011110>,24
5,12,|10101000>,25
5,12,|11110110>,12
5,12,|10000010>,31
5,12,|10010100>,20
5,12,|10100110>,27
5,12,|10000011>,21
5,12,|01100000>,22
5,12,|00011100>,11
5,12,|00100000>,9
5,12,|01101000>,19
5,12,|00011010>,11
5,12,|11110010>,13
5,12,|11001000>,19
5,12,|01000111>,12
5,12,|00011011>,13
5,12,|10000000>,25
5,12,|01100010>,21
5,12,|00110001>,16
5,12,|11101100>,14
5,12,|01000011>,15
5,12,|00011110>,13
5,12,|01001000>,19
5,12,|11011000>,23
5,12,|10001101>,24
5,12,|10101111>,24
5,12,|01010101>,28
5,12,|11100100>,5
5,12,|11001111>,16
5,12,|01010001>,23
5,12,|10110100>,14
5,12,|10111010>,24
5,12,|10000111>,23
5,12,|10001100>,22
5,12,|10010000>,25
5,12,|01110001>,24
5,12,|10011010>,23
5,12,|11000111>,23
5,12,|10101011>,20
5,12,|01010111>,26
5,12,|01111011>,20
5,12,|11011111>,11
5,12,|10100100>,16
5,12,|11001010>,12
5,12,|01100001>,14
5,12,|01011101>,14
5,12,|00011111>,7
5,12,|11101000>,9
5,12,|00011000>,10
5,12,|00110100>,13
5,12,|11001100>,12
5,12,|11110101>,12
5,12,|00101001>,8
5,12,|01000100>,23
5,12,|10110000>,26
5,12,|10101100>,16
5,12,|10110011>,31
5,12,|00111010>,12
5,12,|00010110>,18
5,12,|00110110>,6
5,12,|00100011>,10
5,12,|11000100>,18
5,12,|11110111>,9
5,12,|00111101>,14
5,12,|11000110>,15
5,12,|11010100>,14
5,12,|01101010>,19
5,12,|01001011>,13
5,12,|01000101>,16
5,12,|11111011>,5
5,12,|01100100>,24
5,12,|01000001>,11
5,12,|01001110>,18
5,12,|11001001>,19
5,12,|00010010>,4
5,12,|11100101>,16
5,12,|11001101>,16
5,12,|11100000>,16
5,12,|10110111>,24
5,12,|01111000>,26
5,12,|00001110>,8
5,12,|00000110>,6
5,12,|10100111>,17
5,12,|10000101>,19
5,12,|00001100>,8
5,12,|01101001>,16
5,12,|01000000>,14
5,12,|10010001>,22
5,12,|00100010>,4
5,12,|01100011>,18
5,12,|11110011>,17
5,12,|00100001>,7
5,12,|11011001>,10
5,12,|10011011>,27
5,12,|11010001>,15
5,12,|00110000>,17
5,12,|11111010>,5
5,12,|01101101>,21
5,12,|00011001>,11
5,12,|11111100>,6
5,12,|01101111>,23
5,12,|11101010>,14
5,12,|01110111>,18
5,12,|00010001>,6
5,12,|00000011>,6
5,12,|10011100>,25
5,12,|01011010>,22
5,12,|11110001>,14
5,12,|11101101>,13
5,12,|10111100>,12
5,12,|01001010>,15
5,12,|01100101>,19
5,12,|10010101>,27
5,12,|01010011>,22
5,12,|11011101>,9
5,12,|10010010>,22
5,12,|00001101>,11
5,12,|00111111>,13
5,12,|00110011>,10
5,12,|01010100>,15
5,12,|01100111>,15
5,12,|00001011>,5
5,12,|11111001>,6
5,12,|00000101>,5
5,12,|11111111>,4
5,12,|11101001>,12
5,12,|11001011>,18
5,12,|00010011>,10
5,12,|00000001>,3
5,12,|10011110>,14
5,12,|00111000>,16
5,12,|00110111>,10
5,12,|11000101>,17
5,12,|11101111>,8
5,12,|11110100>,7
5,12,|11110000>,5
5,12,|00010111>,8
5,12,|11001110>,9
5,12,|00001010>,5
5,12,|11100111>,5
5,12,|00000111>,9
5,12,|00000100>,4
5,12,|00010101>,3
5,12,|11111000>,3
5,12,|00000010>,5
5,12,|00001000>,5
5,12,|00001111>,3
5,12,|00001001>,4
5,13,|10111110>,26
5,13,|10010100>,26
5,13,|11010011>,16
5,13,|11100011>,7
5,13,|00100101>,7
5,13,|10100011>,20
5,13,|01100110>,32
5,13,|01010101>,30
5,13,|11001010>,14
5,13,|01010010>,20
5,13,|10110011>,19
5,13,|01001101>,21
5,13,|01110001>,32
5,13,|00101000>,14
5,13,|01100111>,21
5,13,|10111111>,19
5,13,|10100111>,23
5,13,|01101101>,24
5,13,|00100111>,15
5,13,|01000111>,17
5,13,|01101000>,31
5,13,|00110100>,14
5,13,|00110101>,16
5,13,|00011001>,6
5,13,|01011000>,20
5,13,|11000010>,17
5,13,|00101111>,13
5,13,|10001101>,27
5,13,|11011110>,11
5,13,|00110010>,13
5,13,|10011010>,28
5,13,|00011101>,11
5,13,|10110000>,21
5,13,|00010101>,6
5,13,|00111101>,16
5,13,|10011001>,32
5,13,|10011011>,19
5,13,|00111001>,14
5,13,|01001000>,18
5,13,|00101011>,6
5,13,|01110010>,22
5,13,|01111001>,29
5,13,|00011100>,13
5,13,|10000000>,25
5,13,|10110101>,25
5,13,|10010011>,20
5,13,|10100110>,19
5,13,|01101111>,17
5,13,|01101010>,16
5,13,|11000110>,14
5,13,|10011000>,25
5,13,|10111011>,21
5,13,|10101010>,17
5,13,|10001000>,24
5,13,|00000110>,3
5,13,|10101110>,12
5,13,|11101001>,11
5,13,|01110000>,19
5,13,|01110011>,21
5,13,|01101110>,26
5,13,|11000001>,14
5,13,|00101100>,16
5,13,|00101110>,15
5,13,|01110110>,24
5,13,|10011100>,26
5,13,|11011011>,17
5,13,|10010010>,22
5,13,|10110010>,19
5,13,|01000101>,25
5,13,|10101000>,21
5,13,|11110110>,9
5,13,|11000011>,20
5,13,|00110110>,15
5,13,|01001011>,19
5,13,|01101001>,22
5,13,|00111000>,21
5,13,|00011111>,16
5,13,|10010000>,26
5,13,|00000011>,7
5,13,|10111010>,17
5,13,|11111010>,5
5,13,|01011110>,25
5,13,|01110100>,18
5,13,|01110111>,14
5,13,|11100010>,10
5,13,|01110101>,38
5,13,|10000100>,23
5,13,|10100101>,27
5,13,|01111010>,27
5,13,|01100010>,16
5,13,|10100010>,25
5,13,|10001011>,23
5,13,|01011111>,12
5,13,|10001110>,28
5,13,|01001010>,19
5,13,|00110001>,16
5,13,|01111100>,17
5,13,|00100100>,11
5,13,|01001111>,20
5,13,|10111001>,17
5,13,|01010110>,20
5,13,|01101100>,20
5,13,|10000011>,28
5,13,|10101111>,25
5,13,|11111100>,6
5,13,|01010011>,14
5,13,|00101001>,10
5,13,|11111011>,5
5,13,|11100001>,16
5,13,|10111101>,16
5,13,|11011100>,15
5,13,|01111011>,25
5,13,|01000000>,17
5,13,|11011010>,11
5,13,|01001110>,16
5,13,|01011101>,21
5,13,|01100101>,15
5,13,|11100111>,13
5,13,|11001101>,18
5,13,|10010110>,23
5,13,|00011110>,13
5,13,|11000101>,18
5,13,|11101101>,12
5,13,|00011010>,13
5,13,|11111001>,7
5,13,|01101011>,19
5,13,|10001100>,23
5,13,|00100001>,10
5,13,|10110110>,19
5,13,|01100001>,19
5,13,|11011000>,16
5,13,|11100000>,9
5,13,|00010000>,8
5,13,|00010100>,11
5,13,|01000011>,20
5,13,|11110000>,9
5,13,|01011010>,30
5,13,|10010001>,27
5,13,|01111111>,31
5,13,|00001001>,7
5,13,|10101100>,21
5,13,|10110001>,23
5,13,|10110100>,18
5,13,|00100010>,7
5,13,|11000000>,24
5,13,|10011101>,21
5,13,|10001001>,26
5,13,|10001010>,27
5,13,|10000001>,18
5,13,|10101011>,26
5,13,|10111000>,14
5,13,|10100001>,24
5,13,|11110001>,9
5,13,|11101110>,9
5,13,|01111000>,22
5,13,|01100100>,23
5,13,|00011000>,9
5,13,|00111011>,16
5,13,|01001001>,14
5,13,|10101101>,14
5,13,|11010001>,15
5,13,|01111101>,18
5,13,|10100100>,21
5,13,|11110010>,13
5,13,|11001001>,12
5,13,|11001110>,18
5,13,|11101010>,7
5,13,|01100000>,27
5,13,|01000100>,16
5,13,|11011111>,15
5,13,|11010010>,14
5,13,|00110011>,14
5,13,|01000110>,13
5,13,|01010100>,19
5,13,|10101001>,18
5,13,|00000100>,7
5,13,|01011011>,23
5,13,|11001100>,17
5,13,|00101010>,6
5,13,|10011110>,15
5,13,|10010111>,18
5,13,|11111101>,5
5,13,|11010110>,14
5,13,|01100011>,17
5,13,|11101100>,11
5,13,|11010111>,11
5,13,|10000111>,23
5,13,|10100000>,17
5,13,|01010001>,21
5,13,|11100100>,6
5,13,|11110011>,6
5,13,|11010100>,15
5,13,|10110111>,17
5,13,|11111000>,7
5,13,|01000010>,19
5,13,|10000010>,24
5,13,|00110111>,14
5,13,|11000100>,20
5,13,|00010110>,10
5,13,|11011001>,10
5,13,|00111111>,16
5,13,|00001100>,9
5,13,|00100110>,7
5,13,|00010111>,5
5,13,|11111110>,11
5,13,|10001111>,21
5,13,|00000001>,3
5,13,|10111100>,18
5,13,|00100011>,14
5,13,|01010000>,10
5,13,|10000110>,19
5,13,|01000001>,15
5,13,|01111110>,17
5,13,|00111110>,19
5,13,|11100110>,13
5,13,|10000101>,19
5,13,|11101111>,9
5,13,|00101101>,10
5,13,|00111100>,18
5,13,|11001000>,17
5,13,|00100000>,11
5,13,|10010101>,14
5,13,|11001111>,10
5,13,|01011100>,24
5,13,|11010101>,12
5,13,|00000000>,5
5,13,|11100101>,10
5,13,|11010000>,13
5,13,|10011111>,22
5,13,|11000111>,9
5,13,|01010111>,16
5,13,|11101000>,6
5,13,|11001011>,9
5,13,|00001010>,4
5,13,|11111111>,9
5,13,|00001000>,7
5,13,|01011001>,15
5,13,|00010011>,10
5,13,|00111010>,21
5,13,|00000010>,2
5,13,|00011011>,10
5,13,|00001101>,5
5,13,|11110100>,4
5,13,|00110000>,9
5,13,|01001100>,14
5,13,|11110101>,6
5,13,|00000111>,4
5,13,|11101011>,8
5,13,|11011101>,9
5,13,|00001110>,4
5,13,|00001111>,5
5,13,|11110111>,4
5,13,|00010001>,6
5,13,|00000101>,3
5,13,|00001011>,6
5,13,|00010010>,4
5,14,|01111100>,32
5,14,|00101001>,14
5,14,|10101110>,27
5,14,|11010011>,11
5,14,|10000001>,19
5,14,|10111001>,19
5,14,|01111010>,25
5,14,|01101000>,25
5,14,|11011010>,9
5,14,|11010101>,16
5,14,|01010110>,24
5,14,|00101101>,13
5,14,|01001010>,21
5,14,|10111010>,20
5,14,|10100010>,24
5,14,|10001001>,20
5,14,|10101001>,23
5,14,|01100111>,27
5,14,|10100001>,20
5,14,|01110111>,35
5,14,|10011001>,29
5,14,|00111100>,19
5,14,|11110100>,8
5,14,|10110110>,17
5,14,|10100011>,27
5,14,|01101101>,25
5,14,|10101100>,22
5,14,|00000001>,7
5,14,|11011000>,12
5,14,|01111011>,26
5,14,|01111000>,20
5,14,|01010010>,21
5,14,|01010001>,24
5,14,|10101111>,18
5,14,|10000110>,24
5,14,|00111010>,21
5,14,|00001100>,8
5,14,|10110000>,29
5,14,|00101000>,11
5,14,|10110111>,19
5,14,|01101001>,19
5,14,|11000000>,17
5,14,|11001110>,14
5,14,|10111101>,10
5,14,|10010100>,22
5,14,|01100000>,14
5,14,|10110100>,20
5,14,|10011100>,26
5,14,|01110010>,29
5,14,|00010000>,7
5,14,|11001011>,14
5,14,|10101011>,18
5,14,|01111110>,20
5,14,|01000111>,16
5,14,|10000101>,20
5,14,|01101010>,19
5,14,|01011010>,25
5,14,|10010001>,22
5,14,|10011111>,25
5,14,|00001011>,12
5,14,|10001010>,19
5,14,|00011110>,15
5,14,|01000000>,17
5,14,|01001101>,25
5,14,|01101110>,21
5,14,|01100010>,24
5,14,|00111001>,18
5,14,|10101000>,18
5,14,|10000011>,21
5,14,|11011101>,14
5,14,|10100101>,23
5,14,|11100001>,14
5,14,|11010000>,18
5,14,|10111111>,19
5,14,|11010110>,19
5,14,|11001010>,26
5,14,|01011001>,24
5,14,|00111110>,11
5,14,|11001111>,14
5,14,|00111111>,27
5,14,|11000111>,10
5,14,|01001110>,14
5,14,|01110101>,23
5,14,|10100110>,18
5,14,|01110001>,24
5,14,|11110011>,6
5,14,|00000000>,3
5,14,|10001110>,14
5,14,|11100100>,9
5,14,|11101011>,9
5,14,|00101111>,13
5,14,|01111101>,35
5,14,|00100100>,3
5,14,|11000011>,19
5,14,|01001000>,23
5,14,|00010110>,6
5,14,|11110000>,10
5,14,|10000000>,19
5,14,|01010000>,19
5,14,|00101100>,16
5,14,|00100101>,16
5,14,|00101010>,11
5,14,|00010100>,6
5,14,|11111111>,6
5,14,|11001001>,18
5,14,|10000010>,26
5,14,|11000110>,13
5,14,|01000101>,18
5,14,|00110011>,21
5,14,|11111110>,7
5,14,|10010000>,28
5,14,|00100001>,7
5,14,|01111001>,16
5,14,|00110100>,16
5,14,|00011000>,9
5,14,|00001111>,6
5,14,|01000001>,16
5,14,|10010010>,35
5,14,|11100011>,13
5,14,|01110011>,12
5,14,|00110111>,13
5,14,|00010101>,6
5,14,|10101101>,16
5,14,|00010001>,8
5,14,|10000100>,25
5,14,|01011111>,16
5,14,|01100011>,17
5,14,|00001000>,7
5,14,|01011100>,19
5,14,|01011101>,24
5,14,|10111100>,20
5,14,|10000111>,22
5,14,|00110001>,19
5,14,|00100011>,13
5,14,|01101011>,23
5,14,|11011110>,9
5,14,|01001001>,15
5,14,|10011110>,23
5,14,|10001100>,36
5,14,|01110110>,24
5,14,|10010111>,21
5,14,|11110010>,10
5,14,|00100000>,7
5,14,|11111001>,10
5,14,|10111011>,24
5,14,|01100101>,17
5,14,|11100010>,11
5,14,|00011111>,10
5,14,|10001101>,26
5,14,|10011000>,25
5,14,|10111000>,22
5,14,|11000010>,15
5,14,|10100111>,18
5,14,|11011111>,9
5,14,|11111010>,3
5,14,|11110101>,8
5,14,|00000010>,3
5,14,|01110100>,22
5,14,|11000001>,22
5,14,|01011000>,21
5,14,|10001000>,16
5,14,|11110110>,10
5,14,|11100000>,11
5,14,|11111101>,4
5,14,|01010101>,19
5,14,|00010011>,6
5,14,|01010111>,22
5,14,|00110101>,14
5,14,|10011011>,19
5,14,|01101100>,23
5,14,|01010100>,19
5,14,|10110101>,17
5,14,|11010010>,10
5,14,|10011101>,23
5,14,|10001111>,24
5,14,|10100000>,23
5,14,|00101011>,15
5,14,|11001101>,14
5,14,|11111100>,6
5,14,|01001100>,25
5,14,|01011011>,17
5,14,|11100101>,14
5,14,|01100110>,23
5,14,|01000011>,14
5,14,|00101110>,12
5,14,|01100001>,16
5,14,|11100111>,13
5,14,|01010011>,16
5,14,|01000010>,24
5,14,|11101010>,17
5,14,|10110011>,24
5,14,|10010101>,19
5,14,|11110001>,10
5,14,|10111110>,19
5,14,|10110010>,19
5,14,|11011100>,12
5,14,|11011001>,15
5,14,|11001000>,14
5,14,|00100010>,12
5,14,|00100111>,9
5,14,|00011001>,10
5,14,|11001100>,17
5,14,|01000110>,13
5,14,|00011011>,7
5,14,|11101111>,10
5,14,|00110110>,12
5,14,|10010011>,28
5,14,|00111000>,13
5,14,|10110001>,15
5,14,|10100100>,30
5,14,|00001010>,6
5,14,|11010001>,13
5,14,|11101101>,9
5,14,|11110111>,8
5,14,|01011110>,25
5,14,|01101111>,16
5,14,|01111111>,28
5,14,|11000100>,17
5,14,|10010110>,18
5,14,|00111011>,9
5,14,|01110000>,20
5,14,|10011010>,18
5,14,|00110010>,13
5,14,|11101100>,9
5,14,|01001011>,13
5,14,|00000111>,4
5,14,|01000100>,22
5,14,|11101000>,6
5,14,|00110000>,10
5,14,|11010111>,13
5,14,|10001011>,15
5,14,|11100110>,9
5,14,|00100110>,12
5,14,|00011101>,9
5,14,|01001111>,20
5,14,|11000101>,11
5,14,|01100100>,19
5,14,|00000011>,5
5,14,|00011100>,4
5,14,|11101110>,5
5,14,|10101010>,10
5,14,|00000101>,4
5,14,|00000110>,3
5,14,|11111011>,5
5,14,|00111101>,8
5,14,|11101001>,6
5,14,|00000100>,2
5,14,|11011011>,8
5,14,|00010111>,7
5,14,|00010010>,7
5,14,|00011010>,4
5,14,|11111000>,8
5,14,|11010100>,11
5,14,|00001110>,3
5,14,|00001101>,6
5,14,|00001001>,5
5,15,|10000100>,28
5,15,|01111001>,31
5,15,|00011111>,11
5,15,|10000111>,24
5,15,|11100000>,8
5,15,|00101101>,13
5,15,|11110101>,7
5,15,|01001100>,25
5,15,|01110001>,26
5,15,|10010000>,28
5,15,|11101111>,7
5,15,|01110000>,21
5,15,|11100011>,8
5,15,|10110011>,20
5,15,|11000100>,24
5,15,|01111101>,27
5,15,|00111010>,17
5,15,|00100110>,13
5,15,|01001000>,22
5,15,|01111011>,23
5,15,|10100011>,20
5,15,|11001010>,24
5,15,|11110111>,5
5,15,|01010001>,24
5,15,|10101111>,20
5,15,|01001010>,17
5,15,|11000001>,15
5,15,|10100101>,23
5,15,|10011110>,16
5,15,|10101010>,19
5,15,|11011111>,15
5,15,|01111010>,24
5,15,|01101011>,23
5,15,|00110111>,18
5,15,|10101011>,16
5,15,|10000011>,30
5,15,|10110100>,14
5,15,|01010101>,15
5,15,|11101000>,9
5,15,|01001110>,21
5,15,|10010010>,18
5,15,|10010100>,21
5,15,|10101100>,18
5,15,|11010100>,21
5,15,|11001011>,9
5,15,|01000010>,19
5,15,|10001000>,28
5,15,|01101010>,18
5,15,|10000001>,30
5,15,|11011100>,8
5,15,|01110110>,25
5,15,|10111001>,13
5,15,|10110110>,20
5,15,|11011010>,11
5,15,|01100101>,22
5,15,|11001101>,16
5,15,|00110101>,14
5,15,|01000000>,15
5,15,|11111111>,9
5,15,|10011011>,37
5,15,|10000110>,33
5,15,|10011101>,19
5,15,|01101111>,30
5,15,|10010001>,26
5,15,|11000010>,15
5,15,|01111100>,28
5,15,|01010000>,21
5,15,|01101101>,25
5,15,|10101001>,20
5,15,|01011001>,24
5,15,|10100111>,24
5,15,|10001111>,30
5,15,|00111111>,13
5,15,|01101001>,20
5,15,|01001111>,19
5,15,|01000111>,17
5,15,|11001001>,17
5,15,|10011010>,23
5,15,|01011110>,16
5,15,|10011000>,24
5,15,|01111110>,18
5,15,|10111101>,14
5,15,|11010000>,20
5,15,|00101100>,11
5,15,|00010001>,7
5,15,|11101010>,10
5,15,|01000101>,16
5,15,|01010100>,20
5,15,|01100110>,26
5,15,|00111110>,16
5,15,|01011111>,20
5,15,|00100000>,10
5,15,|01011100>,24
5,15,|10001001>,19
5,15,|01010110>,26
5,15,|10001010>,18
5,15,|10010011>,28
5,15,|11010010>,18
5,15,|11111100>,9
5,15,|01101100>,14
5,15,|10100010>,25
5,15,|11101011>,12
5,15,|10001100>,23
5,15,|00011011>,13
5,15,|01110101>,20
5,15,|01100010>,21
5,15,|10011001>,16
5,15,|11100111>,10
5,15,|10111100>,19
5,15,|01101000>,19
5,15,|11010011>,13
5,15,|00010011>,10
5,15,|10100001>,22
5,15,|10010111>,18
5,15,|01111111>,24
5,15,|10111110>,25
5,15,|01001101>,14
5,15,|00010101>,6
5,15,|01011101>,20
5,15,|01010111>,17
5,15,|10100000>,27
5,15,|01111000>,19
5,15,|11110100>,5
5,15,|00010111>,3
5,15,|01011011>,22
5,15,|00010110>,5
5,15,|01100011>,25
5,15,|11100100>,9
5,15,|11101100>,7
5,15,|11000110>,16
5,15,|11011011>,12
5,15,|01000011>,23
5,15,|10110001>,23
5,15,|10010110>,21
5,15,|00111011>,23
5,15,|11110011>,10
5,15,|00100100>,8
5,15,|00100111>,14
5,15,|10010101>,20
5,15,|10111010>,17
5,15,|11010001>,9
5,15,|11001111>,14
5,15,|00011010>,13
5,15,|00110000>,11
5,15,|11001100>,12
5,15,|10100110>,20
5,15,|11011110>,15
5,15,|01011010>,20
5,15,|00111100>,11
5,15,|01001011>,21
5,15,|10001101>,12
5,15,|00001010>,8
5,15,|11111110>,8
5,15,|00101000>,12
5,15,|11000101>,15
5,15,|00110100>,23
5,15,|10011100>,17
5,15,|00001101>,3
5,15,|00111001>,13
5,15,|00000010>,5
5,15,|11011000>,3
5,15,|01000001>,24
5,15,|11001110>,14
5,15,|11010101>,9
5,15,|00111101>,15
5,15,|11101101>,9
5,15,|00101010>,14
5,15,|01110111>,17
5,15,|10101110>,21
5,15,|01100001>,23
5,15,|10110000>,17
5,15,|10101101>,19
5,15,|10101000>,18
5,15,|00100001>,9
5,15,|11110110>,8
5,15,|10111000>,21
5,15,|01100100>,28
5,15,|00101001>,12
5,15,|00101011>,6
5,15,|10000000>,20
5,15,|01000110>,19
5,15,|10111011>,19
5,15,|00100011>,8
5,15,|10110010>,15
5,15,|01110100>,20
5,15,|11000011>,20
5,15,|00000111>,8
5,15,|11110010>,3
5,15,|00001000>,8
5,15,|01101110>,16
5,15,|01110010>,23
5,15,|11101001>,12
5,15,|10001110>,25
5,15,|00101110>,5
5,15,|00010010>,3
5,15,|00110110>,14
5,15,|11010110>,16
5,15,|10110111>,21
5,15,|01010011>,11
5,15,|01110011>,25
5,15,|11111001>,9
5,15,|00101111>,12
5,15,|10000010>,18
5,15,|00110010>,9
5,15,|10100100>,27
5,15,|00011100>,9
5,15,|11011001>,15
5,15,|00010000>,5
5,15,|10000101>,19
5,15,|01100111>,30
5,15,|01000100>,15
5,15,|00011000>,8
5,15,|00100101>,9
5,15,|11001000>,21
5,15,|00001011>,7
5,15,|00001001>,7
5,15,|00001111>,7
5,15,|01011000>,28
5,15,|00110001>,12
5,15,|10110101>,17
5,15,|00100010>,14
5,15,|00010100>,11
5,15,|11010111>,8
5,15,|10011111>,25
5,15,|01100000>,23
5,15,|00011101>,9
5,15,|00000100>,3
5,15,|11100001>,6
5,15,|11000000>,18
5,15,|00111000>,18
5,15,|11000111>,15
5,15,|11100110>,10
5,15,|01010010>,12
5,15,|00011110>,11
5,15,|00001100>,9
5,15,|11101110>,10
5,15,|00001110>,6
5,15,|01001001>,20
5,15,|11100101>,17
5,15,|10111111>,15
5,15,|11110001>,5
5,15,|00011001>,8
5,15,|11111000>,6
5,15,|11111010>,6
5,15,|11111101>,10
5,15,|11100010>,10
5,15,|00000110>,6
5,15,|10001011>,19
5,15,|00000000>,8
5,15,|11110000>,9
5,15,|00000011>,3
5,15,|00110011>,17
5,15,|11011101>,8
5,15,|00000001>,2
5,15,|11111011>,5
5,15,|00000101>,3
5,16,|10111011>,25
5,16,|11111000>,8
5,16,|10110001>,16
5,16,|01001001>,18
5,16,|10000100>,17
5,16,|10110111>,20
5,16,|01100010>,24
5,16,|10001110>,22
5,16,|00110111>,13
5,16,|00110101>,16
5,16,|01111011>,29
5,16,|01110101>,24
5,16,|01101111>,19
5,16,|00101100>,19
5,16,|00111100>,12
5,16,|10001010>,24
5,16,|10100101>,35
5,16,|10001011>,23
5,16,|10111000>,18
5,16,|01001100>,23
5,16,|10100000>,19
5,16,|01001000>,27
5,16,|10011110>,20
5,16,|00101011>,11
5,16,|10110010>,25
5,16,|10011000>,19
5,16,|01011010>,22
5,16,|11101100>,10
5,16,|01110000>,23
5,16,|01011110>,26
5,16,|01111001>,26
5,16,|01111000>,35
5,16,|00110000>,16
5,16,|00110001>,9
5,16,|11001011>,17
5,16,|10011100>,21
5,16,|00101000>,14
5,16,|11010100>,10
5,16,|01110001>,25
5,16,|01010001>,26
5,16,|00101101>,12
5,16,|11111100>,11
5,16,|10000000>,27
5,16,|10000010>,28
5,16,|11000000>,12
5,16,|11001100>,25
5,16,|01010110>,22
5,16,|10011011>,26
5,16,|10101010>,21
5,16,|11000110>,21
5,16,|00100100>,17
5,16,|01010100>,19
5,16,|11000101>,14
5,16,|11011000>,18
5,16,|10101101>,25
5,16,|01100100>,25
5,16,|11000001>,18
5,16,|10100010>,13
5,16,|11110000>,15
5,16,|01011101>,23
5,16,|01100101>,15
5,16,|10101011>,23
5,16,|10010011>,22
5,16,|00110110>,15
5,16,|01100001>,29
5,16,|10101111>,24
5,16,|11101001>,7
5,16,|11101000>,8
5,16,|10111101>,16
5,16,|01010111>,21
5,16,|10010010>,27
5,16,|10100100>,25
5,16,|10011010>,25
5,16,|01111100>,29
5,16,|01000111>,13
5,16,|10101001>,16
5,16,|11010110>,16
5,16,|01111111>,23
5,16,|11011011>,20
5,16,|10001001>,28
5,16,|01001101>,14
5,16,|11110001>,14
5,16,|10011001>,23
5,16,|11110100>,9
5,16,|00010000>,5
5,16,|10010111>,31
5,16,|01100110>,26
5,16,|11110101>,15
5,16,|11010001>,8
5,16,|01000100>,25
5,16,|10100001>,23
5,16,|00100111>,15
5,16,|01000110>,20
5,16,|10010000>,23
5,16,|11001010>,13
5,16,|10110110>,13
5,16,|10110011>,18
5,16,|01001011>,17
5,16,|11011010>,14
5,16,|01000011>,17
5,16,|11011100>,9
5,16,|00101010>,11
5,16,|01010010>,18
5,16,|00001111>,5
5,16,|11100100>,16
5,16,|11100011>,7
5,16,|11111001>,4
5,16,|10111001>,17
5,16,|10110101>,20
5,16,|11110010>,8
5,16,|11000111>,18
5,16,|11010101>,12
5,16,|01011111>,22
5,16,|11011111>,13
5,16,|01110110>,26
5,16,|11011110>,12
5,16,|01011011>,17
5,16,|11011001>,8
5,16,|01011100>,25
5,16,|01000101>,17
5,16,|10011101>,27
5,16,|10001100>,19
5,16,|01101000>,15
5,16,|00100000>,9
5,16,|00011001>,7
5,16,|00111000>,11
5,16,|10111110>,21
5,16,|10000111>,24
5,16,|10101110>,19
5,16,|10010101>,20
5,16,|01010000>,16
5,16,|01101011>,20
5,16,|11001101>,13
5,16,|01100011>,28
5,16,|01100000>,17
5,16,|11100010>,13
5,16,|00100001>,8
5,16,|01001110>,17
5,16,|10000011>,34
5,16,|01101100>,25
5,16,|10100110>,26
5,16,|10100011>,22
5,16,|10010100>,31
5,16,|01101010>,15
5,16,|00111101>,20
5,16,|01110011>,17
5,16,|00100110>,13
5,16,|11100000>,12
5,16,|00000101>,4
5,16,|00101111>,16
5,16,|11000010>,17
5,16,|11010000>,11
5,16,|10000110>,26
5,16,|00110100>,12
5,16,|01111110>,19
5,16,|10011111>,23
5,16,|00011010>,7
5,16,|00011000>,7
5,16,|11101011>,10
5,16,|00100011>,7
5,16,|01011000>,19
5,16,|00111011>,21
5,16,|10001000>,22
5,16,|11101010>,7
5,16,|11001000>,14
5,16,|10110000>,16
5,16,|00111111>,17
5,16,|11001110>,12
5,16,|00011110>,8
5,16,|01111101>,18
5,16,|10101100>,21
5,16,|10001101>,24
5,16,|10001111>,25
5,16,|01101110>,29
5,16,|10101000>,23
5,16,|11011101>,8
5,16,|00101110>,9
5,16,|00110011>,17
5,16,|10010001>,24
5,16,|01110100>,16
5,16,|10111111>,18
5,16,|10000001>,21
5,16,|01001111>,9
5,16,|10111010>,19
5,16,|01010101>,20
5,16,|00010011>,5
5,16,|00010101>,7
5,16,|01000001>,12
5,16,|00001100>,4
5,16,|11110111>,12
5,16,|00001101>,9
5,16,|01010011>,19
5,16,|10010110>,25
5,16,|01111010>,19
5,16,|01101001>,22
5,16,|01101101>,28
5,16,|11001111>,19
5,16,|01110010>,15
5,16,|10110100>,17
5,16,|11010011>,15
5,16,|00001010>,6
5,16,|11111110>,9
5,16,|11000100>,11
5,16,|00000111>,4
5,16,|11111011>,7
5,16,|00011011>,10
5,16,|00000000>,4
5,16,|11111010>,5
5,16,|01001010>,17
5,16,|01011001>,27
5,16,|11111101>,5
5,16,|00101001>,11
5,16,|00000010>,6
5,16,|00100101>,10
5,16,|01100111>,18
5,16,|00000011>,3
5,16,|11100110>,15
5,16,|10100111>,20
5,16,|00111110>,10
5,16,|00000110>,5
5,16,|01000010>,12
5,16,|00011100>,9
5,16,|00001110>,6
5,16,|11001001>,13
5,16,|00100010>,9
5,16,|01000000>,21
5,16,|11100111>,8
5,16,|01110111>,14
5,16,|00010100>,9
5,16,|10000101>,26
5,16,|11000011>,12
5,16,|00010010>,3
5,16,|10111100>,12
5,16,|00111001>,12
5,16,|11111111>,8
5,16,|11010010>,12
5,16,|00111010>,11
5,16,|00011101>,9
5,16,|11010111>,10
5,16,|11101101>,10
5,16,|11100101>,10
5,16,|00110010>,6
5,16,|11100001>,14
5,16,|11101110>,7
5,16,|11110011>,3
5,16,|00010111>,6
5,16,|11110110>,10
5,16,|00001001>,8
5,16,|00000100>,5
5,16,|00001000>,1
5,16,|00010110>,5
5,16,|00010001>,6
5,16,|00011111>,4
5,16,|00001011>,5
5,16,|11101111>,6
6,0,|11100011>,34
6,0,|11010100>,27
6,0,|11101110>,33
6,0,|11001001>,37
6,0,|10010001>,20
6,0,|00001001>,11
6,0,|11011101>,30
6,0,|11101000>,45
6,0,|10011010>,15
6,0,|10101101>,27
6,0,|11110010>,35
6,0,|11010000>,38
6,0,|11000100>,25
6,0,|10010110>,20
6,0,|11011000>,32
6,0,|11101001>,43
6,0,|11100101>,35
6,0,|11011110>,28
6,0,|11111011>,32
6,0,|10101000>,29
6,0,|11010011>,26
6,0,|11110001>,40
6,0,|10101001>,25
6,0,|10110111>,38
6,0,|11100110>,40
6,0,|10110000>,26
6,0,|10101011>,20
6,0,|10101111>,29
6,0,|11111000>,36
6,0,|10110101>,29
6,0,|01110001>,5
6,0,|10100110>,27
6,0,|10001100>,18
6,0,|11100001>,32
6,0,|11001010>,21
6,0,|10110010>,26
6,0,|10110011>,32
6,0,|11000110>,38
6,0,|10111111>,29
6,0,|11001000>,37
6,0,|11001110>,28
6,0,|10001111>,20
6,0,|00000110>,14
6,0,|10101010>,17
6,0,|11000101>,30
6,0,|01111001>,7
6,0,|00000100>,16
6,0,|10100010>,28
6,0,|10111011>,27
6,0,|10111000>,27
6,0,|10000001>,16
6,0,|11000011>,32
6,0,|11000010>,32
6,0,|10011101>,32
6,0,|11101011>,29
6,0,|11110111>,42
6,0,|11110110>,46
6,0,|11111101>,28
6,0,|11011100>,42
6,0,|10111101>,43
6,0,|10001110>,19
6,0,|10000110>,14
6,0,|00100100>,3
6,0,|11110000>,34
6,0,|01111010>,10
6,0,|11001011>,35
6,0,|11011001>,40
6,0,|11001111>,34
6,0,|10011100>,24
6,0,|10110110>,35
6,0,|11101101>,32
6,0,|00010101>,3
6,0,|01100110>,2
6,0,|11101100>,38
6,0,|10111010>,38
6,0,|10100111>,24
6,0,|10011000>,20
6,0,|10100011>,23
6,0,|11010110>,29
6,0,|11011011>,39
6,0,|11111010>,35
6,0,|11101111>,41
6,0,|11011111>,32
6,0,|10111110>,28
6,0,|10011111>,20
6,0,|10000111>,13
6,0,|01111100>,7
6,0,|10010100>,18
6,0,|10110100>,23
6,0,|10100001>,23
6,0,|00010111>,4
6,0,|10101100>,30
6,0,|01101000>,8
6,0,|11000001>,29
6,0,|10111100>,21
6,0,|11111100>,33
6,0,|01100010>,7
6,0,|10001010>,11
6,0,|10011011>,26
6,0,|10100101>,22
6,0,|11001101>,27
6,0,|01110010>,11
6,0,|11001100>,32
6,0,|11100010>,33
6,0,|01100000>,6
6,0,|01100101>,4
6,0,|01101001>,4
6,0,|00011001>,3
6,0,|11011010>,37
6,0,|00001101>,7
6,0,|11010111>,38
6,0,|11110101>,40
6,0,|11110011>,34
6,0,|10100100>,22
6,0,|11010010>,34
6,0,|00000111>,9
6,0,|11101010>,37
6,0,|10111001>,22
6,0,|11100111>,35
6,0,|11100100>,38
6,0,|11111110>,32
6,0,|00000011>,7
6,0,|01111000>,11
6,0,|10010101>,17
6,0,|11111001>,34
6,0,|10011001>,26
6,0,|00010110>,1
6,0,|00010001>,4
6,0,|10000011>,10
6,0,|01110110>,7
6,0,|10101110>,28
6,0,|01101110>,8
6,0,|11000111>,26
6,0,|01100111>,7
6,0,|11000000>,24
6,0,|11111111>,33
6,0,|10000010>,13
6,0,|11010001>,35
6,0,|01101010>,9
6,0,|01110111>,12
6,0,|00001111>,3
6,0,|00011011>,3
6,0,|10001101>,11
6,0,|10010000>,18
6,0,|11110100>,35
6,0,|11100000>,41
6,0,|10010010>,17
6,0,|01100011>,2
6,0,|01111011>,17
6,0,|10110001>,28
6,0,|01101011>,6
6,0,|01101101>,6
6,0,|10010111>,13
6,0,|01110100>,8
6,0,|10001011>,18
6,0,|01001010>,2
6,0,|10000101>,16
6,0,|00001010>,11
6,0,|01011110>,5
6,0,|10000000>,10
6,0,|10001000>,13
6,0,|10100000>,21
6,0,|00000010>,9
6,0,|10011110>,26
6,0,|01011111>,5
6,0,|11010101>,28
6,0,|10001001>,12
6,0,|01111110>,13
6,0,|01010100>,3
6,0,|01011011>,3
6,0,|00010100>,6
6,0,|01011001>,5
6,0,|00010011>,2
6,0,|10000100>,11
6,0,|01111111>,11
6,0,|00011100>,2
6,0,|10010011>,15
6,0,|00001011>,7
6,0,|01110000>,6
6,0,|01010000>,5
6,0,|00000001>,7
6,0,|01110011>,5
6,0,|01010101>,2
6,0,|01011010>,4
6,0,|01101111>,6
6,0,|00001000>,9
6,0,|01001101>,1
6,0,|00011000>,4
6,0,|00000000>,9
6,0,|00011010>,3
6,0,|00010000>,5
6,0,|00000101>,13
6,0,|01101100>,5
6,0,|00100101>,3
6,0,|01010111>,2
6,0,|01111101>,4
6,0,|00101010>,1
6,0,|00100110>,3
6,0,|01011100>,2
6,0,|01110101>,13
6,0,|00101101>,1
6,0,|00001100>,5
6,0,|00100011>,2
6,0,|00100001>,4
6,0,|01100001>,1
6,0,|00011101>,2
6,0,|01010001>,3
6,0,|01011101>,4
6,0,|01001110>,1
6,0,|00101000>,5
6,0,|00110010>,1
6,0,|01010110>,3
6,0,|01010011>,1
6,0,|00011110>,1
6,0,|01011000>,2
6,0,|00010010>,5
6,0,|01001100>,2
6,0,|01000001>,1
6,0,|00011111>,2
6,0,|00001110>,2
6,0,|01100100>,3
6,0,|01010010>,1
6,1,|11110110>,48
6,1,|01101010>,10
6,1,|10011000>,23
6,1,|01100101>,6
6,1,|00001010>,5
6,1,|11011110>,36
6,1,|10101111>,27
6,1,|11111100>,42
6,1,|11010001>,26
6,1,|01111100>,10
6,1,|11000101>,28
6,1,|10110001>,19
6,1,|11001100>,36
6,1,|11000110>,27
6,1,|00010100>,5
6,1,|11111011>,39
6,1,|11111111>,30
6,1,|11001000>,29
6,1,|11110000>,32
6,1,|11110011>,31
6,1,|11000111>,26
6,1,|11111000>,33
6,1,|00010111>,2
6,1,|11101111>,40
6,1,|11001011>,41
6,1,|00001000>,8
6,1,|10011011>,20
6,1,|01111001>,13
6,1,|10100110>,23
6,1,|10110100>,34
6,1,|10000010>,13
6,1,|10010011>,12
6,1,|11111101>,35
6,1,|11010100>,44
6,1,|10011110>,22
6,1,|10101110>,24
6,1,|10100010>,19
6,1,|01111111>,13
6,1,|10011101>,22
6,1,|11101101>,30
6,1,|10010000>,18
6,1,|10111000>,19
6,1,|10001111>,20
6,1,|11010111>,45
6,1,|10100000>,32
6,1,|11001001>,31
6,1,|11011101>,40
6,1,|11010101>,36
6,1,|11011000>,37
6,1,|10110110>,32
6,1,|10010010>,19
6,1,|11110101>,48
6,1,|11100100>,43
6,1,|10001100>,15
6,1,|11010110>,29
6,1,|11000010>,26
6,1,|11111001>,36
6,1,|11111110>,32
6,1,|01100001>,6
6,1,|01001111>,1
6,1,|00000010>,15
6,1,|11101010>,40
6,1,|11111010>,42
6,1,|10101000>,25
6,1,|11010010>,31
6,1,|11100000>,33
6,1,|11101000>,44
6,1,|01100110>,5
6,1,|10001101>,18
6,1,|11110111>,36
6,1,|01110101>,14
6,1,|11100101>,34
6,1,|11011100>,38
6,1,|10101001>,27
6,1,|01110000>,8
6,1,|11100010>,45
6,1,|11100110>,37
6,1,|11101110>,36
6,1,|11100011>,38
6,1,|11001101>,36
6,1,|10100101>,24
6,1,|10111101>,35
6,1,|10011111>,13
6,1,|11101100>,32
6,1,|00101010>,1
6,1,|11101001>,24
6,1,|01111000>,11
6,1,|10101010>,22
6,1,|10110011>,28
6,1,|01110111>,8
6,1,|01011110>,3
6,1,|10001001>,14
6,1,|10100001>,25
6,1,|11010011>,33
6,1,|10111110>,29
6,1,|10001110>,15
6,1,|10110101>,33
6,1,|01011010>,3
6,1,|11001010>,39
6,1,|00000100>,5
6,1,|01101001>,6
6,1,|11110010>,30
6,1,|11000100>,30
6,1,|11110100>,30
6,1,|11011011>,34
6,1,|00000101>,14
6,1,|00001001>,9
6,1,|11110001>,34
6,1,|11010000>,33
6,1,|01110010>,8
6,1,|10111010>,30
6,1,|01011101>,4
6,1,|11101011>,33
6,1,|10110111>,38
6,1,|01100000>,2
6,1,|10100111>,24
6,1,|11000000>,31
6,1,|10000001>,8
6,1,|10010110>,21
6,1,|10011001>,22
6,1,|10111001>,22
6,1,|10001010>,13
6,1,|10000100>,12
6,1,|10111011>,22
6,1,|11011001>,31
6,1,|10101100>,19
6,1,|10000110>,9
6,1,|10100100>,28
6,1,|01100111>,8
6,1,|11011111>,50
6,1,|10010101>,13
6,1,|11001110>,35
6,1,|10101101>,28
6,1,|11011010>,42
6,1,|11000001>,40
6,1,|10000111>,21
6,1,|10010100>,12
6,1,|00010001>,6
6,1,|10000011>,12
6,1,|10101011>,30
6,1,|10111100>,36
6,1,|01001110>,1
6,1,|11100001>,29
6,1,|11001111>,36
6,1,|11000011>,30
6,1,|01111101>,15
6,1,|00011010>,1
6,1,|10110000>,25
6,1,|01101110>,5
6,1,|10110010>,18
6,1,|10001000>,23
6,1,|00010101>,3
6,1,|01111010>,10
6,1,|10001011>,14
6,1,|01101101>,8
6,1,|01110011>,10
6,1,|11100111>,33
6,1,|00011110>,3
6,1,|00001100>,5
6,1,|01101011>,7
6,1,|10100011>,32
6,1,|01010110>,1
6,1,|10011100>,17
6,1,|10000000>,8
6,1,|01011111>,5
6,1,|00010110>,3
6,1,|01111110>,9
6,1,|01110100>,5
6,1,|00011011>,7
6,1,|01001010>,2
6,1,|01011011>,2
6,1,|01010100>,1
6,1,|00101011>,3
6,1,|01101111>,6
6,1,|01101000>,4
6,1,|00100101>,2
6,1,|10010111>,16
6,1,|00001011>,1
6,1,|10000101>,9
6,1,|10111111>,25
6,1,|10011010>,24
6,1,|00001110>,5
6,1,|01101100>,8
6,1,|00001101>,7
6,1,|01111011>,9
6,1,|00010000>,4
6,1,|01001101>,4
6,1,|01010011>,1
6,1,|01110001>,7
6,1,|00000001>,7
6,1,|01010010>,3
6,1,|00011100>,5
6,1,|01100010>,1
6,1,|00000111>,5
6,1,|01000110>,1
6,1,|01110110>,7
6,1,|00011101>,1
6,1,|00000000>,5
6,1,|00010011>,5
6,1,|00100110>,3
6,1,|00000110>,4
6,1,|00101000>,1
6,1,|01100011>,7
6,1,|10010001>,17
6,1,|00101100>,1
6,1,|00000011>,4
6,1,|00100001>,2
6,1,|01011100>,3
6,1,|00011000>,3
6,1,|01100100>,5
6,1,|01011000>,3
6,1,|00100011>,1
6,1,|00110010>,1
6,1,|01010111>,3
6,1,|00001111>,2
6,1,|00100100>,2
6,1,|01011001>,3
6,1,|00010010>,2
6,1,|01010000>,1
6,1,|01010101>,1
6,1,|00101111>,1
6,1,|00111001>,1
6,1,|01000010>,1
6,1,|01010001>,2
6,1,|00100111>,1
6,1,|00100000>,1
6,2,|11001010>,25
6,2,|11011100>,39
6,2,|10001101>,13
6,2,|10101111>,27
6,2,|10111011>,30
6,2,|01100010>,5
6,2,|10110110>,18
6,2,|11010001>,35
6,2,|11111000>,41
6,2,|10110000>,36
6,2,|11011010>,37
6,2,|11110001>,46
6,2,|10110011>,35
6,2,|10111110>,33
6,2,|00011001>,5
6,2,|11001011>,27
6,2,|11101111>,42
6,2,|11001111>,35
6,2,|10011101>,15
6,2,|11110000>,37
6,2,|11011001>,35
6,2,|11101001>,25
6,2,|10100001>,20
6,2,|11101000>,25
6,2,|00011100>,5
6,2,|10101001>,29
6,2,|11110100>,36
6,2,|11001001>,28
6,2,|11110110>,47
6,2,|11000110>,40
6,2,|11000100>,37
6,2,|10001011>,11
6,2,|10110010>,31
6,2,|11111110>,30
6,2,|11000111>,28
6,2,|11011101>,43
6,2,|00011110>,3
6,2,|11100000>,42
6,2,|11001100>,35
6,2,|11100011>,40
6,2,|11101011>,46
6,2,|11100100>,29
6,2,|00000011>,10
6,2,|10111001>,36
6,2,|10011011>,25
6,2,|11100101>,37
6,2,|10011000>,14
6,2,|11111100>,41
6,2,|11101101>,41
6,2,|10101110>,28
6,2,|10111111>,29
6,2,|11110111>,40
6,2,|00000001>,11
6,2,|11110010>,41
6,2,|00001011>,7
6,2,|10001001>,13
6,2,|01011101>,4
6,2,|10100111>,21
6,2,|11011111>,32
6,2,|11011110>,37
6,2,|11111111>,33
6,2,|10011110>,23
6,2,|10011001>,18
6,2,|10010110>,19
6,2,|01011001>,2
6,2,|11010111>,26
6,2,|01110010>,8
6,2,|11100010>,35
6,2,|10001110>,12
6,2,|11000000>,35
6,2,|11010101>,32
6,2,|11111011>,37
6,2,|10000110>,18
6,2,|11010011>,39
6,2,|11010000>,43
6,2,|11001000>,24
6,2,|10101100>,21
6,2,|10100110>,23
6,2,|11110011>,42
6,2,|10011100>,23
6,2,|10111010>,31
6,2,|01111000>,12
6,2,|10010100>,17
6,2,|11001101>,26
6,2,|10111000>,28
6,2,|10000100>,8
6,2,|10000011>,10
6,2,|11101110>,26
6,2,|11100110>,49
6,2,|10100010>,19
6,2,|01111101>,14
6,2,|11101010>,37
6,2,|01101101>,7
6,2,|00000010>,9
6,2,|01010000>,1
6,2,|00010100>,6
6,2,|11000010>,30
6,2,|10011111>,22
6,2,|11011011>,27
6,2,|11111010>,36
6,2,|11001110>,30
6,2,|11110101>,33
6,2,|10101101>,21
6,2,|11101100>,47
6,2,|10100011>,25
6,2,|10001100>,30
6,2,|10100000>,23
6,2,|11100111>,46
6,2,|10110100>,26
6,2,|00110000>,1
6,2,|10010011>,26
6,2,|10101011>,23
6,2,|01101001>,5
6,2,|11010100>,32
6,2,|00011011>,2
6,2,|10011010>,22
6,2,|00011101>,4
6,2,|00100101>,5
6,2,|10100100>,16
6,2,|00001110>,12
6,2,|11010010>,34
6,2,|10010101>,20
6,2,|00010101>,12
6,2,|10010001>,21
6,2,|01111110>,15
6,2,|10110111>,31
6,2,|11111101>,24
6,2,|10001010>,14
6,2,|00001001>,9
6,2,|11100001>,30
6,2,|01100111>,2
6,2,|10111101>,27
6,2,|10100101>,24
6,2,|10001111>,20
6,2,|01110110>,8
6,2,|00000000>,8
6,2,|10110101>,27
6,2,|10000010>,12
6,2,|10000001>,9
6,2,|00000111>,9
6,2,|11000011>,34
6,2,|11111001>,30
6,2,|10101000>,21
6,2,|01100011>,2
6,2,|10000000>,10
6,2,|10010010>,17
6,2,|01110011>,12
6,2,|11000001>,33
6,2,|01111100>,8
6,2,|10010111>,24
6,2,|11011000>,22
6,2,|11010110>,27
6,2,|01011111>,2
6,2,|10111100>,27
6,2,|00001100>,3
6,2,|00001000>,14
6,2,|00000100>,11
6,2,|11000101>,28
6,2,|00000101>,8
6,2,|01101010>,6
6,2,|01010111>,4
6,2,|10110001>,24
6,2,|10000111>,19
6,2,|01110000>,12
6,2,|01101111>,9
6,2,|01100001>,7
6,2,|00010001>,6
6,2,|01011110>,5
6,2,|00000110>,9
6,2,|00010000>,7
6,2,|10101010>,16
6,2,|00101001>,1
6,2,|00010011>,7
6,2,|00001101>,7
6,2,|10010000>,13
6,2,|01111111>,14
6,2,|01111010>,15
6,2,|01101011>,5
6,2,|00011010>,1
6,2,|01001111>,2
6,2,|00101100>,1
6,2,|00100100>,2
6,2,|01111001>,16
6,2,|01010100>,4
6,2,|01111011>,6
6,2,|01110111>,7
6,2,|01001010>,1
6,2,|10001000>,9
6,2,|01101100>,5
6,2,|00001010>,10
6,2,|01110100>,10
6,2,|00011111>,3
6,2,|00010111>,4
6,2,|01100000>,1
6,2,|01100100>,1
6,2,|00001111>,4
6,2,|10000101>,7
6,2,|01001000>,1
6,2,|00011000>,9
6,2,|00100111>,2
6,2,|01101110>,8
6,2,|01100110>,3
6,2,|00101011>,1
6,2,|01011100>,2
6,2,|01011000>,4
6,2,|00010010>,2
6,2,|01010001>,1
6,2,|01110101>,7
6,2,|01110001>,5
6,2,|00100110>,1
6,2,|01011011>,3
6,2,|01010010>,3
6,2,|01101000>,2
6,2,|01100101>,2
6,2,|00010110>,1
6,3,|11111100>,35
6,3,|11010111>,26
6,3,|10101000>,17
6,3,|11001111>,29
6,3,|01111110>,11
6,3,|11010101>,42
6,3,|11000000>,25
6,3,|11111101>,31
6,3,|10011101>,17
6,3,|11011010>,29
6,3,|11100001>,38
6,3,|10110101>,29
6,3,|10011111>,19
6,3,|01101110>,9
6,3,|10001110>,20
6,3,|11000111>,33
6,3,|11011000>,36
6,3,|00000001>,12
6,3,|10011010>,26
6,3,|11000110>,39
6,3,|11010100>,36
6,3,|10101110>,28
6,3,|10000011>,12
6,3,|00001101>,9
6,3,|11000010>,43
6,3,|11101010>,30
6,3,|11110011>,30
6,3,|01111010>,9
6,3,|01110001>,5
6,3,|10110111>,27
6,3,|11000101>,30
6,3,|10100001>,28
6,3,|10001111>,16
6,3,|10111101>,38
6,3,|01101001>,4
6,3,|10101100>,29
6,3,|11100010>,36
6,3,|01111111>,9
6,3,|11101101>,35
6,3,|11110001>,39
6,3,|11011101>,52
6,3,|00001111>,8
6,3,|10101101>,28
6,3,|10000110>,19
6,3,|11111011>,39
6,3,|11110000>,43
6,3,|11011011>,31
6,3,|01110010>,10
6,3,|10111000>,28
6,3,|11101110>,44
6,3,|11010001>,27
6,3,|01111100>,11
6,3,|11100111>,40
6,3,|11010110>,38
6,3,|00001010>,10
6,3,|10011100>,18
6,3,|11000011>,29
6,3,|01101111>,15
6,3,|00000110>,8
6,3,|11101100>,33
6,3,|01111011>,6
6,3,|10001011>,21
6,3,|11111000>,31
6,3,|11000100>,36
6,3,|10110011>,29
6,3,|11011001>,40
6,3,|00000111>,10
6,3,|11111111>,32
6,3,|00001001>,10
6,3,|10111001>,29
6,3,|10011000>,17
6,3,|10100011>,21
6,3,|11011100>,39
6,3,|11010011>,40
6,3,|11001110>,48
6,3,|11100110>,34
6,3,|01111101>,14
6,3,|11001000>,31
6,3,|10001100>,16
6,3,|01101011>,7
6,3,|01011101>,2
6,3,|11110111>,36
6,3,|10110100>,31
6,3,|10010111>,13
6,3,|11110101>,26
6,3,|10101010>,17
6,3,|10100101>,21
6,3,|01110000>,14
6,3,|10010010>,23
6,3,|01011100>,3
6,3,|11101001>,41
6,3,|00011010>,7
6,3,|11010000>,38
6,3,|10001000>,13
6,3,|10000111>,13
6,3,|11001101>,32
6,3,|10110010>,22
6,3,|10001001>,21
6,3,|11100101>,42
6,3,|00100101>,2
6,3,|10111100>,19
6,3,|10111011>,30
6,3,|10011011>,33
6,3,|00000000>,13
6,3,|01110011>,10
6,3,|00010100>,4
6,3,|11011110>,28
6,3,|11100000>,31
6,3,|01100100>,6
6,3,|10110110>,29
6,3,|11101000>,29
6,3,|11011111>,37
6,3,|00110000>,1
6,3,|11100100>,43
6,3,|10001010>,23
6,3,|10111111>,40
6,3,|00010101>,6
6,3,|00101101>,2
6,3,|00010000>,4
6,3,|10011001>,22
6,3,|10010011>,12
6,3,|11101011>,42
6,3,|11001010>,40
6,3,|10100110>,22
6,3,|11110010>,32
6,3,|01110101>,10
6,3,|10011110>,24
6,3,|11110110>,32
6,3,|00011011>,6
6,3,|11100011>,38
6,3,|10000000>,15
6,3,|10010110>,20
6,3,|10111110>,22
6,3,|10100111>,20
6,3,|00001110>,5
6,3,|10000101>,8
6,3,|11111010>,27
6,3,|00110100>,1
6,3,|10101011>,20
6,3,|11111001>,39
6,3,|00000010>,7
6,3,|11111110>,41
6,3,|01110111>,6
6,3,|11001100>,32
6,3,|01100000>,2
6,3,|10000010>,16
6,3,|10010101>,17
6,3,|10100000>,22
6,3,|11101111>,39
6,3,|01111001>,4
6,3,|11010010>,35
6,3,|10100100>,30
6,3,|10100010>,18
6,3,|01100110>,6
6,3,|10101001>,23
6,3,|11000001>,25
6,3,|00100010>,1
6,3,|01110110>,9
6,3,|01111000>,10
6,3,|01011010>,4
6,3,|11110100>,35
6,3,|10010001>,18
6,3,|11001011>,36
6,3,|00000011>,8
6,3,|01110100>,8
6,3,|11001001>,26
6,3,|01101101>,7
6,3,|10101111>,21
6,3,|01100101>,5
6,3,|10110000>,22
6,3,|00101011>,1
6,3,|01100011>,6
6,3,|01010000>,1
6,3,|00010010>,3
6,3,|10110001>,20
6,3,|10000100>,10
6,3,|01010011>,4
6,3,|10111010>,25
6,3,|10010000>,13
6,3,|10001101>,12
6,3,|00010110>,4
6,3,|01101100>,4
6,3,|10000001>,7
6,3,|00001011>,2
6,3,|01011011>,2
6,3,|01100111>,6
6,3,|01011111>,4
6,3,|00000100>,7
6,3,|01101010>,6
6,3,|01101000>,5
6,3,|00001000>,7
6,3,|00011001>,6
6,3,|01001101>,2
6,3,|10010100>,13
6,3,|01001110>,1
6,3,|00000101>,6
6,3,|01011001>,1
6,3,|00010011>,3
6,3,|00100110>,3
6,3,|00011110>,2
6,3,|01001100>,2
6,3,|00011101>,3
6,3,|00001100>,5
6,3,|00011000>,3
6,3,|01010111>,2
6,3,|01010101>,2
6,3,|00100000>,2
6,3,|01001111>,3
6,3,|01010010>,4
6,3,|00010001>,4
6,3,|00010111>,3
6,3,|01011000>,2
6,3,|00100011>,1
6,3,|00101010>,2
6,3,|00011111>,3
6,3,|01011110>,3
6,3,|00101110>,1
6,3,|01000010>,1
6,3,|00011100>,1
6,3,|00100001>,2
6,3,|01000011>,1
6,3,|01010110>,2
6,3,|01000100>,1
6,3,|00101000>,2
6,3,|01001010>,1
6,3,|01010100>,1
6,4,|10100101>,27
6,4,|11111101>,46
6,4,|11011100>,33
6,4,|11011010>,46
6,4,|11010010>,36
6,4,|11110110>,34
6,4,|11100110>,38
6,4,|11010000>,30
6,4,|10110101>,24
6,4,|10011010>,26
6,4,|11000111>,34
6,4,|01110111>,14
6,4,|01001101>,3
6,4,|10011110>,31
6,4,|10110110>,21
6,4,|11001100>,39
6,4,|11011110>,30
6,4,|11010011>,34
6,4,|01011111>,6
6,4,|10100011>,24
6,4,|00000001>,8
6,4,|00001101>,7
6,4,|10010101>,18
6,4,|11110111>,28
6,4,|11111111>,24
6,4,|10111111>,20
6,4,|10010010>,24
6,4,|11101110>,27
6,4,|01100000>,5
6,4,|11100000>,35
6,4,|10110000>,31
6,4,|11101111>,44
6,4,|11001101>,37
6,4,|11110000>,39
6,4,|11101101>,31
6,4,|10101000>,21
6,4,|00010100>,7
6,4,|10101011>,25
6,4,|11010100>,21
6,4,|11010111>,21
6,4,|11100001>,33
6,4,|10000000>,16
6,4,|10100100>,19
6,4,|00001010>,7
6,4,|11000000>,37
6,4,|11101000>,39
6,4,|10111010>,23
6,4,|11001011>,31
6,4,|01101000>,4
6,4,|11001001>,48
6,4,|10010110>,17
6,4,|10001111>,17
6,4,|11001010>,40
6,4,|10100010>,24
6,4,|00000100>,7
6,4,|11110101>,28
6,4,|11100101>,43
6,4,|11101100>,47
6,4,|11101011>,30
6,4,|11010110>,33
6,4,|11111001>,47
6,4,|10010111>,18
6,4,|11100011>,33
6,4,|10111110>,33
6,4,|10011111>,18
6,4,|01111011>,11
6,4,|10101110>,33
6,4,|10011100>,24
6,4,|10101100>,32
6,4,|10001010>,17
6,4,|11100111>,35
6,4,|11000101>,24
6,4,|11001000>,35
6,4,|11101010>,34
6,4,|10110111>,21
6,4,|10101001>,25
6,4,|10110010>,35
6,4,|11010101>,39
6,4,|11000110>,29
6,4,|11000010>,33
6,4,|10101101>,24
6,4,|10011101>,20
6,4,|11100100>,42
6,4,|10000110>,19
6,4,|11111010>,34
6,4,|10110100>,21
6,4,|11111100>,51
6,4,|10101111>,35
6,4,|10011011>,28
6,4,|10000010>,12
6,4,|10111101>,24
6,4,|10010001>,17
6,4,|11110011>,32
6,4,|10010011>,16
6,4,|00011111>,3
6,4,|10001001>,16
6,4,|00000010>,13
6,4,|10110011>,23
6,4,|00001001>,11
6,4,|11011101>,33
6,4,|01110010>,8
6,4,|10001100>,22
6,4,|01110000>,14
6,4,|00000011>,9
6,4,|00000101>,9
6,4,|11011000>,38
6,4,|11101001>,34
6,4,|11110010>,31
6,4,|10100001>,22
6,4,|11110100>,41
6,4,|11010001>,30
6,4,|10000001>,9
6,4,|01111001>,9
6,4,|01110001>,4
6,4,|11000100>,31
6,4,|11001110>,29
6,4,|11011001>,38
6,4,|10000101>,19
6,4,|11100010>,34
6,4,|10010100>,12
6,4,|10000100>,13
6,4,|00010000>,8
6,4,|00010001>,6
6,4,|10001011>,15
6,4,|01010101>,4
6,4,|10101010>,25
6,4,|01001001>,2
6,4,|01100100>,6
6,4,|10111011>,30
6,4,|01111110>,13
6,4,|10111000>,27
6,4,|00010101>,5
6,4,|01110011>,7
6,4,|01100101>,4
6,4,|10111100>,29
6,4,|10100000>,27
6,4,|10110001>,27
6,4,|11011111>,29
6,4,|00100011>,3
6,4,|00000000>,6
6,4,|10000111>,17
6,4,|01111000>,14
6,4,|11000011>,17
6,4,|00001100>,5
6,4,|01101011>,6
6,4,|10011001>,18
6,4,|01100011>,8
6,4,|10100110>,20
6,4,|11111000>,27
6,4,|11000001>,31
6,4,|01111111>,14
6,4,|01110110>,14
6,4,|00001111>,12
6,4,|01101111>,11
6,4,|11111011>,37
6,4,|00011010>,5
6,4,|01111101>,8
6,4,|11110001>,29
6,4,|10001101>,15
6,4,|01110100>,6
6,4,|00011001>,4
6,4,|10111001>,28
6,4,|10010000>,17
6,4,|10100111>,21
6,4,|00011110>,3
6,4,|11011011>,36
6,4,|10001110>,15
6,4,|00101000>,3
6,4,|01011000>,4
6,4,|10011000>,15
6,4,|00001110>,11
6,4,|00010111>,5
6,4,|01111100>,12
6,4,|00010011>,5
6,4,|00000110>,9
6,4,|10000011>,17
6,4,|10001000>,10
6,4,|11001111>,36
6,4,|00001011>,8
6,4,|00101011>,2
6,4,|01101001>,6
6,4,|11111110>,29
6,4,|01101010>,6
6,4,|01001110>,2
6,4,|00001000>,6
6,4,|01101100>,4
6,4,|01100001>,4
6,4,|00100000>,3
6,4,|00011011>,5
6,4,|01111010>,5
6,4,|01101110>,5
6,4,|00010110>,5
6,4,|00101010>,2
6,4,|01011001>,1
6,4,|01010110>,2
6,4,|01001111>,1
6,4,|01100110>,4
6,4,|01011010>,5
6,4,|01101101>,5
6,4,|01001100>,1
6,4,|01110101>,7
6,4,|00011101>,4
6,4,|00000111>,5
6,4,|01011110>,3
6,4,|01011100>,3
6,4,|00010010>,6
6,4,|00101111>,1
6,4,|01001010>,1
6,4,|00110000>,1
6,4,|00100010>,1
6,4,|00011000>,2
6,4,|01010100>,2
6,4,|01010000>,2
6,4,|01011011>,2
6,4,|00011100>,1
6,4,|00100110>,2
6,4,|01100111>,1
6,4,|00101001>,1
6,4,|00100001>,1
6,4,|01010011>,1
6,4,|01011101>,1
6,4,|01010010>,1
6,5,|11110000>,37
6,5,|11000001>,37
6,5,|11110011>,36
6,5,|10100011>,30
6,5,|00011111>,3
6,5,|10011011>,21
6,5,|10100101>,29
6,5,|11000110>,41
6,5,|10101101>,31
6,5,|10110010>,25
6,5,|00001001>,8
6,5,|10010000>,18
6,5,|11011101>,31
6,5,|11010001>,30
6,5,|01111001>,8
6,5,|10111110>,25
6,5,|11011110>,29
6,5,|01110101>,15
6,5,|11011001>,28
6,5,|11101111>,43
6,5,|11111000>,29
6,5,|11010110>,38
6,5,|01100100>,4
6,5,|11110101>,35
6,5,|10101001>,21
6,5,|11101101>,31
6,5,|11010010>,45
6,5,|11100110>,29
6,5,|10100111>,24
6,5,|10000011>,10
6,5,|10110110>,29
6,5,|10001100>,19
6,5,|10011100>,21
6,5,|10101110>,27
6,5,|11101011>,45
6,5,|10111001>,35
6,5,|10001111>,17
6,5,|11100101>,43
6,5,|10110011>,30
6,5,|10111010>,29
6,5,|01101000>,4
6,5,|11011000>,41
6,5,|10011000>,23
6,5,|11100010>,43
6,5,|10000001>,12
6,5,|11110100>,33
6,5,|11101000>,31
6,5,|11000111>,38
6,5,|10101011>,32
6,5,|10001101>,13
6,5,|01100110>,5
6,5,|10100100>,30
6,5,|11100100>,38
6,5,|11101010>,42
6,5,|10010110>,20
6,5,|11100111>,30
6,5,|11110001>,39
6,5,|11111010>,36
6,5,|01010010>,2
6,5,|11100001>,25
6,5,|01111000>,6
6,5,|10100110>,19
6,5,|11011111>,34
6,5,|11111001>,37
6,5,|10100010>,23
6,5,|01110110>,10
6,5,|11010000>,41
6,5,|10100001>,26
6,5,|11010101>,28
6,5,|10110111>,35
6,5,|01110010>,6
6,5,|11110110>,50
6,5,|10111100>,36
6,5,|11101001>,42
6,5,|00011101>,3
6,5,|10010101>,20
6,5,|01110001>,12
6,5,|10101010>,21
6,5,|11101110>,47
6,5,|00001110>,8
6,5,|01101111>,4
6,5,|10111101>,20
6,5,|11100011>,42
6,5,|11100000>,41
6,5,|10010100>,16
6,5,|10111000>,25
6,5,|10110100>,36
6,5,|11000100>,27
6,5,|11111111>,35
6,5,|11110010>,33
6,5,|11001110>,34
6,5,|11001111>,24
6,5,|10111111>,27
6,5,|00000111>,6
6,5,|10101000>,26
6,5,|11001101>,37
6,5,|11000000>,36
6,5,|11101100>,38
6,5,|11001100>,42
6,5,|10101111>,23
6,5,|10110101>,25
6,5,|00010011>,8
6,5,|11001001>,29
6,5,|11001000>,34
6,5,|00000011>,7
6,5,|10000000>,16
6,5,|11111101>,33
6,5,|11000011>,37
6,5,|11011010>,34
6,5,|01011110>,7
6,5,|00010010>,6
6,5,|00000000>,7
6,5,|11011100>,32
6,5,|11010011>,34
6,5,|11111100>,38
6,5,|10110000>,26
6,5,|00000101>,7
6,5,|11111110>,32
6,5,|10100000>,15
6,5,|10001011>,11
6,5,|11010100>,38
6,5,|10010111>,15
6,5,|01101001>,5
6,5,|11001010>,30
6,5,|10110001>,24
6,5,|10010010>,16
6,5,|10000010>,16
6,5,|11000010>,29
6,5,|10010011>,14
6,5,|10001001>,12
6,5,|11000101>,36
6,5,|00000100>,9
6,5,|11001011>,22
6,5,|01101010>,5
6,5,|01101100>,11
6,5,|10000110>,12
6,5,|10000100>,11
6,5,|00000110>,10
6,5,|10111011>,20
6,5,|00010111>,7
6,5,|01111111>,13
6,5,|00010110>,7
6,5,|11010111>,31
6,5,|10001110>,20
6,5,|10011110>,25
6,5,|00000010>,16
6,5,|01111101>,8
6,5,|11011011>,39
6,5,|10011010>,21
6,5,|01110011>,7
6,5,|00001010>,7
6,5,|10011111>,20
6,5,|01100101>,7
6,5,|10001010>,7
6,5,|01101110>,8
6,5,|10000101>,15
6,5,|11110111>,29
6,5,|11111011>,39
6,5,|10101100>,22
6,5,|00101010>,1
6,5,|00010100>,6
6,5,|00001000>,4
6,5,|00011100>,5
6,5,|10000111>,12
6,5,|01001101>,1
6,5,|10011001>,16
6,5,|00000001>,12
6,5,|01010101>,3
6,5,|00010000>,3
6,5,|00001100>,6
6,5,|10010001>,15
6,5,|00011110>,4
6,5,|00011001>,4
6,5,|00001101>,6
6,5,|00010101>,8
6,5,|00100100>,1
6,5,|01111010>,8
6,5,|10001000>,15
6,5,|01111011>,5
6,5,|01011001>,2
6,5,|00110010>,1
6,5,|10011101>,20
6,5,|01100011>,3
6,5,|01111110>,9
6,5,|01110111>,8
6,5,|00011000>,5
6,5,|00001111>,8
6,5,|01101011>,4
6,5,|00010001>,3
6,5,|01111100>,8
6,5,|01011101>,1
6,5,|01010110>,2
6,5,|01100111>,3
6,5,|01110100>,7
6,5,|01011100>,3
6,5,|01010111>,3
6,5,|00001011>,4
6,5,|00100110>,5
6,5,|01110000>,7
6,5,|00101100>,1
6,5,|00101111>,1
6,5,|01100001>,3
6,5,|01101101>,2
6,5,|01011111>,4
6,5,|01010100>,2
6,5,|01100000>,1
6,5,|01000100>,1
6,5,|01010001>,1
6,5,|00100011>,1
6,5,|00011010>,3
6,5,|01011010>,1
6,5,|00100010>,3
6,5,|00101000>,1
6,5,|01001100>,1
6,5,|01001010>,1
6,5,|01011000>,1
6,5,|01011011>,3
6,5,|00011011>,1
6,5,|00101001>,1
6,5,|00100101>,1
6,5,|01010000>,1
6,6,|11100001>,46
6,6,|10101111>,21
6,6,|11010011>,38
6,6,|10110110>,39
6,6,|11011011>,39
6,6,|11110110>,45
6,6,|10001110>,16
6,6,|11110100>,45
6,6,|11010010>,27
6,6,|11100100>,51
6,6,|01110111>,6
6,6,|10110011>,29
6,6,|10100010>,26
6,6,|11000110>,27
6,6,|10111011>,26
6,6,|01110001>,8
6,6,|10011100>,24
6,6,|10011010>,25
6,6,|11101000>,37
6,6,|01100101>,4
6,6,|10010110>,17
6,6,|11000100>,40
6,6,|10111100>,36
6,6,|11110010>,34
6,6,|11100101>,33
6,6,|11110011>,45
6,6,|11011110>,39
6,6,|10100011>,23
6,6,|00011101>,4
6,6,|11101110>,44
6,6,|11001110>,38
6,6,|11101001>,43
6,6,|10011000>,25
6,6,|10101100>,29
6,6,|11001001>,32
6,6,|11000001>,33
6,6,|11001010>,29
6,6,|11011000>,38
6,6,|11100000>,31
6,6,|10011101>,26
6,6,|00001000>,12
6,6,|11110111>,35
6,6,|11000000>,41
6,6,|11111100>,32
6,6,|10011110>,26
6,6,|11010100>,39
6,6,|11011010>,43
6,6,|11111001>,33
6,6,|11101010>,38
6,6,|11110101>,36
6,6,|11100010>,37
6,6,|00101001>,1
6,6,|11100110>,27
6,6,|11001101>,37
6,6,|01101011>,7
6,6,|11100011>,30
6,6,|11111101>,29
6,6,|00010110>,3
6,6,|11111000>,39
6,6,|10101011>,27
6,6,|11111110>,33
6,6,|10001101>,11
6,6,|11000101>,24
6,6,|10001010>,22
6,6,|10010001>,15
6,6,|10011001>,17
6,6,|10111111>,34
6,6,|10001001>,11
6,6,|10100111>,20
6,6,|01111010>,8
6,6,|01111101>,10
6,6,|10101001>,27
6,6,|10100000>,19
6,6,|10110000>,17
6,6,|10100001>,28
6,6,|10110111>,34
6,6,|10111001>,35
6,6,|11010101>,34
6,6,|10110001>,25
6,6,|10000111>,20
6,6,|11011101>,40
6,6,|11010110>,37
6,6,|11101111>,30
6,6,|11011111>,31
6,6,|11111011>,33
6,6,|10101101>,27
6,6,|10000100>,11
6,6,|01100110>,7
6,6,|10000110>,11
6,6,|10101000>,20
6,6,|11110000>,44
6,6,|10010100>,16
6,6,|11001111>,27
6,6,|11011001>,38
6,6,|10111010>,26
6,6,|10100101>,14
6,6,|11000111>,25
6,6,|10110010>,34
6,6,|11111111>,45
6,6,|11000011>,29
6,6,|11101100>,26
6,6,|10111000>,34
6,6,|10000011>,15
6,6,|01110101>,13
6,6,|00000011>,9
6,6,|11100111>,37
6,6,|11001011>,28
6,6,|11000010>,33
6,6,|00000100>,13
6,6,|00011100>,6
6,6,|10001011>,16
6,6,|11111010>,37
6,6,|00010111>,4
6,6,|01111100>,11
6,6,|10110101>,29
6,6,|10010010>,14
6,6,|01011110>,1
6,6,|11010111>,34
6,6,|11010001>,26
6,6,|01011000>,7
6,6,|01101101>,5
6,6,|10111110>,38
6,6,|11110001>,36
6,6,|10011011>,21
6,6,|10011111>,19
6,6,|10101010>,25
6,6,|00011000>,3
6,6,|11001100>,32
6,6,|10101110>,29
6,6,|10001000>,11
6,6,|10010111>,16
6,6,|00000110>,13
6,6,|10010000>,14
6,6,|01011111>,4
6,6,|01100001>,8
6,6,|00001011>,6
6,6,|01100010>,4
6,6,|11101101>,37
6,6,|01111011>,10
6,6,|01100100>,5
6,6,|11001000>,36
6,6,|00001100>,9
6,6,|10000010>,9
6,6,|01101110>,9
6,6,|10001111>,21
6,6,|11010000>,23
6,6,|11101011>,42
6,6,|10010011>,17
6,6,|10000101>,11
6,6,|00101010>,1
6,6,|00000001>,9
6,6,|01101010>,10
6,6,|01110011>,7
6,6,|01100011>,6
6,6,|10100110>,19
6,6,|10000000>,10
6,6,|01100111>,7
6,6,|10010101>,15
6,6,|01111001>,7
6,6,|10110100>,20
6,6,|01110110>,8
6,6,|00000101>,12
6,6,|10100100>,18
6,6,|00011110>,2
6,6,|11011100>,29
6,6,|10111101>,21
6,6,|00011010>,3
6,6,|00001001>,7
6,6,|00100001>,4
6,6,|00001010>,6
6,6,|01010011>,2
6,6,|01110010>,8
6,6,|00011011>,2
6,6,|01111111>,9
6,6,|00010101>,4
6,6,|00000000>,9
6,6,|00001111>,4
6,6,|00110110>,1
6,6,|01110000>,4
6,6,|00000111>,3
6,6,|00001101>,3
6,6,|00000010>,7
6,6,|01101000>,3
6,6,|01011101>,3
6,6,|00011111>,1
6,6,|10001100>,13
6,6,|01111000>,11
6,6,|01110100>,6
6,6,|00010010>,2
6,6,|01010110>,4
6,6,|01011011>,5
6,6,|10000001>,10
6,6,|01101100>,10
6,6,|01000010>,1
6,6,|01010010>,1
6,6,|01010100>,4
6,6,|01100000>,3
6,6,|00010000>,3
6,6,|01101111>,6
6,6,|01000100>,1
6,6,|01111110>,9
6,6,|00010100>,1
6,6,|01011001>,1
6,6,|00100110>,4
6,6,|00011001>,5
6,6,|01011100>,3
6,6,|00010001>,3
6,6,|01001111>,1
6,6,|00100010>,1
6,6,|01011010>,2
6,6,|01101001>,4
6,6,|00101000>,1
6,6,|00100101>,2
6,6,|00001110>,2
6,6,|00100100>,1
6,6,|01010111>,2
6,6,|01010101>,1
6,6,|01010000>,1
6,6,|01010001>,1
6,6,|00100000>,1
6,6,|00110101>,1
6,7,|10100101>,25
6,7,|11001010>,44
6,7,|11100100>,42
6,7,|11001110>,48
6,7,|10101001>,32
6,7,|11011010>,43
6,7,|11000111>,38
6,7,|10011111>,25
6,7,|10001110>,16
6,7,|10100100>,34
6,7,|10101000>,25
6,7,|11110100>,34
6,7,|11011100>,28
6,7,|11111101>,39
6,7,|11010000>,31
6,7,|00001110>,5
6,7,|01111001>,11
6,7,|10011011>,14
6,7,|10101011>,28
6,7,|11101100>,31
6,7,|10010010>,15
6,7,|10110101>,25
6,7,|11100011>,43
6,7,|10101111>,28
6,7,|11110010>,36
6,7,|01110111>,12
6,7,|00011011>,4
6,7,|01111111>,17
6,7,|11010100>,33
6,7,|01111000>,7
6,7,|00010001>,10
6,7,|10001001>,19
6,7,|11001011>,41
6,7,|01101010>,6
6,7,|11011111>,38
6,7,|10010110>,27
6,7,|10001000>,18
6,7,|10111000>,40
6,7,|11000011>,27
6,7,|11010111>,36
6,7,|10001111>,12
6,7,|10011101>,26
6,7,|11000000>,21
6,7,|11110011>,41
6,7,|11101000>,40
6,7,|10100110>,27
6,7,|11111011>,43
6,7,|10111101>,32
6,7,|10001010>,17
6,7,|11110110>,43
6,7,|11101010>,46
6,7,|11011001>,34
6,7,|11011000>,30
6,7,|10101101>,34
6,7,|10000011>,12
6,7,|11111110>,23
6,7,|11000001>,29
6,7,|10000101>,10
6,7,|10101110>,25
6,7,|10010100>,16
6,7,|11100001>,35
6,7,|11110001>,29
6,7,|01100010>,3
6,7,|11001001>,36
6,7,|11111111>,34
6,7,|11010001>,44
6,7,|10111111>,33
6,7,|11110000>,43
6,7,|10111010>,31
6,7,|11011101>,32
6,7,|10100010>,23
6,7,|10110011>,27
6,7,|00001000>,6
6,7,|11010110>,41
6,7,|11101011>,52
6,7,|11001000>,22
6,7,|11010101>,24
6,7,|11000110>,29
6,7,|01011011>,7
6,7,|11101110>,32
6,7,|01111100>,7
6,7,|11001100>,33
6,7,|00010110>,4
6,7,|10100001>,23
6,7,|00011110>,4
6,7,|11111000>,28
6,7,|11100000>,33
6,7,|00001001>,9
6,7,|11100101>,25
6,7,|10111110>,32
6,7,|10000000>,14
6,7,|11101101>,35
6,7,|11100111>,28
6,7,|11101111>,26
6,7,|10011001>,20
6,7,|10010000>,13
6,7,|10110100>,31
6,7,|10011100>,27
6,7,|11101001>,33
6,7,|11011011>,31
6,7,|10101010>,19
6,7,|10110001>,25
6,7,|00000110>,7
6,7,|00011100>,4
6,7,|10011110>,23
6,7,|11000010>,33
6,7,|01110010>,10
6,7,|11010010>,31
6,7,|10011000>,16
6,7,|11111100>,30
6,7,|10110111>,29
6,7,|10111011>,32
6,7,|11100110>,30
6,7,|00010111>,6
6,7,|10010101>,15
6,7,|10000001>,10
6,7,|10000111>,9
6,7,|00100011>,3
6,7,|11010011>,34
6,7,|10110000>,24
6,7,|01101101>,7
6,7,|11001101>,37
6,7,|11001111>,36
6,7,|11000101>,34
6,7,|10100000>,18
6,7,|11111001>,29
6,7,|10111001>,31
6,7,|00011101>,5
6,7,|00000111>,9
6,7,|11111010>,35
6,7,|01101000>,9
6,7,|11110111>,33
6,7,|11000100>,23
6,7,|01100001>,3
6,7,|10100011>,23
6,7,|00001010>,7
6,7,|01110011>,9
6,7,|00100111>,1
6,7,|11011110>,55
6,7,|01111110>,17
6,7,|10001101>,14
6,7,|01110001>,5
6,7,|10111100>,22
6,7,|10001100>,16
6,7,|01101011>,7
6,7,|01110110>,11
6,7,|11110101>,43
6,7,|01100111>,4
6,7,|10101100>,22
6,7,|01011100>,6
6,7,|10001011>,14
6,7,|10110110>,32
6,7,|10110010>,18
6,7,|00010101>,5
6,7,|01110101>,11
6,7,|00001101>,5
6,7,|10100111>,27
6,7,|00000011>,8
6,7,|11100010>,32
6,7,|10010011>,16
6,7,|10000010>,9
6,7,|00011001>,10
6,7,|10010001>,20
6,7,|00001111>,5
6,7,|01011111>,6
6,7,|10000100>,10
6,7,|00000010>,8
6,7,|10011010>,14
6,7,|01001011>,1
6,7,|01101001>,6
6,7,|00010100>,3
6,7,|01100110>,10
6,7,|01111010>,7
6,7,|01111101>,4
6,7,|01110000>,5
6,7,|10010111>,12
6,7,|00000100>,9
6,7,|00100000>,2
6,7,|00000001>,8
6,7,|01010000>,2
6,7,|00011000>,6
6,7,|01011010>,4
6,7,|10000110>,15
6,7,|01101100>,2
6,7,|00010000>,8
6,7,|00000000>,9
6,7,|00001100>,5
6,7,|00011010>,5
6,7,|00101111>,2
6,7,|01011001>,1
6,7,|01101110>,5
6,7,|01011110>,3
6,7,|00000101>,12
6,7,|01100101>,3
6,7,|01111011>,9
6,7,|01010101>,2
6,7,|01101111>,5
6,7,|01010110>,2
6,7,|00001011>,3
6,7,|00100110>,3
6,7,|01010011>,3
6,7,|00010011>,1
6,7,|01011101>,3
6,7,|01001110>,1
6,7,|00110100>,1
6,7,|00011111>,2
6,7,|01110100>,5
6,7,|00101100>,1
6,7,|01100000>,2
6,7,|01100100>,2
6,7,|00100001>,2
6,7,|01001100>,1
6,7,|01001101>,1
6,7,|00010010>,3
6,7,|01010111>,1
6,7,|00100010>,1
6,7,|01010100>,2
6,7,|01001111>,1
6,7,|01001010>,1
6,7,|01001001>,1
6,7,|01000100>,1
6,7,|01100011>,1
6,8,|10111101>,32
6,8,|11110011>,40
6,8,|10111100>,26
6,8,|10000100>,16
6,8,|00000110>,5
6,8,|11101010>,38
6,8,|11110100>,36
6,8,|01000111>,1
6,8,|11011000>,23
6,8,|10011001>,17
6,8,|11001111>,34
6,8,|11011011>,37
6,8,|10110110>,36
6,8,|10000010>,8
6,8,|11000110>,30
6,8,|11111110>,31
6,8,|01110000>,17
6,8,|10001110>,24
6,8,|11111010>,55
6,8,|01111110>,11
6,8,|10110100>,38
6,8,|10001011>,20
6,8,|10001111>,20
6,8,|10011101>,31
6,8,|11100100>,51
6,8,|10111010>,29
6,8,|10100111>,24
6,8,|10100010>,23
6,8,|10011110>,35
6,8,|11100010>,35
6,8,|11011001>,38
6,8,|10110111>,25
6,8,|10100011>,21
6,8,|11001010>,28
6,8,|11111101>,38
6,8,|11010110>,36
6,8,|11010001>,43
6,8,|01111001>,11
6,8,|11010000>,42
6,8,|11000101>,28
6,8,|11011111>,32
6,8,|10010101>,20
6,8,|11000010>,27
6,8,|11001000>,33
6,8,|11110010>,39
6,8,|10101001>,25
6,8,|11001011>,33
6,8,|10110001>,24
6,8,|10100110>,30
6,8,|10011100>,25
6,8,|11010111>,34
6,8,|10010110>,16
6,8,|11111011>,36
6,8,|11010010>,33
6,8,|11100001>,38
6,8,|11111100>,34
6,8,|01011100>,5
6,8,|10101110>,25
6,8,|10101111>,27
6,8,|11100000>,39
6,8,|11110101>,35
6,8,|11100110>,40
6,8,|10101011>,30
6,8,|11101101>,31
6,8,|11011010>,32
6,8,|10001100>,14
6,8,|11101111>,39
6,8,|11011110>,54
6,8,|11101110>,32
6,8,|10110000>,30
6,8,|10001010>,22
6,8,|10000111>,17
6,8,|10011010>,17
6,8,|01101110>,12
6,8,|11101001>,32
6,8,|10000011>,17
6,8,|10010001>,17
6,8,|11110111>,43
6,8,|11110001>,38
6,8,|11110000>,37
6,8,|11011100>,40
6,8,|11100101>,28
6,8,|11101100>,39
6,8,|10110010>,33
6,8,|01111111>,13
6,8,|10011111>,17
6,8,|01110010>,12
6,8,|10000110>,18
6,8,|01011010>,5
6,8,|10000101>,10
6,8,|10010111>,14
6,8,|00000001>,9
6,8,|11001001>,34
6,8,|11000011>,30
6,8,|11111001>,34
6,8,|11101011>,34
6,8,|10111001>,31
6,8,|10100101>,16
6,8,|01111010>,13
6,8,|11000111>,28
6,8,|00001010>,5
6,8,|01111000>,12
6,8,|11111000>,34
6,8,|11010011>,30
6,8,|11101000>,40
6,8,|11111111>,29
6,8,|00011011>,8
6,8,|00000010>,11
6,8,|11001100>,31
6,8,|10101010>,19
6,8,|10101101>,16
6,8,|00010001>,6
6,8,|01111011>,13
6,8,|11010100>,28
6,8,|10100100>,23
6,8,|11110110>,35
6,8,|10011011>,22
6,8,|10010010>,15
6,8,|01111101>,14
6,8,|01110111>,6
6,8,|11100011>,28
6,8,|10010100>,16
6,8,|00000101>,9
6,8,|10111000>,23
6,8,|10011000>,19
6,8,|11001101>,32
6,8,|10010011>,21
6,8,|11000001>,28
6,8,|11100111>,34
6,8,|00011110>,3
6,8,|11001110>,36
6,8,|01011001>,2
6,8,|11000100>,30
6,8,|00001000>,8
6,8,|10001101>,11
6,8,|10111110>,28
6,8,|11000000>,29
6,8,|11010101>,31
6,8,|01110101>,10
6,8,|10101000>,17
6,8,|01110001>,6
6,8,|01100110>,4
6,8,|00000011>,7
6,8,|10101100>,33
6,8,|10110101>,27
6,8,|00010110>,2
6,8,|10110011>,20
6,8,|10111111>,30
6,8,|00100100>,3
6,8,|10100000>,22
6,8,|01111100>,9
6,8,|01100001>,3
6,8,|00000111>,7
6,8,|00101000>,1
6,8,|00000000>,6
6,8,|00010010>,5
6,8,|00011010>,4
6,8,|10000000>,15
6,8,|10001001>,20
6,8,|10001000>,12
6,8,|01011011>,3
6,8,|00101111>,1
6,8,|01110110>,8
6,8,|10010000>,14
6,8,|11011101>,43
6,8,|01011110>,4
6,8,|00011000>,5
6,8,|00001001>,6
6,8,|01100100>,4
6,8,|00100010>,2
6,8,|01001111>,2
6,8,|10111011>,22
6,8,|00011001>,4
6,8,|01110100>,5
6,8,|00011111>,2
6,8,|01101100>,4
6,8,|00001111>,5
6,8,|10100001>,19
6,8,|01100111>,4
6,8,|00001101>,5
6,8,|01100011>,3
6,8,|00010011>,9
6,8,|01101000>,4
6,8,|00000100>,7
6,8,|01101101>,8
6,8,|01101001>,4
6,8,|00101011>,1
6,8,|00010100>,5
6,8,|01100010>,4
6,8,|01110011>,4
6,8,|01100101>,3
6,8,|00011100>,2
6,8,|10000001>,7
6,8,|00010000>,4
6,8,|00101101>,1
6,8,|00100011>,2
6,8,|00001110>,5
6,8,|00001100>,5
6,8,|01101010>,8
6,8,|01011101>,1
6,8,|00001011>,5
6,8,|00101010>,2
6,8,|00010101>,2
6,8,|01010010>,2
6,8,|01100000>,4
6,8,|01010111>,2
6,8,|00100111>,2
6,8,|00011101>,3
6,8,|00010111>,6
6,8,|01101011>,5
6,8,|01010110>,1
6,8,|00110111>,1
6,8,|00100001>,2
6,8,|01010101>,1
6,8,|01101111>,2
6,8,|01010001>,1
6,8,|01011111>,1
6,8,|01011000>,1
6,8,|00100101>,1
6,9,|11000111>,29
6,9,|11100011>,43
6,9,|11100111>,46
6,9,|11111010>,45
6,9,|10011111>,30
6,9,|10110101>,33
6,9,|10001011>,18
6,9,|10010001>,17
6,9,|11100001>,29
6,9,|00010000>,3
6,9,|01101100>,8
6,9,|10110000>,27
6,9,|11010110>,37
6,9,|11101010>,44
6,9,|10011110>,19
6,9,|11011010>,36
6,9,|11011000>,34
6,9,|11100000>,28
6,9,|11101011>,42
6,9,|10011101>,17
6,9,|10010100>,14
6,9,|10010101>,16
6,9,|00000111>,9
6,9,|11100010>,31
6,9,|10101110>,34
6,9,|11111101>,31
6,9,|10010010>,23
6,9,|10101111>,24
6,9,|10000010>,10
6,9,|11001111>,42
6,9,|10011001>,36
6,9,|00001010>,9
6,9,|10110011>,33
6,9,|10001010>,11
6,9,|11010001>,43
6,9,|11001001>,26
6,9,|11110001>,54
6,9,|11000110>,31
6,9,|11001010>,22
6,9,|01001110>,2
6,9,|11110100>,32
6,9,|00000010>,6
6,9,|11011101>,30
6,9,|10110100>,23
6,9,|11111011>,40
6,9,|11101100>,34
6,9,|10111111>,33
6,9,|11011111>,34
6,9,|11011001>,35
6,9,|10110001>,24
6,9,|10000011>,7
6,9,|11011110>,29
6,9,|10110111>,37
6,9,|10101011>,25
6,9,|11010011>,26
6,9,|11010000>,37
6,9,|11111000>,45
6,9,|01100110>,5
6,9,|11000100>,29
6,9,|11011100>,37
6,9,|10111101>,35
6,9,|10000001>,14
6,9,|10101010>,21
6,9,|11110111>,41
6,9,|11001101>,32
6,9,|10101001>,24
6,9,|10101101>,27
6,9,|01101110>,11
6,9,|11000000>,23
6,9,|10100001>,20
6,9,|11000011>,25
6,9,|10111001>,18
6,9,|11001110>,35
6,9,|10111110>,26
6,9,|00101001>,2
6,9,|11110011>,50
6,9,|01111010>,10
6,9,|11001100>,31
6,9,|11110000>,38
6,9,|10011100>,22
6,9,|10110010>,21
6,9,|10001000>,16
6,9,|10001101>,18
6,9,|11111111>,30
6,9,|10100111>,26
6,9,|11010111>,34
6,9,|11101110>,39
6,9,|10011010>,22
6,9,|11101111>,31
6,9,|11100100>,31
6,9,|11101101>,39
6,9,|11111001>,33
6,9,|11000101>,37
6,9,|00010101>,8
6,9,|10010111>,24
6,9,|01101010>,6
6,9,|10001110>,25
6,9,|11000001>,29
6,9,|11111110>,38
6,9,|10001100>,16
6,9,|10101000>,22
6,9,|11110110>,36
6,9,|11100110>,35
6,9,|00001100>,7
6,9,|11110010>,37
6,9,|10100101>,23
6,9,|00011011>,4
6,9,|10010011>,16
6,9,|10010000>,19
6,9,|11010010>,24
6,9,|00001000>,12
6,9,|11111100>,42
6,9,|11001000>,38
6,9,|11100101>,37
6,9,|10100010>,31
6,9,|10111010>,38
6,9,|01111101>,9
6,9,|00000100>,12
6,9,|10001111>,20
6,9,|10111011>,15
6,9,|11001011>,32
6,9,|10110110>,27
6,9,|00011001>,3
6,9,|10000110>,20
6,9,|10100011>,24
6,9,|11000010>,40
6,9,|01101101>,4
6,9,|10111100>,32
6,9,|01001000>,2
6,9,|00010001>,2
6,9,|01111001>,6
6,9,|11110101>,31
6,9,|11011011>,42
6,9,|01010011>,4
6,9,|10000100>,14
6,9,|00010011>,7
6,9,|01100011>,9
6,9,|10101100>,22
6,9,|00000000>,16
6,9,|01110010>,5
6,9,|10010110>,19
6,9,|01110111>,6
6,9,|01101001>,6
6,9,|01111000>,7
6,9,|00011111>,2
6,9,|01110101>,8
6,9,|01010100>,4
6,9,|01011001>,2
6,9,|10001001>,15
6,9,|01100001>,3
6,9,|10000000>,11
6,9,|10111000>,25
6,9,|01110110>,8
6,9,|00100010>,4
6,9,|10000101>,17
6,9,|11010100>,30
6,9,|00011000>,5
6,9,|10011000>,21
6,9,|01010101>,3
6,9,|00001111>,10
6,9,|10100110>,15
6,9,|00000101>,11
6,9,|11101000>,33
6,9,|01001010>,1
6,9,|11010101>,36
6,9,|01110011>,8
6,9,|01110001>,10
6,9,|01001101>,1
6,9,|01001111>,3
6,9,|10000111>,16
6,9,|01011100>,4
6,9,|00001001>,5
6,9,|01110100>,10
6,9,|01010000>,1
6,9,|01111110>,8
6,9,|00000011>,6
6,9,|01111011>,6
6,9,|11101001>,35
6,9,|01010111>,4
6,9,|01111111>,10
6,9,|01110000>,7
6,9,|00001101>,4
6,9,|00010100>,2
6,9,|01011101>,3
6,9,|10011011>,18
6,9,|10100000>,11
6,9,|00011110>,3
6,9,|00000001>,7
6,9,|01101111>,3
6,9,|00000110>,6
6,9,|10100100>,20
6,9,|01100101>,3
6,9,|00100111>,1
6,9,|00100101>,2
6,9,|00101010>,1
6,9,|00011010>,3
6,9,|01000111>,2
6,9,|00001011>,7
6,9,|00010010>,4
6,9,|01111100>,12
6,9,|00101101>,1
6,9,|00100011>,1
6,9,|01011111>,3
6,9,|01101011>,3
6,9,|00010110>,4
6,9,|00010111>,3
6,9,|00100100>,2
6,9,|01010110>,2
6,9,|01010010>,1
6,9,|01001100>,1
6,9,|00100110>,1
6,9,|00100001>,2
6,9,|00110000>,1
6,9,|00111111>,1
6,9,|00011100>,1
6,9,|00110110>,1
6,9,|01011110>,2
6,9,|01000100>,1
6,9,|00001110>,2
6,9,|01100111>,2
6,9,|00011101>,3
6,9,|00101100>,1
6,9,|01011010>,1
6,9,|00101111>,1
6,9,|01101000>,3
6,9,|01100000>,1
6,9,|01100100>,1
6,9,|01100010>,1
6,10,|01101010>,5
6,10,|11101100>,40
6,10,|10110100>,29
6,10,|11101011>,41
6,10,|11111110>,33
6,10,|10100011>,17
6,10,|10011001>,15
6,10,|11000110>,27
6,10,|01010101>,2
6,10,|11100110>,37
6,10,|01110111>,8
6,10,|11000111>,36
6,10,|10100001>,20
6,10,|00000111>,2
6,10,|10010001>,26
6,10,|10110111>,27
6,10,|11111100>,50
6,10,|11011110>,46
6,10,|11111001>,33
6,10,|10011111>,18
6,10,|11000000>,28
6,10,|11111011>,37
6,10,|10100000>,28
6,10,|11111010>,34
6,10,|11011101>,45
6,10,|10101011>,18
6,10,|11010101>,46
6,10,|11100010>,42
6,10,|11101110>,46
6,10,|11110110>,35
6,10,|10111011>,23
6,10,|11001001>,33
6,10,|10101000>,24
6,10,|11101001>,28
6,10,|10101100>,26
6,10,|10001100>,21
6,10,|11110100>,35
6,10,|11100001>,26
6,10,|11010001>,36
6,10,|11000011>,26
6,10,|11110011>,35
6,10,|11000101>,37
6,10,|11001101>,35
6,10,|01001101>,2
6,10,|11010100>,40
6,10,|10101110>,26
6,10,|10001111>,13
6,10,|11001111>,34
6,10,|11100111>,31
6,10,|11011100>,29
6,10,|11110101>,50
6,10,|10010000>,19
6,10,|11010010>,36
6,10,|11100000>,38
6,10,|11101010>,40
6,10,|00000100>,8
6,10,|11001000>,33
6,10,|11101101>,34
6,10,|10011110>,23
6,10,|11001100>,37
6,10,|10111101>,26
6,10,|10101101>,29
6,10,|11100101>,44
6,10,|11011001>,27
6,10,|10101010>,23
6,10,|01110100>,8
6,10,|10100010>,24
6,10,|11110001>,27
6,10,|10110101>,31
6,10,|10000101>,11
6,10,|11110000>,37
6,10,|11010111>,38
6,10,|11111101>,50
6,10,|01101111>,5
6,10,|11011010>,28
6,10,|11100011>,35
6,10,|11001010>,26
6,10,|10111001>,21
6,10,|00100000>,2
6,10,|10000111>,15
6,10,|10011100>,21
6,10,|00001100>,6
6,10,|10111111>,34
6,10,|01011101>,5
6,10,|01011001>,4
6,10,|10001011>,11
6,10,|10000011>,23
6,10,|00000101>,15
6,10,|11100100>,33
6,10,|00001011>,9
6,10,|10110110>,31
6,10,|10000100>,15
6,10,|11011000>,31
6,10,|11101000>,41
6,10,|11000100>,32
6,10,|01010011>,2
6,10,|10011101>,18
6,10,|10001000>,15
6,10,|10111110>,30
6,10,|11101111>,39
6,10,|11000001>,26
6,10,|00000000>,7
6,10,|00010001>,5
6,10,|11010110>,38
6,10,|01111000>,5
6,10,|10000110>,12
6,10,|10100111>,23
6,10,|10110010>,36
6,10,|10011010>,19
6,10,|11001011>,34
6,10,|01111010>,11
6,10,|00001001>,9
6,10,|01011010>,6
6,10,|10111100>,33
6,10,|11001110>,30
6,10,|00000110>,11
6,10,|10100100>,20
6,10,|10001010>,20
6,10,|00101000>,3
6,10,|01100101>,8
6,10,|11111000>,38
6,10,|10101111>,33
6,10,|01111110>,10
6,10,|00010101>,12
6,10,|01111011>,13
6,10,|01100010>,6
6,10,|10111010>,27
6,10,|10110011>,20
6,10,|11110010>,36
6,10,|10010011>,18
6,10,|10001110>,17
6,10,|10111000>,33
6,10,|10010101>,16
6,10,|10110000>,27
6,10,|10011011>,24
6,10,|10010100>,19
6,10,|11110111>,38
6,10,|10010110>,17
6,10,|11000010>,37
6,10,|01011100>,3
6,10,|01111001>,8
6,10,|00000011>,5
6,10,|11011111>,29
6,10,|10001001>,14
6,10,|11010011>,30
6,10,|01110001>,4
6,10,|10101001>,27
6,10,|00110010>,1
6,10,|11111111>,35
6,10,|10110001>,22
6,10,|10000000>,9
6,10,|00010000>,11
6,10,|11011011>,30
6,10,|01010100>,1
6,10,|11010000>,32
6,10,|10000010>,10
6,10,|00000010>,7
6,10,|10100110>,17
6,10,|01111111>,9
6,10,|10001101>,23
6,10,|10011000>,18
6,10,|01101011>,7
6,10,|10010010>,8
6,10,|01110110>,10
6,10,|00001000>,10
6,10,|01101101>,4
6,10,|01100110>,4
6,10,|01101100>,4
6,10,|01110011>,10
6,10,|00000001>,7
6,10,|10010111>,16
6,10,|00001010>,6
6,10,|01100001>,2
6,10,|10100101>,23
6,10,|01011110>,2
6,10,|00001111>,7
6,10,|00001110>,3
6,10,|01010111>,2
6,10,|01010110>,3
6,10,|00110100>,1
6,10,|00011011>,3
6,10,|00010010>,6
6,10,|01110010>,4
6,10,|01100000>,2
6,10,|01101110>,5
6,10,|01010001>,2
6,10,|00101001>,2
6,10,|01101001>,5
6,10,|00011000>,7
6,10,|10000001>,12
6,10,|00100101>,4
6,10,|01111101>,6
6,10,|01011000>,3
6,10,|01110101>,7
6,10,|01001011>,1
6,10,|00100010>,3
6,10,|00100110>,3
6,10,|00010100>,4
6,10,|01011011>,3
6,10,|01001001>,1
6,10,|00010110>,7
6,10,|01100111>,5
6,10,|01101000>,4
6,10,|00010111>,1
6,10,|00101101>,1
6,10,|00001101>,2
6,10,|00011100>,3
6,10,|00010011>,6
6,10,|01110000>,7
6,10,|00011101>,2
6,10,|01100100>,4
6,10,|01011111>,2
6,10,|00011001>,1
6,10,|00011110>,4
6,10,|00100011>,1
6,10,|01001110>,1
6,10,|00100001>,1
6,10,|01000010>,1
6,10,|01100011>,1
6,10,|01111100>,6
6,10,|00101011>,1
6,10,|01001111>,2
6,10,|00100111>,2
6,10,|00011010>,2
6,10,|01000011>,1
6,10,|00101010>,1
6,10,|00011111>,1
6,10,|00100100>,1
6,11,|11000111>,22
6,11,|00000101>,9
6,11,|11100001>,50
6,11,|11000110>,37
6,11,|01110000>,6
6,11,|10011001>,16
6,11,|01100001>,3
6,11,|00001000>,6
6,11,|10110111>,31
6,11,|10010000>,9
6,11,|11100100>,32
6,11,|11000000>,35
6,11,|10100100>,20
6,11,|01101001>,5
6,11,|10001001>,16
6,11,|11001101>,29
6,11,|11111111>,40
6,11,|11100011>,45
6,11,|10011111>,21
6,11,|10111011>,27
6,11,|11101001>,40
6,11,|11101011>,41
6,11,|11110001>,40
6,11,|10110010>,29
6,11,|10011010>,22
6,11,|11000010>,23
6,11,|10100010>,26
6,11,|10001111>,11
6,11,|10101010>,22
6,11,|11110110>,45
6,11,|10111100>,32
6,11,|10011100>,14
6,11,|11011111>,33
6,11,|11110011>,38
6,11,|11101110>,20
6,11,|01011000>,1
6,11,|11100010>,35
6,11,|00000000>,16
6,11,|10111010>,28
6,11,|11000100>,34
6,11,|10001101>,17
6,11,|10011000>,25
6,11,|10010100>,17
6,11,|11010110>,35
6,11,|10010101>,25
6,11,|11011011>,37
6,11,|01111001>,12
6,11,|10010001>,13
6,11,|10101000>,27
6,11,|11100110>,27
6,11,|11101101>,35
6,11,|10000100>,8
6,11,|01100101>,5
6,11,|11000001>,37
6,11,|10111111>,32
6,11,|11011101>,37
6,11,|11110101>,31
6,11,|01100000>,4
6,11,|10101100>,34
6,11,|11100111>,39
6,11,|10000010>,13
6,11,|10001100>,15
6,11,|11001111>,45
6,11,|00001101>,8
6,11,|11111101>,39
6,11,|11101100>,31
6,11,|11111000>,36
6,11,|11010100>,31
6,11,|00000001>,12
6,11,|11010001>,39
6,11,|11101010>,33
6,11,|11011000>,34
6,11,|10001010>,18
6,11,|11001001>,34
6,11,|10111000>,35
6,11,|01110010>,16
6,11,|11101000>,31
6,11,|11010111>,36
6,11,|00000011>,13
6,11,|11111110>,31
6,11,|00110010>,2
6,11,|10110011>,29
6,11,|10011011>,26
6,11,|10101111>,28
6,11,|10110001>,18
6,11,|01101110>,7
6,11,|10000111>,11
6,11,|01101101>,5
6,11,|10100000>,18
6,11,|10111110>,40
6,11,|11001000>,34
6,11,|10110110>,25
6,11,|01111110>,10
6,11,|10001110>,13
6,11,|11001100>,29
6,11,|11011001>,35
6,11,|11110010>,34
6,11,|01010100>,5
6,11,|10101110>,25
6,11,|11111100>,52
6,11,|11000101>,21
6,11,|11001110>,33
6,11,|00010110>,9
6,11,|10000011>,11
6,11,|11111011>,43
6,11,|11011010>,33
6,11,|11011110>,48
6,11,|10100001>,26
6,11,|10101101>,24
6,11,|11100101>,41
6,11,|11101111>,32
6,11,|11010011>,28
6,11,|01101100>,6
6,11,|11001011>,39
6,11,|11011100>,32
6,11,|10011101>,21
6,11,|10110000>,24
6,11,|11010101>,34
6,11,|10110101>,24
6,11,|01100111>,4
6,11,|10111101>,20
6,11,|10000110>,9
6,11,|10010111>,14
6,11,|11010000>,35
6,11,|10111001>,30
6,11,|10100011>,16
6,11,|10100110>,27
6,11,|10100101>,23
6,11,|10000000>,11
6,11,|01101111>,7
6,11,|11111010>,36
6,11,|01101010>,6
6,11,|00011010>,4
6,11,|00000100>,14
6,11,|10010110>,13
6,11,|01111000>,13
6,11,|00011101>,1
6,11,|10000101>,16
6,11,|10100111>,26
6,11,|01101011>,5
6,11,|11010010>,38
6,11,|10010010>,23
6,11,|10000001>,12
6,11,|10001011>,16
6,11,|11110000>,33
6,11,|10010011>,18
6,11,|00001001>,3
6,11,|11110100>,38
6,11,|01111010>,19
6,11,|01011001>,1
6,11,|11111001>,32
6,11,|00010101>,6
6,11,|00011110>,6
6,11,|00000111>,15
6,11,|11100000>,37
6,11,|10101011>,23
6,11,|00001010>,6
6,11,|01010010>,5
6,11,|00010000>,5
6,11,|00001100>,8
6,11,|01100110>,7
6,11,|10011110>,26
6,11,|00000010>,9
6,11,|01110001>,7
6,11,|01011101>,4
6,11,|11000011>,18
6,11,|00100000>,4
6,11,|01110110>,6
6,11,|11110111>,29
6,11,|00011100>,2
6,11,|10110100>,26
6,11,|11001010>,23
6,11,|01111011>,6
6,11,|00000110>,11
6,11,|01111100>,12
6,11,|10101001>,28
6,11,|01011111>,2
6,11,|00001110>,3
6,11,|00010011>,4
6,11,|00001111>,7
6,11,|01110011>,4
6,11,|00010100>,4
6,11,|00010111>,4
6,11,|01100010>,3
6,11,|00001011>,7
6,11,|01001110>,3
6,11,|01110111>,11
6,11,|00011011>,7
6,11,|01111111>,14
6,11,|01100100>,7
6,11,|01011110>,2
6,11,|01111101>,10
6,11,|01110101>,8
6,11,|10001000>,9
6,11,|00010001>,5
6,11,|01010101>,2
6,11,|01110100>,3
6,11,|01010011>,3
6,11,|01011100>,4
6,11,|01010110>,4
6,11,|00101100>,1
6,11,|00100100>,3
6,11,|01100011>,2
6,11,|01001111>,3
6,11,|00101010>,2
6,11,|01011010>,2
6,11,|01001010>,1
6,11,|00010010>,2
6,11,|00101000>,2
6,11,|00101011>,1
6,11,|01001101>,1
6,11,|01101000>,2
6,11,|00100101>,1
6,11,|00110001>,1
6,11,|01011011>,1
6,11,|00011000>,3
6,11,|01001100>,1
6,11,|01001011>,1
6,11,|00100110>,3
6,11,|00101001>,2
6,11,|00011111>,2
6,11,|00100010>,1
6,11,|00101111>,1
6,11,|00100011>,2
6,11,|01010111>,1
6,11,|00011001>,1
6,12,|10110111>,24
6,12,|11011000>,29
6,12,|11011101>,39
6,12,|11001011>,50
6,12,|10101010>,29
6,12,|11101110>,40
6,12,|11001001>,32
6,12,|00001011>,7
6,12,|10001000>,23
6,12,|11000111>,31
6,12,|10100110>,25
6,12,|10100001>,20
6,12,|01111011>,16
6,12,|10110101>,26
6,12,|01101011>,6
6,12,|10010111>,20
6,12,|10111000>,35
6,12,|10001101>,15
6,12,|11111000>,34
6,12,|11110101>,36
6,12,|01110010>,17
6,12,|10110011>,37
6,12,|10100111>,19
6,12,|11110110>,36
6,12,|11100000>,44
6,12,|00000000>,4
6,12,|10111111>,31
6,12,|10100010>,22
6,12,|11011111>,35
6,12,|11110001>,40
6,12,|10100100>,18
6,12,|00011001>,4
6,12,|11010110>,40
6,12,|10110010>,30
6,12,|11001100>,29
6,12,|11010100>,33
6,12,|10001110>,16
6,12,|10001111>,19
6,12,|10011111>,30
6,12,|11101011>,35
6,12,|10001011>,18
6,12,|11101100>,33
6,12,|11110000>,30
6,12,|11000011>,43
6,12,|10010010>,16
6,12,|11110100>,37
6,12,|11001000>,35
6,12,|01110110>,12
6,12,|10011011>,26
6,12,|11011010>,38
6,12,|10011110>,25
6,12,|11101010>,28
6,12,|01100010>,8
6,12,|10000101>,16
6,12,|11010001>,28
6,12,|10010000>,13
6,12,|10111011>,25
6,12,|11001110>,31
6,12,|11111011>,31
6,12,|11110111>,46
6,12,|10010110>,20
6,12,|11000101>,26
6,12,|11011011>,32
6,12,|10110001>,37
6,12,|11111001>,29
6,12,|11101000>,27
6,12,|11001010>,20
6,12,|11001111>,38
6,12,|10010001>,17
6,12,|10101011>,22
6,12,|11100111>,29
6,12,|10101001>,18
6,12,|01111010>,13
6,12,|11101111>,42
6,12,|11111110>,35
6,12,|00100110>,2
6,12,|11010101>,36
6,12,|11100101>,36
6,12,|11111101>,38
6,12,|10010101>,19
6,12,|10000111>,12
6,12,|00001010>,15
6,12,|10110110>,29
6,12,|11111111>,52
6,12,|10001100>,17
6,12,|11100001>,47
6,12,|10100101>,29
6,12,|10000100>,14
6,12,|10101000>,22
6,12,|10101100>,20
6,12,|10000011>,10
6,12,|00001000>,8
6,12,|00100000>,3
6,12,|11100011>,46
6,12,|11111100>,31
6,12,|11110010>,33
6,12,|10111101>,43
6,12,|11000100>,25
6,12,|10110100>,19
6,12,|10001001>,13
6,12,|10011100>,29
6,12,|11011001>,44
6,12,|11000001>,28
6,12,|11100100>,33
6,12,|10000110>,10
6,12,|01110011>,7
6,12,|11000000>,25
6,12,|10001010>,12
6,12,|00000001>,12
6,12,|11111010>,49
6,12,|01111000>,11
6,12,|11010010>,33
6,12,|01101110>,8
6,12,|10111010>,29
6,12,|01110000>,6
6,12,|00010011>,10
6,12,|10101111>,30
6,12,|11000110>,35
6,12,|10000010>,15
6,12,|01101000>,4
6,12,|10000000>,6
6,12,|10111001>,22
6,12,|11100110>,41
6,12,|01111111>,11
6,12,|00011110>,4
6,12,|11011110>,29
6,12,|11001101>,25
6,12,|01111001>,6
6,12,|00110000>,1
6,12,|00011101>,5
6,12,|11010011>,27
6,12,|10010100>,21
6,12,|10011000>,18
6,12,|11011100>,37
6,12,|11010111>,32
6,12,|11110011>,38
6,12,|10000001>,13
6,12,|10111110>,36
6,12,|10011001>,15
6,12,|11101101>,28
6,12,|10101101>,19
6,12,|01100001>,6
6,12,|10111100>,44
6,12,|01101010>,5
6,12,|10011101>,19
6,12,|11010000>,27
6,12,|01000111>,1
6,12,|01111100>,6
6,12,|01110100>,8
6,12,|10100000>,26
6,12,|00000110>,9
6,12,|01101001>,5
6,12,|10010011>,15
6,12,|01011000>,5
6,12,|00000111>,8
6,12,|00000101>,10
6,12,|01110111>,10
6,12,|10101110>,27
6,12,|11101001>,40
6,12,|01011001>,3
6,12,|10100011>,29
6,12,|01101111>,7
6,12,|00001001>,5
6,12,|00010101>,3
6,12,|00010110>,7
6,12,|10110000>,30
6,12,|00011111>,1
6,12,|00101000>,3
6,12,|01110101>,10
6,12,|11000010>,24
6,12,|01100100>,6
6,12,|00011000>,5
6,12,|10011010>,19
6,12,|00011100>,2
6,12,|00000010>,9
6,12,|00000100>,10
6,12,|00000011>,8
6,12,|01010011>,2
6,12,|00001110>,5
6,12,|01101100>,5
6,12,|00001101>,5
6,12,|11100010>,19
6,12,|00100100>,1
6,12,|01111110>,6
6,12,|01011010>,2
6,12,|01100111>,4
6,12,|00010100>,4
6,12,|00100011>,3
6,12,|00101111>,1
6,12,|00011011>,2
6,12,|01011011>,1
6,12,|01011111>,5
6,12,|01010111>,3
6,12,|01110001>,7
6,12,|01100011>,3
6,12,|01011110>,1
6,12,|01011101>,4
6,12,|01100110>,3
6,12,|00100010>,2
6,12,|00010001>,5
6,12,|00010000>,3
6,12,|00101101>,1
6,12,|00011010>,4
6,12,|01010010>,1
6,12,|00010111>,3
6,12,|01111101>,5
6,12,|01101101>,8
6,12,|00010010>,2
6,12,|00001111>,3
6,12,|00001100>,4
6,12,|00101011>,1
6,12,|00100001>,3
6,12,|00101001>,1
6,12,|01001101>,1
6,12,|01011100>,2
6,12,|00100111>,1
6,12,|01010101>,1
6,12,|01010100>,1
6,12,|00101100>,1
6,12,|01100000>,1
6,12,|01000011>,1
6,13,|10011110>,26
6,13,|10111101>,41
6,13,|11111111>,49
6,13,|10010011>,21
6,13,|00001110>,15
6,13,|10011001>,25
6,13,|11110100>,40
6,13,|11111001>,36
6,13,|10111000>,33
6,13,|11011010>,29
6,13,|11110001>,28
6,13,|10110101>,32
6,13,|10011100>,18
6,13,|11000000>,32
6,13,|11101110>,46
6,13,|10101101>,20
6,13,|10001101>,18
6,13,|11010101>,35
6,13,|11111110>,44
6,13,|10110100>,30
6,13,|10101100>,25
6,13,|11010110>,35
6,13,|11101101>,38
6,13,|11011101>,38
6,13,|10111111>,32
6,13,|10101111>,24
6,13,|00100001>,4
6,13,|11111000>,37
6,13,|11110101>,40
6,13,|10111011>,39
6,13,|10100111>,23
6,13,|10101001>,27
6,13,|11101000>,40
6,13,|11010010>,33
6,13,|11100001>,34
6,13,|01111000>,8
6,13,|11111010>,38
6,13,|10011000>,26
6,13,|11110110>,37
6,13,|11100101>,37
6,13,|11100110>,40
6,13,|10001110>,20
6,13,|10111001>,38
6,13,|10110110>,18
6,13,|11000011>,29
6,13,|11000111>,36
6,13,|11000010>,35
6,13,|11111011>,30
6,13,|11011001>,18
6,13,|00001111>,5
6,13,|11101001>,33
6,13,|01110101>,8
6,13,|00001001>,10
6,13,|11010000>,34
6,13,|11011011>,30
6,13,|11000001>,34
6,13,|01110111>,14
6,13,|10101000>,24
6,13,|11000101>,26
6,13,|11001010>,43
6,13,|11001111>,23
6,13,|11001101>,24
6,13,|10100000>,21
6,13,|10110000>,32
6,13,|11001011>,36
6,13,|10101010>,26
6,13,|11100000>,30
6,13,|11100011>,33
6,13,|11001100>,36
6,13,|00001101>,8
6,13,|01100001>,3
6,13,|00001010>,9
6,13,|11101010>,39
6,13,|11111101>,45
6,13,|00010011>,7
6,13,|11001001>,34
6,13,|11001000>,25
6,13,|11100111>,42
6,13,|10110011>,21
6,13,|11101011>,37
6,13,|01111100>,14
6,13,|00011110>,4
6,13,|11001110>,33
6,13,|11110011>,40
6,13,|10010001>,19
6,13,|11010111>,27
6,13,|10000111>,17
6,13,|10111100>,23
6,13,|10000001>,14
6,13,|00001100>,8
6,13,|00010110>,5
6,13,|11011100>,39
6,13,|11011110>,35
6,13,|10001001>,18
6,13,|10101110>,22
6,13,|11011000>,35
6,13,|10100011>,37
6,13,|10100101>,24
6,13,|01101010>,6
6,13,|00001000>,10
6,13,|11010001>,32
6,13,|11010100>,32
6,13,|00100111>,1
6,13,|11011111>,48
6,13,|01100111>,5
6,13,|11000110>,40
6,13,|10101011>,34
6,13,|10110111>,24
6,13,|11110000>,32
6,13,|10000011>,12
6,13,|11100010>,36
6,13,|01110011>,13
6,13,|11000100>,29
6,13,|11110010>,35
6,13,|10111110>,24
6,13,|10111010>,34
6,13,|10001010>,8
6,13,|01101101>,11
6,13,|00000000>,9
6,13,|10011011>,27
6,13,|11010011>,35
6,13,|01111111>,9
6,13,|01010010>,1
6,13,|10110001>,25
6,13,|01101001>,8
6,13,|10000000>,9
6,13,|11101100>,30
6,13,|10100110>,25
6,13,|10100010>,27
6,13,|01101110>,4
6,13,|00000010>,10
6,13,|01100100>,4
6,13,|10001011>,11
6,13,|01101100>,11
6,13,|00000101>,10
6,13,|00000100>,11
6,13,|01110001>,7
6,13,|10001111>,17
6,13,|00000110>,12
6,13,|10010010>,18
6,13,|10011101>,22
6,13,|11101111>,36
6,13,|10001000>,10
6,13,|01101111>,11
6,13,|00101000>,4
6,13,|00000011>,7
6,13,|10000010>,9
6,13,|00100010>,2
6,13,|10010100>,17
6,13,|01010001>,2
6,13,|01111001>,10
6,13,|11100100>,30
6,13,|10100100>,16
6,13,|10000110>,20
6,13,|10011010>,13
6,13,|00010010>,3
6,13,|10000101>,9
6,13,|10010110>,9
6,13,|00000001>,12
6,13,|01111011>,11
6,13,|01011100>,4
6,13,|01010100>,1
6,13,|11111100>,37
6,13,|01110110>,10
6,13,|10000100>,9
6,13,|01000101>,1
6,13,|10011111>,21
6,13,|01101011>,4
6,13,|01011011>,4
6,13,|11110111>,34
6,13,|00011111>,2
6,13,|10010111>,16
6,13,|01100110>,4
6,13,|01110010>,5
6,13,|00010101>,3
6,13,|10100001>,20
6,13,|01111010>,6
6,13,|01111110>,5
6,13,|10110010>,17
6,13,|01010110>,3
6,13,|10010101>,18
6,13,|01010101>,2
6,13,|01011010>,5
6,13,|10010000>,15
6,13,|01000110>,2
6,13,|00110101>,1
6,13,|01110100>,7
6,13,|00000111>,8
6,13,|00010111>,3
6,13,|01100000>,2
6,13,|01111101>,5
6,13,|01101000>,6
6,13,|00011000>,2
6,13,|00100000>,2
6,13,|00011001>,2
6,13,|00001011>,4
6,13,|00100110>,1
6,13,|00010100>,3
6,13,|00101010>,2
6,13,|00100100>,1
6,13,|10001100>,16
6,13,|00010000>,2
6,13,|01011001>,1
6,13,|00010001>,3
6,13,|00011101>,1
6,13,|01011000>,3
6,13,|00011011>,3
6,13,|01100101>,4
6,13,|01110000>,4
6,13,|01100011>,3
6,13,|00100011>,1
6,13,|01010000>,1
6,13,|01010111>,3
6,13,|01001110>,2
6,13,|01010011>,2
6,13,|01011111>,1
6,13,|01001111>,3
6,13,|01011110>,1
6,13,|01001010>,1
6,13,|00011010>,1
6,13,|01001101>,1
6,14,|11011000>,31
6,14,|11000111>,27
6,14,|10011001>,32
6,14,|11010001>,32
6,14,|11011010>,37
6,14,|11011101>,46
6,14,|10100110>,24
6,14,|10111110>,28
6,14,|11010100>,40
6,14,|11111010>,36
6,14,|11101011>,35
6,14,|11101000>,40
6,14,|11000011>,22
6,14,|11101010>,36
6,14,|10100011>,25
6,14,|11001010>,39
6,14,|11001111>,41
6,14,|01111111>,20
6,14,|11100000>,30
6,14,|11111100>,46
6,14,|01111001>,6
6,14,|01110111>,13
6,14,|01111010>,7
6,14,|10000101>,10
6,14,|11010101>,26
6,14,|11001110>,39
6,14,|11001000>,35
6,14,|10100000>,25
6,14,|10110010>,22
6,14,|11110110>,41
6,14,|11101001>,31
6,14,|11010110>,38
6,14,|11100110>,33
6,14,|10001010>,22
6,14,|11100001>,36
6,14,|01101011>,9
6,14,|11101100>,47
6,14,|10111101>,41
6,14,|11100111>,31
6,14,|11001001>,32
6,14,|10011100>,22
6,14,|10110000>,27
6,14,|10000110>,11
6,14,|10101010>,23
6,14,|10001000>,12
6,14,|10010100>,15
6,14,|00000110>,5
6,14,|00011011>,5
6,14,|11010010>,37
6,14,|11010000>,38
6,14,|11111110>,50
6,14,|11110000>,46
6,14,|11000110>,31
6,14,|00010111>,6
6,14,|10010011>,25
6,14,|11111011>,43
6,14,|11100011>,30
6,14,|10011110>,25
6,14,|11011011>,27
6,14,|01010110>,6
6,14,|10101110>,27
6,14,|11111000>,32
6,14,|10110001>,25
6,14,|11011110>,34
6,14,|11000010>,34
6,14,|00011001>,4
6,14,|01011100>,3
6,14,|11011100>,32
6,14,|11101101>,40
6,14,|10111111>,27
6,14,|10000100>,15
6,14,|00000111>,9
6,14,|11000000>,38
6,14,|11101111>,42
6,14,|10111000>,29
6,14,|11111001>,46
6,14,|00100010>,4
6,14,|10101001>,29
6,14,|11111101>,34
6,14,|10001101>,18
6,14,|10011010>,26
6,14,|11111111>,34
6,14,|11000001>,32
6,14,|11110011>,35
6,14,|10010111>,19
6,14,|11011001>,45
6,14,|10110011>,17
6,14,|10111100>,27
6,14,|01111110>,10
6,14,|11100100>,37
6,14,|11110111>,37
6,14,|11101110>,27
6,14,|10100010>,26
6,14,|10110100>,37
6,14,|11011111>,32
6,14,|11100101>,32
6,14,|00000100>,9
6,14,|10110101>,25
6,14,|10000111>,14
6,14,|01111000>,9
6,14,|10111010>,24
6,14,|11001101>,27
6,14,|10000011>,14
6,14,|10101100>,23
6,14,|10100001>,21
6,14,|11001011>,34
6,14,|11010011>,37
6,14,|10011101>,21
6,14,|00000000>,3
6,14,|01110011>,6
6,14,|10110110>,22
6,14,|01101010>,10
6,14,|01001011>,1
6,14,|11100010>,42
6,14,|11000100>,25
6,14,|10001100>,15
6,14,|10010110>,20
6,14,|00000101>,8
6,14,|10101101>,22
6,14,|10001011>,12
6,14,|10100101>,19
6,14,|10111011>,34
6,14,|01110110>,11
6,14,|10110111>,28
6,14,|11000101>,31
6,14,|10000001>,10
6,14,|11110101>,34
6,14,|11010111>,30
6,14,|10010001>,15
6,14,|01011110>,6
6,14,|01001010>,1
6,14,|11110001>,37
6,14,|01110101>,7
6,14,|10111001>,30
6,14,|11110010>,28
6,14,|10101011>,19
6,14,|10100111>,30
6,14,|11001100>,31
6,14,|01101001>,6
6,14,|10011000>,19
6,14,|10101000>,26
6,14,|10010101>,18
6,14,|10101111>,20
6,14,|00011000>,3
6,14,|10011011>,19
6,14,|01110100>,13
6,14,|01000110>,1
6,14,|01011011>,4
6,14,|01101111>,3
6,14,|01100110>,4
6,14,|01101100>,8
6,14,|10001111>,16
6,14,|10000000>,10
6,14,|01001001>,2
6,14,|00010001>,5
6,14,|01111011>,10
6,14,|00101100>,1
6,14,|00000001>,7
6,14,|01110010>,12
6,14,|00010110>,6
6,14,|10001001>,12
6,14,|00001100>,6
6,14,|01111100>,11
6,14,|00001010>,2
6,14,|10100100>,20
6,14,|10010000>,20
6,14,|00010010>,7
6,14,|10011111>,24
6,14,|10000010>,14
6,14,|11110100>,25
6,14,|00000011>,5
6,14,|10001110>,16
6,14,|00000010>,5
6,14,|01010011>,1
6,14,|01001100>,2
6,14,|00010100>,7
6,14,|00010101>,8
6,14,|10010010>,14
6,14,|00100001>,4
6,14,|00001001>,6
6,14,|01110000>,3
6,14,|00001110>,7
6,14,|01010001>,1
6,14,|01100010>,6
6,14,|01100000>,6
6,14,|00001011>,6
6,14,|00100000>,5
6,14,|00001000>,7
6,14,|00101010>,1
6,14,|01101110>,6
6,14,|01011010>,3
6,14,|01110001>,4
6,14,|00010000>,4
6,14,|00010011>,7
6,14,|00011010>,2
6,14,|01101101>,5
6,14,|01111101>,7
6,14,|01101000>,4
6,14,|01011111>,2
6,14,|01100111>,5
6,14,|00011100>,2
6,14,|00001111>,5
6,14,|01100100>,3
6,14,|00011111>,1
6,14,|01100101>,1
6,14,|00001101>,2
6,14,|01001110>,1
6,14,|00100011>,3
6,14,|00100101>,3
6,14,|01100001>,4
6,14,|01001111>,2
6,14,|00101110>,1
6,14,|01100011>,3
6,14,|00101000>,2
6,14,|01010100>,1
6,14,|01011101>,3
6,14,|00101111>,1
6,14,|01010010>,1
6,14,|00100100>,1
6,14,|00011101>,2
6,14,|00101011>,2
6,14,|01011000>,1
6,14,|01011001>,1
6,14,|01010111>,1
6,14,|01010101>,1
6,15,|11010101>,39
6,15,|10111011>,34
6,15,|10111010>,31
6,15,|01101001>,6
6,15,|11100001>,30
6,15,|11101011>,37
6,15,|10100001>,19
6,15,|11111111>,36
6,15,|11100111>,33
6,15,|11100110>,27
6,15,|01111110>,12
6,15,|11011100>,41
6,15,|10111110>,23
6,15,|11111001>,45
6,15,|01111111>,10
6,15,|10111111>,18
6,15,|11011010>,34
6,15,|11010011>,31
6,15,|11001110>,27
6,15,|11000011>,32
6,15,|01100110>,2
6,15,|11001000>,34
6,15,|10111101>,38
6,15,|10010001>,19
6,15,|10101101>,31
6,15,|00000111>,6
6,15,|10011001>,26
6,15,|01101010>,6
6,15,|11111000>,40
6,15,|11110100>,38
6,15,|11101101>,31
6,15,|11110101>,35
6,15,|11010001>,46
6,15,|11110111>,54
6,15,|11100011>,26
6,15,|11001010>,27
6,15,|11111100>,28
6,15,|11100010>,40
6,15,|11010010>,47
6,15,|10100101>,28
6,15,|11000001>,29
6,15,|11001011>,34
6,15,|10101001>,36
6,15,|10001101>,19
6,15,|11110000>,38
6,15,|10110000>,33
6,15,|10111001>,34
6,15,|10000001>,16
6,15,|11101110>,29
6,15,|10010101>,22
6,15,|10001000>,13
6,15,|11111101>,46
6,15,|11011001>,32
6,15,|11111110>,45
6,15,|11000100>,28
6,15,|10101111>,29
6,15,|11101100>,34
6,15,|10101100>,26
6,15,|11000111>,34
6,15,|01011001>,5
6,15,|11001101>,28
6,15,|11011111>,38
6,15,|11011011>,39
6,15,|11101111>,37
6,15,|11001100>,26
6,15,|10111100>,31
6,15,|10010000>,22
6,15,|11000110>,32
6,15,|01001100>,1
6,15,|11011101>,33
6,15,|11101000>,35
6,15,|01110000>,8
6,15,|10101011>,20
6,15,|10110001>,28
6,15,|10010100>,27
6,15,|10001111>,15
6,15,|10101010>,22
6,15,|01101101>,11
6,15,|11011110>,38
6,15,|10101110>,28
6,15,|10110100>,33
6,15,|11100101>,39
6,15,|10001010>,14
6,15,|11110011>,47
6,15,|10100110>,27
6,15,|10110110>,33
6,15,|11010111>,45
6,15,|10100011>,19
6,15,|10110010>,34
6,15,|11101001>,35
6,15,|11110110>,32
6,15,|01110010>,9
6,15,|01101000>,6
6,15,|01101111>,3
6,15,|11001001>,44
6,15,|11011000>,30
6,15,|10011010>,17
6,15,|00010100>,4
6,15,|10010111>,23
6,15,|10110111>,25
6,15,|10010010>,19
6,15,|01111000>,11
6,15,|11010000>,33
6,15,|10010011>,17
6,15,|10110101>,30
6,15,|11110010>,27
6,15,|11111011>,33
6,15,|01110101>,14
6,15,|11001111>,33
6,15,|01111100>,10
6,15,|10000101>,12
6,15,|10011110>,17
6,15,|10111000>,26
6,15,|10110011>,24
6,15,|10100100>,19
6,15,|11100100>,36
6,15,|10000110>,15
6,15,|01111011>,10
6,15,|10101000>,21
6,15,|10010110>,20
6,15,|10001001>,9
6,15,|01110111>,13
6,15,|11000101>,19
6,15,|11010100>,44
6,15,|11000010>,26
6,15,|00001010>,9
6,15,|11101010>,39
6,15,|11010110>,38
6,15,|10011101>,21
6,15,|00000100>,10
6,15,|10011100>,14
6,15,|10100000>,31
6,15,|11111010>,31
6,15,|11110001>,34
6,15,|11100000>,32
6,15,|01110001>,5
6,15,|00000110>,8
6,15,|10001110>,15
6,15,|11000000>,34
6,15,|00001101>,11
6,15,|10000000>,12
6,15,|00100101>,3
6,15,|10011011>,11
6,15,|01110011>,6
6,15,|10000111>,12
6,15,|10011000>,17
6,15,|00100001>,5
6,15,|00001000>,15
6,15,|00011110>,3
6,15,|10000100>,11
6,15,|10100111>,18
6,15,|00001110>,10
6,15,|01110100>,8
6,15,|01011011>,4
6,15,|00001111>,6
6,15,|00100010>,4
6,15,|10001100>,15
6,15,|10000011>,12
6,15,|01100010>,3
6,15,|01100100>,3
6,15,|10100010>,15
6,15,|00001001>,5
6,15,|00011111>,3
6,15,|00100110>,1
6,15,|00000101>,11
6,15,|00000000>,12
6,15,|01111101>,7
6,15,|10011111>,14
6,15,|01101100>,4
6,15,|01110110>,8
6,15,|00010010>,3
6,15,|10001011>,15
6,15,|00100011>,1
6,15,|00010011>,5
6,15,|01111001>,12
6,15,|10000010>,13
6,15,|00101011>,2
6,15,|00000011>,8
6,15,|01100101>,2
6,15,|00010000>,4
6,15,|00101100>,1
6,15,|00000001>,10
6,15,|00010111>,4
6,15,|00011001>,2
6,15,|00000010>,9
6,15,|00010101>,4
6,15,|01001010>,3
6,15,|00011101>,2
6,15,|00001011>,3
6,15,|01100000>,5
6,15,|01100111>,5
6,15,|00011100>,3
6,15,|01011110>,3
6,15,|01010100>,1
6,15,|00100000>,1
6,15,|01101110>,6
6,15,|01111010>,5
6,15,|01010111>,3
6,15,|01001111>,5
6,15,|00001100>,3
6,15,|00011010>,5
6,15,|01001000>,1
6,15,|01011101>,1
6,15,|00010001>,2
6,15,|01011010>,1
6,15,|00101001>,1
6,15,|00010110>,3
6,15,|01010000>,3
6,15,|01101011>,1
6,15,|00011000>,1
6,15,|01100001>,2
6,15,|00110100>,1
6,15,|01010101>,1
6,15,|01010110>,2
6,15,|00101111>,1
6,15,|01000110>,1
6,15,|01001110>,1
6,15,|00101110>,1
6,15,|01011111>,2
6,15,|00011011>,2
6,15,|01100011>,1
6,15,|00101000>,1
6,15,|00100111>,2
6,15,|01010001>,1
6,16,|10011000>,18
6,16,|10111110>,24
6,16,|11001101>,27
6,16,|10110100>,34
6,16,|11001001>,28
6,16,|11101010>,24
6,16,|00001010>,6
6,16,|11100000>,34
6,16,|11110110>,39
6,16,|11001010>,22
6,16,|01110000>,8
6,16,|11000101>,24
6,16,|11111101>,33
6,16,|11011000>,34
6,16,|11110011>,31
6,16,|11000010>,35
6,16,|10011101>,21
6,16,|11000100>,32
6,16,|11010011>,34
6,16,|10110101>,31
6,16,|11100010>,38
6,16,|10010101>,16
6,16,|11100110>,31
6,16,|11111000>,41
6,16,|11011010>,38
6,16,|11010111>,35
6,16,|01111101>,15
6,16,|11010000>,44
6,16,|00001011>,10
6,16,|11111111>,42
6,16,|00000101>,11
6,16,|11011001>,29
6,16,|11000011>,25
6,16,|10010001>,12
6,16,|11110100>,30
6,16,|10011110>,12
6,16,|10000010>,22
6,16,|01100111>,6
6,16,|11001000>,27
6,16,|11101000>,41
6,16,|11011100>,32
6,16,|10101111>,35
6,16,|11110101>,36
6,16,|11111010>,32
6,16,|11100111>,49
6,16,|10110001>,29
6,16,|11011011>,40
6,16,|10001010>,13
6,16,|11101111>,36
6,16,|10111111>,29
6,16,|10111011>,37
6,16,|11010100>,38
6,16,|11110111>,49
6,16,|01011111>,1
6,16,|10111100>,23
6,16,|00010101>,8
6,16,|11010001>,37
6,16,|01110100>,9
6,16,|10111010>,31
6,16,|00010110>,4
6,16,|11100100>,33
6,16,|01100001>,5
6,16,|10010100>,18
6,16,|10110000>,35
6,16,|10010011>,16
6,16,|11000110>,30
6,16,|10101011>,25
6,16,|01111111>,18
6,16,|11101110>,34
6,16,|10111001>,26
6,16,|01101000>,4
6,16,|10011010>,18
6,16,|11110010>,31
6,16,|11111100>,37
6,16,|10100110>,24
6,16,|00010100>,3
6,16,|11001100>,36
6,16,|11100011>,39
6,16,|01100010>,7
6,16,|01110001>,15
6,16,|11101101>,44
6,16,|11100101>,24
6,16,|10001011>,12
6,16,|10101001>,22
6,16,|11010010>,34
6,16,|10000101>,14
6,16,|10001111>,14
6,16,|11101011>,34
6,16,|01011011>,5
6,16,|10111101>,29
6,16,|11110001>,41
6,16,|11001011>,34
6,16,|11011110>,37
6,16,|01110101>,9
6,16,|00100101>,3
6,16,|10001100>,12
6,16,|10011100>,22
6,16,|10001000>,18
6,16,|11001111>,28
6,16,|11101100>,33
6,16,|10110010>,27
6,16,|01010010>,2
6,16,|11000001>,27
6,16,|11101001>,45
6,16,|11111110>,36
6,16,|01011001>,4
6,16,|00000011>,11
6,16,|10010000>,15
6,16,|10100011>,23
6,16,|10100100>,24
6,16,|10101110>,28
6,16,|01001111>,2
6,16,|01111100>,17
6,16,|11010110>,40
6,16,|10101000>,25
6,16,|11100001>,28
6,16,|11011111>,45
6,16,|00100110>,5
6,16,|01110111>,8
6,16,|11010101>,33
6,16,|01101010>,4
6,16,|11111001>,40
6,16,|10100000>,16
6,16,|10001110>,12
6,16,|11110000>,41
6,16,|11000111>,35
6,16,|10001001>,11
6,16,|01111010>,8
6,16,|11011101>,40
6,16,|10000000>,13
6,16,|10011111>,34
6,16,|11001110>,33
6,16,|10110111>,38
6,16,|10110110>,37
6,16,|10100101>,22
6,16,|01011010>,2
6,16,|00011110>,3
6,16,|11111011>,28
6,16,|10100001>,22
6,16,|10101101>,29
6,16,|00011101>,4
6,16,|01101111>,8
6,16,|01110110>,12
6,16,|00100000>,2
6,16,|01110010>,9
6,16,|00000100>,8
6,16,|11000000>,25
6,16,|01101011>,5
6,16,|10010111>,15
6,16,|10001101>,18
6,16,|10010010>,10
6,16,|10101010>,19
6,16,|10110011>,23
6,16,|00000000>,11
6,16,|10011011>,13
6,16,|01111001>,8
6,16,|01101001>,6
6,16,|00001110>,5
6,16,|00000001>,9
6,16,|00001001>,8
6,16,|01101100>,8
6,16,|10000111>,14
6,16,|01000001>,2
6,16,|00000110>,10
6,16,|00101001>,2
6,16,|01100110>,6
6,16,|10111000>,25
6,16,|10100010>,25
6,16,|10000001>,15
6,16,|00001101>,8
6,16,|00001100>,9
6,16,|00010010>,4
6,16,|00000010>,7
6,16,|10011001>,17
6,16,|01001010>,1
6,16,|10101100>,20
6,16,|00100011>,1
6,16,|10100111>,25
6,16,|01111011>,9
6,16,|01101110>,7
6,16,|01011100>,5
6,16,|00010011>,6
6,16,|00000111>,7
6,16,|01011110>,4
6,16,|10010110>,13
6,16,|10000011>,13
6,16,|01111110>,5
6,16,|00001111>,7
6,16,|00110010>,1
6,16,|01001011>,2
6,16,|01010111>,5
6,16,|10000110>,14
6,16,|00010000>,7
6,16,|01100011>,5
6,16,|01111000>,11
6,16,|01100100>,4
6,16,|00011010>,2
6,16,|00011001>,5
6,16,|01100101>,6
6,16,|00011000>,4
6,16,|10000100>,10
6,16,|01110011>,6
6,16,|01011101>,3
6,16,|01101101>,2
6,16,|01000111>,2
6,16,|01100000>,5
6,16,|00011011>,1
6,16,|01000011>,1
6,16,|00001000>,7
6,16,|01010100>,4
6,16,|01001101>,1
6,16,|01001000>,3
6,16,|00100010>,1
6,16,|00101110>,1
6,16,|00011111>,1
6,16,|01010101>,3
6,16,|00101100>,1
6,16,|01010001>,1
6,16,|01010110>,1
6,16,|00011100>,2
6,16,|00101011>,1
6,16,|00110110>,1
6,16,|01010000>,1
6,16,|00110000>,1
6,16,|01010011>,2
6,16,|00010111>,2
6,16,|00110001>,2
6,16,|00101101>,1
6,16,|00010001>,1
6,16,|01001100>,1
7,0,|00100101>,41
7,0,|00000010>,36
7,0,|00000101>,30
7,0,|00011110>,38
7,0,|00111101>,30
7,0,|01000100>,36
7,0,|00100000>,30
7,0,|10011110>,3
7,0,|01000101>,24
7,0,|00100001>,35
7,0,|00001100>,52
7,0,|10001100>,4
7,0,|00010111>,37
7,0,|01100100>,20
7,0,|01101001>,17
7,0,|00001001>,63
7,0,|01011001>,19
7,0,|00110000>,36
7,0,|01000001>,37
7,0,|00111110>,24
7,0,|01100000>,19
7,0,|01001001>,26
7,0,|00111011>,30
7,0,|00100011>,33
7,0,|01001100>,26
7,0,|11100101>,4
7,0,|01100001>,22
7,0,|01010101>,22
7,0,|01001101>,19
7,0,|00101011>,23
7,0,|00001011>,52
7,0,|01011010>,19
7,0,|01001110>,20
7,0,|00011101>,30
7,0,|00000100>,42
7,0,|00110111>,35
7,0,|00010101>,44
7,0,|11111100>,7
7,0,|00000011>,36
7,0,|00010000>,39
7,0,|01001000>,30
7,0,|01101000>,13
7,0,|10000111>,8
7,0,|11100010>,5
7,0,|10010001>,5
7,0,|01011000>,24
7,0,|00101100>,40
7,0,|01011111>,18
7,0,|01001111>,24
7,0,|00101000>,37
7,0,|01110100>,12
7,0,|01110111>,10
7,0,|00000111>,32
7,0,|00011001>,43
7,0,|01100101>,21
7,0,|00010100>,37
7,0,|01001010>,27
7,0,|00000001>,47
7,0,|00110010>,42
7,0,|00111001>,26
7,0,|00010010>,55
7,0,|01001011>,34
7,0,|01000011>,32
7,0,|10011101>,5
7,0,|01100111>,19
7,0,|00111010>,37
7,0,|01101111>,12
7,0,|00000110>,61
7,0,|01110000>,9
7,0,|00100010>,43
7,0,|00001000>,50
7,0,|00110101>,28
7,0,|00011011>,51
7,0,|10011011>,6
7,0,|00110110>,38
7,0,|00011010>,31
7,0,|00010110>,36
7,0,|01000111>,22
7,0,|10001110>,8
7,0,|00001101>,52
7,0,|01101010>,13
7,0,|00101101>,36
7,0,|00101010>,41
7,0,|11111000>,6
7,0,|11110111>,16
7,0,|00101001>,33
7,0,|11110110>,5
7,0,|01010000>,26
7,0,|10100101>,2
7,0,|10001001>,3
7,0,|01110010>,11
7,0,|10000101>,10
7,0,|00011000>,43
7,0,|11101010>,5
7,0,|00001010>,42
7,0,|11101100>,7
7,0,|00010001>,43
7,0,|01101110>,11
7,0,|00001111>,49
7,0,|01010010>,30
7,0,|10010000>,7
7,0,|10100011>,1
7,0,|01010001>,29
7,0,|10001000>,10
7,0,|00000000>,40
7,0,|11101001>,7
7,0,|10001111>,8
7,0,|00011100>,53
7,0,|00111100>,22
7,0,|01111111>,12
7,0,|01101101>,18
7,0,|10100110>,2
7,0,|10010110>,3
7,0,|01010110>,15
7,0,|01101100>,17
7,0,|00101111>,36
7,0,|00110011>,31
7,0,|01110001>,12
7,0,|01100011>,13
7,0,|10000000>,10
7,0,|10000001>,10
7,0,|01100010>,29
7,0,|00111111>,32
7,0,|11100001>,3
7,0,|00100111>,36
7,0,|01010100>,15
7,0,|00111000>,35
7,0,|11011100>,5
7,0,|01111001>,8
7,0,|01110101>,15
7,0,|01111000>,11
7,0,|01011011>,19
7,0,|00010011>,35
7,0,|00001110>,39
7,0,|01111010>,13
7,0,|00100100>,35
7,0,|11110100>,8
7,0,|11101000>,4
7,0,|00011111>,35
7,0,|11101111>,5
7,0,|11010111>,1
7,0,|01011100>,18
7,0,|00110100>,35
7,0,|01010011>,19
7,0,|10001011>,7
7,0,|01111011>,7
7,0,|00100110>,35
7,0,|00101110>,40
7,0,|11111010>,10
7,0,|01101011>,13
7,0,|10001101>,5
7,0,|11100110>,1
7,0,|01000110>,36
7,0,|01111110>,6
7,0,|11111110>,7
7,0,|11011110>,4
7,0,|10010100>,5
7,0,|10000010>,7
7,0,|00110001>,27
7,0,|01011101>,18
7,0,|01000010>,20
7,0,|10100111>,3
7,0,|10101100>,2
7,0,|01111100>,5
7,0,|10010010>,7
7,0,|10001010>,10
7,0,|10100001>,4
7,0,|11011101>,2
7,0,|01010111>,26
7,0,|10101011>,1
7,0,|10000011>,15
7,0,|11111101>,11
7,0,|11111001>,10
7,0,|01011110>,15
7,0,|01110110>,12
7,0,|01000000>,18
7,0,|10010111>,5
7,0,|10100000>,2
7,0,|11101110>,6
7,0,|11100111>,9
7,0,|10010101>,3
7,0,|10000100>,11
7,0,|11100100>,4
7,0,|01100110>,11
7,0,|10011001>,2
7,0,|10010011>,5
7,0,|01110011>,13
7,0,|10011000>,3
7,0,|11111111>,8
7,0,|10101101>,1
7,0,|11101101>,4
7,0,|10000110>,11
7,0,|11111011>,6
7,0,|11011010>,3
7,0,|11110000>,1
7,0,|01111101>,9
7,0,|11001110>,2
7,0,|11101011>,4
7,0,|11011111>,1
7,0,|11110010>,5
7,0,|10101110>,2
7,0,|11100011>,3
7,0,|11110101>,6
7,0,|11100000>,3
7,0,|11011001>,3
7,0,|10110000>,2
7,0,|11010110>,2
7,0,|10110001>,1
7,0,|11000110>,1
7,0,|11011000>,2
7,0,|10011010>,3
7,0,|11001010>,1
7,0,|11110001>,2
7,0,|10011100>,3
7,0,|11110011>,2
7,0,|10101010>,1
7,0,|10011111>,2
7,0,|10100010>,2
7,0,|11010000>,1
7,0,|10110111>,1
7,0,|11010010>,1
7,0,|10101000>,1
7,1,|01101011>,10
7,1,|01000110>,27
7,1,|01001111>,28
7,1,|01001101>,24
7,1,|01000101>,28
7,1,|01000011>,30
7,1,|01101000>,18
7,1,|00000001>,30
7,1,|00110100>,34
7,1,|01100011>,16
7,1,|00011011>,31
7,1,|00001000>,30
7,1,|00100110>,37
7,1,|00011000>,52
7,1,|10001000>,9
7,1,|00010111>,40
7,1,|01001011>,28
7,1,|10011111>,3
7,1,|00000110>,36
7,1,|00000100>,36
7,1,|01010001>,24
7,1,|01100000>,22
7,1,|01010100>,29
7,1,|00000101>,43
7,1,|01100100>,21
7,1,|00100101>,49
7,1,|00001100>,39
7,1,|00010100>,30
7,1,|01010110>,31
7,1,|00110110>,39
7,1,|00011111>,38
7,1,|01011111>,24
7,1,|01111010>,10
7,1,|01000010>,34
7,1,|00000000>,36
7,1,|01010010>,25
7,1,|01110010>,12
7,1,|00010101>,41
7,1,|00100111>,41
7,1,|00000111>,42
7,1,|00110111>,32
7,1,|00101110>,41
7,1,|11111101>,7
7,1,|00001111>,47
7,1,|10010111>,3
7,1,|01011000>,28
7,1,|01110000>,22
7,1,|01100110>,14
7,1,|00101011>,45
7,1,|01111001>,13
7,1,|11111110>,8
7,1,|01000000>,25
7,1,|01011001>,23
7,1,|11001011>,1
7,1,|00001110>,48
7,1,|00001101>,47
7,1,|01001010>,30
7,1,|00010001>,45
7,1,|01111111>,17
7,1,|01111110>,12
7,1,|00100010>,39
7,1,|00110010>,42
7,1,|01000100>,34
7,1,|11110011>,5
7,1,|01011010>,24
7,1,|00110101>,31
7,1,|01000111>,27
7,1,|01100001>,21
7,1,|00110001>,27
7,1,|00111010>,45
7,1,|01100010>,14
7,1,|01111011>,14
7,1,|00001010>,36
7,1,|11110101>,6
7,1,|00010000>,39
7,1,|00011010>,38
7,1,|00010110>,46
7,1,|00101001>,34
7,1,|00100011>,32
7,1,|01110001>,9
7,1,|00101101>,33
7,1,|11111111>,9
7,1,|00101111>,43
7,1,|11101010>,4
7,1,|00101010>,43
7,1,|00111001>,29
7,1,|01010000>,22
7,1,|01010111>,22
7,1,|01001110>,23
7,1,|01010101>,25
7,1,|00011100>,45
7,1,|01011011>,16
7,1,|00111011>,24
7,1,|00111100>,32
7,1,|11101000>,3
7,1,|01110110>,16
7,1,|10001010>,11
7,1,|00100100>,43
7,1,|00011101>,38
7,1,|00101100>,36
7,1,|00100000>,58
7,1,|01110101>,12
7,1,|01111000>,14
7,1,|01011110>,22
7,1,|00111111>,30
7,1,|10001001>,10
7,1,|10000010>,9
7,1,|01100101>,22
7,1,|01111100>,11
7,1,|11100010>,3
7,1,|00101000>,28
7,1,|00100001>,29
7,1,|01000001>,29
7,1,|11111011>,11
7,1,|00111110>,38
7,1,|00010010>,39
7,1,|01110100>,15
7,1,|00011110>,36
7,1,|01001100>,24
7,1,|11011110>,4
7,1,|11001010>,1
7,1,|11110001>,3
7,1,|11111000>,2
7,1,|10000100>,10
7,1,|00001001>,33
7,1,|10000101>,12
7,1,|11111010>,7
7,1,|10001111>,5
7,1,|00001011>,48
7,1,|01101110>,9
7,1,|01110011>,8
7,1,|01101101>,16
7,1,|01010011>,29
7,1,|00111000>,35
7,1,|01001000>,20
7,1,|10010100>,1
7,1,|10100100>,5
7,1,|10101001>,3
7,1,|10000000>,4
7,1,|11100101>,3
7,1,|00110000>,29
7,1,|01011100>,21
7,1,|01111101>,9
7,1,|00111101>,37
7,1,|00110011>,31
7,1,|00010011>,43
7,1,|00000010>,42
7,1,|01101010>,17
7,1,|10001011>,6
7,1,|10001101>,16
7,1,|11011010>,2
7,1,|11010010>,2
7,1,|11101111>,2
7,1,|00011001>,38
7,1,|11010001>,1
7,1,|01011101>,16
7,1,|01101100>,17
7,1,|00000011>,26
7,1,|11011100>,3
7,1,|01001001>,26
7,1,|01110111>,6
7,1,|01100111>,14
7,1,|10000110>,8
7,1,|10100111>,3
7,1,|10010010>,4
7,1,|01101001>,17
7,1,|10100011>,1
7,1,|11100110>,3
7,1,|10101100>,3
7,1,|11111001>,12
7,1,|10000111>,6
7,1,|11100111>,2
7,1,|10110101>,1
7,1,|10000001>,3
7,1,|10001110>,6
7,1,|11111100>,7
7,1,|11101100>,6
7,1,|10010000>,4
7,1,|11101110>,4
7,1,|01101111>,14
7,1,|10011011>,4
7,1,|10000011>,9
7,1,|11100100>,1
7,1,|10001100>,7
7,1,|11110100>,6
7,1,|10010101>,6
7,1,|10010011>,7
7,1,|11101101>,4
7,1,|11110110>,5
7,1,|10011100>,6
7,1,|10101011>,3
7,1,|11011000>,2
7,1,|11100001>,4
7,1,|10011101>,2
7,1,|11110111>,6
7,1,|10100101>,2
7,1,|10011110>,1
7,1,|10011001>,4
7,1,|11011001>,1
7,1,|10100010>,2
7,1,|10010110>,3
7,1,|11011101>,3
7,1,|11101011>,2
7,1,|10100110>,2
7,1,|10011010>,3
7,1,|10101110>,1
7,1,|10100000>,3
7,1,|10101000>,1
7,1,|10011000>,3
7,1,|11101001>,2
7,1,|11100011>,2
7,1,|11110000>,2
7,1,|11010011>,2
7,1,|11011111>,3
7,1,|11010101>,1
7,1,|10100001>,2
7,1,|11110010>,3
7,1,|10101010>,1
7,1,|11010100>,2
7,1,|10010001>,1
7,1,|11001111>,1
7,2,|00010111>,45
7,2,|01001101>,23
7,2,|00110110>,34
7,2,|00111011>,27
7,2,|00001100>,43
7,2,|00001001>,43
7,2,|00011001>,39
7,2,|00111111>,30
7,2,|00000000>,36
7,2,|00111010>,28
7,2,|00001101>,41
7,2,|01011011>,25
7,2,|01001100>,28
7,2,|00010100>,40
7,2,|01110000>,13
7,2,|01000100>,37
7,2,|00001111>,39
7,2,|00101001>,43
7,2,|00000011>,42
7,2,|00000010>,45
7,2,|01000001>,24
7,2,|01011110>,30
7,2,|00011101>,30
7,2,|00111001>,33
7,2,|00110001>,34
7,2,|00000110>,44
7,2,|00101011>,30
7,2,|01011000>,18
7,2,|00111101>,29
7,2,|01010110>,26
7,2,|11110001>,7
7,2,|11100111>,7
7,2,|01010010>,26
7,2,|00110101>,43
7,2,|01100100>,19
7,2,|00000111>,42
7,2,|00100110>,31
7,2,|00000101>,48
7,2,|10001110>,7
7,2,|00110111>,32
7,2,|00110000>,29
7,2,|00100010>,32
7,2,|01000010>,35
7,2,|01100101>,16
7,2,|01101011>,16
7,2,|00011100>,39
7,2,|11111101>,10
7,2,|00100001>,44
7,2,|00100111>,44
7,2,|11101100>,4
7,2,|00101101>,35
7,2,|01011111>,19
7,2,|00011111>,33
7,2,|00001000>,47
7,2,|10100001>,4
7,2,|01111101>,15
7,2,|01111100>,13
7,2,|01111001>,15
7,2,|01100000>,21
7,2,|00110010>,31
7,2,|10101010>,2
7,2,|01101101>,21
7,2,|10011010>,5
7,2,|00101010>,39
7,2,|01010101>,23
7,2,|00100100>,35
7,2,|01010111>,13
7,2,|00000100>,50
7,2,|00010110>,41
7,2,|01101001>,18
7,2,|00010010>,41
7,2,|01001010>,29
7,2,|01010011>,38
7,2,|00100011>,43
7,2,|01101000>,18
7,2,|00010011>,45
7,2,|01111000>,9
7,2,|00101000>,42
7,2,|01011100>,29
7,2,|00011011>,35
7,2,|01110111>,8
7,2,|00010001>,42
7,2,|00101100>,37
7,2,|01011010>,22
7,2,|00010101>,40
7,2,|00011000>,33
7,2,|00111000>,31
7,2,|01111010>,19
7,2,|11111100>,11
7,2,|10000001>,7
7,2,|00111100>,28
7,2,|01000110>,28
7,2,|11111110>,8
7,2,|00011110>,30
7,2,|01100001>,17
7,2,|01110101>,9
7,2,|01111011>,9
7,2,|10101111>,2
7,2,|01001000>,39
7,2,|10010011>,2
7,2,|01101110>,17
7,2,|01011101>,16
7,2,|01001001>,30
7,2,|00010000>,45
7,2,|01000011>,33
7,2,|00110100>,22
7,2,|01010000>,16
7,2,|01100111>,19
7,2,|01101100>,24
7,2,|01000101>,24
7,2,|00011010>,33
7,2,|00111110>,32
7,2,|00101110>,40
7,2,|01100010>,14
7,2,|10000101>,10
7,2,|10000000>,10
7,2,|01111111>,7
7,2,|00000001>,43
7,2,|11111111>,12
7,2,|11111001>,9
7,2,|11110011>,6
7,2,|11101001>,11
7,2,|10001011>,7
7,2,|10010111>,10
7,2,|01000111>,39
7,2,|10000111>,10
7,2,|01101111>,12
7,2,|01101010>,13
7,2,|00001110>,37
7,2,|10000110>,8
7,2,|01110100>,14
7,2,|10001111>,6
7,2,|01001110>,24
7,2,|00001010>,37
7,2,|01110001>,10
7,2,|01011001>,17
7,2,|10001000>,12
7,2,|01010001>,19
7,2,|00001011>,31
7,2,|11111010>,10
7,2,|11101101>,6
7,2,|01001011>,27
7,2,|11101010>,8
7,2,|01111110>,9
7,2,|10010101>,4
7,2,|10100101>,4
7,2,|01110011>,23
7,2,|11101111>,2
7,2,|10001010>,6
7,2,|10001001>,7
7,2,|00110011>,35
7,2,|11111011>,12
7,2,|11110110>,12
7,2,|10010000>,3
7,2,|01010100>,24
7,2,|00100101>,24
7,2,|10100100>,3
7,2,|11011011>,2
7,2,|00101111>,32
7,2,|01000000>,23
7,2,|01001111>,23
7,2,|01100110>,13
7,2,|11110100>,5
7,2,|11101011>,1
7,2,|11110010>,8
7,2,|10000010>,9
7,2,|01110110>,16
7,2,|01100011>,22
7,2,|01110010>,6
7,2,|10010010>,3
7,2,|11000111>,1
7,2,|11100100>,4
7,2,|00100000>,35
7,2,|10001101>,4
7,2,|10101101>,3
7,2,|11101110>,4
7,2,|11010011>,2
7,2,|10011001>,3
7,2,|11001100>,1
7,2,|10000100>,7
7,2,|10011110>,4
7,2,|11110111>,4
7,2,|10001100>,4
7,2,|10010001>,3
7,2,|11011101>,1
7,2,|10011101>,5
7,2,|10101110>,2
7,2,|11111000>,9
7,2,|11100001>,3
7,2,|11010101>,3
7,2,|10110001>,1
7,2,|10000011>,14
7,2,|11100101>,4
7,2,|10010100>,7
7,2,|10010110>,4
7,2,|11011110>,3
7,2,|11100000>,3
7,2,|10011011>,5
7,2,|11100110>,3
7,2,|11100011>,2
7,2,|10100111>,2
7,2,|10011100>,3
7,2,|10011000>,2
7,2,|10100010>,1
7,2,|10110101>,1
7,2,|10011111>,2
7,2,|11110101>,2
7,2,|10100011>,3
7,2,|10100000>,1
7,2,|11110000>,1
7,2,|10110111>,1
7,2,|11101000>,1
7,2,|10101001>,1
7,2,|11011100>,2
7,2,|11010110>,2
7,2,|11001010>,1
7,3,|01001000>,26
7,3,|00010010>,44
7,3,|00000111>,63
7,3,|00110101>,43
7,3,|00101101>,27
7,3,|00000100>,54
7,3,|11101101>,9
7,3,|01010000>,22
7,3,|00101100>,40
7,3,|01011000>,21
7,3,|00011100>,42
7,3,|00011001>,45
7,3,|01010010>,28
7,3,|00100001>,43
7,3,|00001011>,38
7,3,|00101000>,40
7,3,|00001000>,43
7,3,|00111000>,31
7,3,|11101110>,9
7,3,|01011010>,22
7,3,|00000110>,59
7,3,|00011101>,38
7,3,|00110010>,37
7,3,|00111100>,34
7,3,|01001001>,29
7,3,|00101010>,28
7,3,|00001110>,40
7,3,|00101001>,33
7,3,|01011111>,14
7,3,|00101110>,31
7,3,|00100111>,39
7,3,|01111010>,10
7,3,|00101111>,39
7,3,|01101100>,16
7,3,|01100011>,23
7,3,|00001001>,44
7,3,|11100100>,3
7,3,|00110001>,26
7,3,|01011101>,23
7,3,|00000001>,35
7,3,|01010011>,30
7,3,|01001010>,30
7,3,|00010000>,47
7,3,|00001101>,41
7,3,|00111111>,20
7,3,|01000000>,41
7,3,|01000110>,25
7,3,|00001010>,41
7,3,|00100011>,31
7,3,|00110110>,32
7,3,|01100010>,22
7,3,|01101011>,14
7,3,|00000101>,45
7,3,|00111110>,27
7,3,|00010100>,48
7,3,|01100000>,15
7,3,|01010001>,23
7,3,|01111011>,16
7,3,|01000011>,26
7,3,|00100000>,34
7,3,|01101010>,15
7,3,|01001101>,30
7,3,|01000111>,33
7,3,|01110101>,11
7,3,|11100110>,5
7,3,|00100100>,33
7,3,|11110001>,6
7,3,|00001111>,41
7,3,|10001010>,10
7,3,|01111101>,10
7,3,|01000100>,34
7,3,|10001100>,13
7,3,|00110111>,28
7,3,|01111110>,11
7,3,|01100110>,17
7,3,|10010001>,9
7,3,|00100101>,38
7,3,|00110000>,35
7,3,|00010110>,27
7,3,|00011110>,32
7,3,|01111111>,15
7,3,|00011011>,43
7,3,|01001110>,22
7,3,|01010111>,27
7,3,|10010101>,5
7,3,|00010011>,33
7,3,|10101001>,1
7,3,|00111010>,40
7,3,|10110100>,1
7,3,|01101001>,15
7,3,|11110111>,11
7,3,|01110010>,11
7,3,|00111001>,35
7,3,|00100010>,45
7,3,|01111001>,14
7,3,|11011100>,3
7,3,|00011010>,38
7,3,|01101101>,14
7,3,|10001001>,7
7,3,|01011001>,17
7,3,|11010111>,3
7,3,|00011111>,36
7,3,|01000101>,29
7,3,|01101000>,12
7,3,|00111011>,24
7,3,|11111100>,8
7,3,|00010001>,47
7,3,|00001100>,39
7,3,|01010101>,22
7,3,|01110110>,14
7,3,|01011110>,20
7,3,|01100100>,16
7,3,|01011011>,27
7,3,|00100110>,28
7,3,|11011101>,5
7,3,|01111100>,12
7,3,|00000000>,38
7,3,|00000010>,45
7,3,|00000011>,44
7,3,|01101111>,15
7,3,|10000001>,6
7,3,|11110000>,15
7,3,|01100101>,21
7,3,|10001101>,5
7,3,|00110011>,39
7,3,|10000100>,10
7,3,|10101010>,1
7,3,|01110001>,13
7,3,|11110101>,7
7,3,|01000001>,38
7,3,|01110111>,15
7,3,|00010101>,48
7,3,|00011000>,36
7,3,|11011001>,1
7,3,|10010110>,7
7,3,|10000011>,9
7,3,|01100111>,17
7,3,|01001011>,24
7,3,|11101001>,5
7,3,|11100101>,4
7,3,|01110100>,12
7,3,|00110100>,31
7,3,|01011100>,17
7,3,|01110000>,12
7,3,|01001111>,34
7,3,|00101011>,35
7,3,|01111000>,9
7,3,|11111101>,8
7,3,|01010110>,23
7,3,|01100001>,14
7,3,|11100111>,4
7,3,|10010100>,4
7,3,|11010100>,2
7,3,|10000000>,16
7,3,|10100100>,3
7,3,|01101110>,13
7,3,|10100011>,4
7,3,|10001000>,7
7,3,|10000111>,8
7,3,|01001100>,19
7,3,|10011001>,3
7,3,|10001110>,7
7,3,|00111101>,31
7,3,|10100000>,4
7,3,|11011010>,1
7,3,|11110100>,4
7,3,|00010111>,29
7,3,|01000010>,27
7,3,|11111010>,4
7,3,|10000110>,5
7,3,|11101111>,7
7,3,|11110010>,3
7,3,|11001000>,1
7,3,|10010000>,4
7,3,|10100101>,1
7,3,|11100000>,2
7,3,|11010101>,1
7,3,|10011010>,3
7,3,|11101000>,4
7,3,|01010100>,24
7,3,|11101100>,5
7,3,|11111110>,6
7,3,|10001011>,3
7,3,|11111111>,9
7,3,|11100011>,2
7,3,|10000101>,6
7,3,|11101011>,4
7,3,|10011000>,2
7,3,|01110011>,14
7,3,|10110000>,2
7,3,|10011011>,5
7,3,|10011101>,3
7,3,|11110011>,4
7,3,|11111011>,5
7,3,|10001111>,4
7,3,|11101010>,4
7,3,|10011110>,3
7,3,|10000010>,4
7,3,|10011111>,2
7,3,|11110110>,1
7,3,|11010011>,1
7,3,|11111000>,3
7,3,|10010010>,2
7,3,|10100001>,1
7,3,|11011111>,1
7,3,|11001100>,1
7,3,|10100010>,1
7,3,|11111001>,7
7,3,|10101110>,1
7,3,|10110111>,1
7,3,|11011110>,1
7,3,|10100110>,2
7,3,|11100010>,2
7,3,|10110001>,1
7,3,|11001110>,1
7,3,|11000110>,1
7,3,|10101011>,1
7,3,|10111000>,1
7,4,|01010011>,28
7,4,|01100011>,22
7,4,|10001110>,7
7,4,|01010010>,26
7,4,|00110010>,29
7,4,|00011111>,38
7,4,|01111010>,19
7,4,|00101111>,34
7,4,|00010101>,41
7,4,|00111101>,26
7,4,|10000010>,16
7,4,|00100010>,44
7,4,|01000001>,34
7,4,|00100000>,36
7,4,|00001100>,28
7,4,|00101110>,43
7,4,|01000101>,27
7,4,|00001010>,36
7,4,|10010110>,3
7,4,|01011011>,32
7,4,|01011001>,20
7,4,|01001110>,37
7,4,|10000100>,11
7,4,|01100101>,16
7,4,|00000111>,45
7,4,|00011100>,43
7,4,|00011110>,44
7,4,|00000000>,33
7,4,|00011001>,38
7,4,|00010001>,52
7,4,|01010100>,28
7,4,|01111101>,11
7,4,|00101000>,33
7,4,|00111010>,26
7,4,|11101001>,6
7,4,|01001111>,20
7,4,|00010100>,43
7,4,|00101100>,34
7,4,|00010111>,37
7,4,|00000110>,37
7,4,|01100010>,14
7,4,|00001011>,54
7,4,|00011000>,42
7,4,|00001000>,43
7,4,|01010110>,40
7,4,|01001011>,21
7,4,|00110101>,44
7,4,|00110100>,35
7,4,|00000100>,36
7,4,|00110000>,30
7,4,|00111001>,36
7,4,|00001111>,46
7,4,|00101101>,45
7,4,|00101001>,31
7,4,|00100001>,42
7,4,|01000000>,24
7,4,|01001001>,29
7,4,|00110001>,38
7,4,|01000011>,28
7,4,|00010010>,43
7,4,|01001010>,22
7,4,|00110110>,34
7,4,|01111001>,12
7,4,|01110010>,14
7,4,|00001001>,41
7,4,|00100111>,40
7,4,|00111000>,37
7,4,|00010110>,36
7,4,|00011010>,40
7,4,|01001101>,28
7,4,|00100101>,54
7,4,|01101101>,11
7,4,|00111110>,26
7,4,|10000110>,11
7,4,|10000001>,8
7,4,|00101011>,34
7,4,|10100011>,2
7,4,|01101110>,15
7,4,|00001110>,39
7,4,|10100010>,5
7,4,|01011110>,10
7,4,|01111000>,12
7,4,|00100011>,36
7,4,|01101100>,10
7,4,|11111000>,10
7,4,|00100100>,32
7,4,|00001101>,32
7,4,|11110100>,14
7,4,|00111100>,34
7,4,|00010000>,43
7,4,|01011101>,17
7,4,|01100110>,21
7,4,|01000100>,34
7,4,|11101000>,6
7,4,|11100100>,3
7,4,|00011011>,35
7,4,|01000110>,29
7,4,|11110110>,11
7,4,|01011010>,11
7,4,|01110000>,11
7,4,|00111011>,25
7,4,|10010001>,6
7,4,|00110011>,32
7,4,|00111111>,21
7,4,|11101011>,4
7,4,|00000001>,49
7,4,|11100111>,5
7,4,|00010011>,40
7,4,|01100100>,14
7,4,|10011011>,5
7,4,|00110111>,22
7,4,|01101000>,21
7,4,|10000000>,7
7,4,|10010011>,3
7,4,|10010000>,7
7,4,|00100110>,44
7,4,|10011110>,6
7,4,|01010101>,21
7,4,|01110110>,13
7,4,|01001000>,28
7,4,|11111001>,8
7,4,|11111111>,8
7,4,|00000010>,35
7,4,|01000010>,26
7,4,|01110001>,11
7,4,|01001100>,29
7,4,|00000101>,37
7,4,|01101010>,13
7,4,|10010010>,6
7,4,|01110101>,14
7,4,|01110100>,13
7,4,|11111010>,12
7,4,|01011100>,22
7,4,|11101100>,5
7,4,|01100111>,16
7,4,|01010000>,23
7,4,|01010001>,15
7,4,|01000111>,32
7,4,|11110000>,6
7,4,|11011000>,2
7,4,|00011101>,38
7,4,|10000101>,9
7,4,|00000011>,54
7,4,|01011111>,15
7,4,|10111010>,1
7,4,|00101010>,32
7,4,|10001011>,8
7,4,|01111100>,11
7,4,|10001101>,7
7,4,|10101111>,1
7,4,|10000011>,12
7,4,|11010101>,1
7,4,|10100000>,3
7,4,|01010111>,22
7,4,|10100001>,2
7,4,|01011000>,22
7,4,|10011001>,2
7,4,|01101011>,11
7,4,|10010101>,3
7,4,|01110111>,18
7,4,|11111101>,9
7,4,|01100000>,13
7,4,|01111111>,11
7,4,|11100011>,5
7,4,|11110111>,8
7,4,|01101111>,15
7,4,|11111011>,7
7,4,|11001111>,1
7,4,|11110001>,16
7,4,|01100001>,25
7,4,|11110011>,6
7,4,|11110101>,7
7,4,|01101001>,18
7,4,|10001010>,9
7,4,|11101110>,7
7,4,|11111110>,10
7,4,|11100110>,4
7,4,|01110011>,10
7,4,|01111110>,6
7,4,|01111011>,12
7,4,|11110010>,5
7,4,|10001000>,8
7,4,|10011010>,4
7,4,|11100010>,4
7,4,|11111100>,8
7,4,|10001001>,3
7,4,|10101110>,1
7,4,|10001100>,9
7,4,|11101101>,2
7,4,|10000111>,5
7,4,|11100101>,4
7,4,|10011100>,2
7,4,|11011001>,3
7,4,|11011101>,3
7,4,|11101111>,4
7,4,|10010100>,2
7,4,|10011101>,2
7,4,|10001111>,6
7,4,|11101010>,2
7,4,|11010001>,1
7,4,|10101000>,2
7,4,|10110010>,1
7,4,|10100111>,1
7,4,|10101100>,1
7,4,|11011100>,1
7,4,|10101010>,1
7,4,|10101011>,1
7,4,|10100110>,1
7,4,|11011111>,1
7,4,|11010110>,1
7,4,|11010011>,2
7,4,|10011000>,1
7,4,|11011110>,1
7,4,|11100001>,1
7,4,|10100100>,1
7,5,|01100001>,20
7,5,|00010100>,42
7,5,|00001000>,45
7,5,|01000001>,26
7,5,|00001101>,47
7,5,|11110111>,6
7,5,|11111101>,8
7,5,|00100010>,35
7,5,|01100000>,22
7,5,|00100111>,43
7,5,|11111010>,9
7,5,|00010001>,41
7,5,|01000010>,33
7,5,|00000100>,46
7,5,|11111011>,15
7,5,|01100011>,24
7,5,|00000010>,40
7,5,|00011011>,47
7,5,|00011110>,47
7,5,|00010101>,44
7,5,|01111101>,9
7,5,|00010011>,42
7,5,|00110111>,34
7,5,|00010110>,45
7,5,|00011010>,45
7,5,|01100010>,10
7,5,|00100101>,33
7,5,|01111001>,14
7,5,|00011000>,39
7,5,|00001001>,52
7,5,|00111101>,33
7,5,|00000110>,48
7,5,|01010010>,26
7,5,|01101111>,22
7,5,|11111000>,4
7,5,|00101010>,45
7,5,|01001001>,26
7,5,|00001010>,45
7,5,|00101101>,41
7,5,|00100000>,41
7,5,|00100110>,36
7,5,|00010010>,54
7,5,|10010001>,9
7,5,|00000000>,34
7,5,|01001100>,31
7,5,|01110100>,13
7,5,|00110000>,27
7,5,|01001010>,26
7,5,|01000100>,29
7,5,|00111010>,32
7,5,|10000011>,10
7,5,|00000111>,45
7,5,|00110101>,27
7,5,|00000011>,40
7,5,|00101100>,32
7,5,|00101001>,28
7,5,|01010111>,19
7,5,|01001110>,24
7,5,|00011111>,54
7,5,|00110100>,30
7,5,|00011001>,46
7,5,|10101101>,2
7,5,|11011010>,2
7,5,|00111001>,39
7,5,|00111000>,42
7,5,|00110010>,40
7,5,|10111000>,1
7,5,|10001110>,6
7,5,|00010111>,25
7,5,|11110010>,5
7,5,|01100100>,12
7,5,|01101011>,16
7,5,|00110110>,32
7,5,|00111110>,39
7,5,|00101011>,31
7,5,|10010111>,2
7,5,|00100100>,34
7,5,|00101110>,30
7,5,|10001101>,11
7,5,|01110111>,8
7,5,|01001011>,24
7,5,|10001001>,7
7,5,|00110011>,31
7,5,|00001011>,41
7,5,|10010011>,3
7,5,|01000111>,29
7,5,|01010001>,21
7,5,|00101111>,35
7,5,|01011010>,23
7,5,|00100001>,29
7,5,|01111110>,17
7,5,|00001100>,44
7,5,|00000101>,43
7,5,|01000110>,39
7,5,|01010110>,26
7,5,|00001111>,42
7,5,|00011100>,29
7,5,|11110100>,6
7,5,|01101001>,13
7,5,|01110000>,16
7,5,|00111111>,22
7,5,|01011000>,21
7,5,|11010110>,2
7,5,|00001110>,42
7,5,|01110001>,12
7,5,|01010100>,19
7,5,|00101000>,32
7,5,|01101010>,18
7,5,|11100010>,6
7,5,|01001111>,22
7,5,|01001101>,27
7,5,|00010000>,46
7,5,|10000000>,8
7,5,|11100110>,4
7,5,|01110011>,17
7,5,|11010011>,2
7,5,|01101101>,10
7,5,|01011100>,24
7,5,|00100011>,39
7,5,|01000101>,18
7,5,|01001000>,33
7,5,|01011001>,21
7,5,|00000001>,37
7,5,|10001011>,11
7,5,|11110011>,15
7,5,|00110001>,34
7,5,|01010000>,33
7,5,|00111100>,25
7,5,|01011011>,16
7,5,|01010011>,17
7,5,|10010010>,5
7,5,|01111111>,13
7,5,|11110110>,6
7,5,|11100100>,2
7,5,|01011111>,13
7,5,|01111100>,8
7,5,|10100000>,4
7,5,|00011101>,36
7,5,|01010101>,23
7,5,|01110110>,11
7,5,|11110001>,3
7,5,|10000010>,9
7,5,|11011101>,2
7,5,|11100101>,2
7,5,|11101001>,5
7,5,|11110101>,6
7,5,|11101110>,10
7,5,|01000000>,33
7,5,|01111000>,6
7,5,|01101110>,13
7,5,|11011011>,6
7,5,|10000111>,4
7,5,|10010110>,3
7,5,|10001111>,10
7,5,|11111100>,6
7,5,|10010101>,4
7,5,|00111011>,32
7,5,|10001100>,5
7,5,|11101011>,4
7,5,|01101000>,12
7,5,|01100101>,17
7,5,|10000110>,6
7,5,|11101100>,6
7,5,|11111110>,10
7,5,|01100110>,17
7,5,|01100111>,9
7,5,|01000011>,35
7,5,|10000101>,5
7,5,|10100101>,3
7,5,|10001000>,8
7,5,|01110101>,11
7,5,|10000001>,7
7,5,|10011011>,3
7,5,|10101011>,1
7,5,|11011111>,1
7,5,|11111111>,11
7,5,|01110010>,7
7,5,|10010100>,7
7,5,|10011110>,1
7,5,|10100100>,1
7,5,|11011100>,2
7,5,|11010010>,3
7,5,|11101000>,6
7,5,|10001010>,7
7,5,|10110001>,2
7,5,|11111001>,9
7,5,|10101001>,1
7,5,|01011110>,17
7,5,|10010000>,7
7,5,|11101101>,6
7,5,|11100011>,3
7,5,|11011110>,2
7,5,|01111010>,4
7,5,|10101000>,2
7,5,|01101100>,11
7,5,|01011101>,14
7,5,|11100111>,4
7,5,|01111011>,7
7,5,|11010111>,1
7,5,|10011001>,4
7,5,|11100000>,3
7,5,|10101110>,1
7,5,|11110000>,2
7,5,|10011010>,3
7,5,|10110110>,1
7,5,|11010001>,1
7,5,|11100001>,2
7,5,|10100110>,2
7,5,|11101010>,5
7,5,|10011000>,3
7,5,|11010101>,1
7,5,|10000100>,4
7,5,|11001000>,2
7,5,|10110101>,1
7,5,|10100001>,2
7,5,|10100111>,2
7,5,|10100010>,2
7,5,|11101111>,3
7,5,|10101111>,1
7,5,|11011000>,3
7,5,|11001110>,1
7,5,|10100011>,2
7,5,|10011101>,2
7,5,|10110000>,1
7,5,|11010100>,1
7,5,|11000101>,1
7,5,|11001101>,1
7,5,|11001100>,1
7,6,|01100110>,21
7,6,|01100011>,15
7,6,|01110001>,13
7,6,|00100010>,33
7,6,|00111000>,45
7,6,|01001001>,28
7,6,|01111000>,18
7,6,|00100110>,45
7,6,|00001011>,48
7,6,|01100001>,20
7,6,|00001010>,38
7,6,|00001100>,47
7,6,|00010101>,48
7,6,|11101001>,7
7,6,|01010001>,24
7,6,|00011010>,26
7,6,|00111011>,36
7,6,|00101011>,31
7,6,|00010010>,36
7,6,|01011100>,21
7,6,|01101010>,14
7,6,|00000010>,27
7,6,|00001000>,44
7,6,|01000010>,41
7,6,|00000001>,48
7,6,|00001001>,39
7,6,|10010000>,8
7,6,|10000110>,14
7,6,|00111001>,37
7,6,|00100000>,45
7,6,|10011101>,4
7,6,|01110010>,13
7,6,|11011111>,4
7,6,|11111100>,12
7,6,|00011011>,54
7,6,|00100101>,33
7,6,|01011101>,18
7,6,|10011100>,3
7,6,|11110001>,9
7,6,|00000110>,42
7,6,|01000110>,24
7,6,|10011110>,7
7,6,|00010100>,42
7,6,|00111100>,19
7,6,|00110001>,38
7,6,|00010110>,41
7,6,|00101110>,38
7,6,|00110111>,22
7,6,|11111110>,8
7,6,|00000101>,48
7,6,|11111000>,8
7,6,|00011100>,42
7,6,|11111011>,7
7,6,|01001010>,25
7,6,|00111111>,35
7,6,|00110100>,35
7,6,|01001110>,23
7,6,|00001111>,50
7,6,|00010011>,44
7,6,|01010101>,20
7,6,|00011000>,36
7,6,|00011001>,37
7,6,|01010000>,19
7,6,|11111101>,10
7,6,|01101000>,16
7,6,|01101011>,17
7,6,|00100100>,36
7,6,|00101111>,35
7,6,|11101100>,4
7,6,|01101100>,21
7,6,|01101111>,12
7,6,|01010010>,26
7,6,|01111011>,14
7,6,|01011010>,32
7,6,|00110101>,32
7,6,|01000101>,38
7,6,|01010111>,18
7,6,|00010000>,34
7,6,|00110000>,25
7,6,|01011000>,14
7,6,|00001101>,44
7,6,|10000011>,12
7,6,|00101000>,37
7,6,|00101010>,32
7,6,|10001001>,7
7,6,|01111100>,9
7,6,|00100001>,49
7,6,|00000011>,34
7,6,|10000101>,13
7,6,|01111110>,9
7,6,|10011001>,6
7,6,|00010001>,44
7,6,|01000011>,28
7,6,|00010111>,42
7,6,|01011011>,19
7,6,|00001110>,38
7,6,|00011110>,40
7,6,|00011111>,32
7,6,|11110110>,11
7,6,|00101100>,25
7,6,|01001011>,17
7,6,|01110101>,12
7,6,|00111110>,33
7,6,|00000000>,35
7,6,|01001000>,27
7,6,|10010011>,7
7,6,|00110110>,28
7,6,|01011110>,23
7,6,|00101101>,44
7,6,|00000100>,44
7,6,|01100000>,22
7,6,|01001111>,26
7,6,|10001100>,10
7,6,|01000001>,37
7,6,|01011111>,14
7,6,|10001010>,11
7,6,|00011101>,38
7,6,|00100111>,31
7,6,|00100011>,36
7,6,|01100100>,24
7,6,|01000000>,23
7,6,|10110001>,2
7,6,|01010100>,18
7,6,|10001000>,10
7,6,|00101001>,32
7,6,|01001100>,26
7,6,|11100101>,4
7,6,|00111010>,30
7,6,|01001101>,32
7,6,|00111101>,27
7,6,|11110010>,7
7,6,|11110111>,6
7,6,|00110010>,39
7,6,|01000100>,26
7,6,|11011110>,2
7,6,|01100010>,11
7,6,|10000000>,6
7,6,|11111010>,9
7,6,|11100010>,3
7,6,|01010011>,24
7,6,|10010111>,2
7,6,|01111101>,15
7,6,|01010110>,30
7,6,|11011100>,2
7,6,|01101110>,13
7,6,|01110110>,11
7,6,|01111111>,13
7,6,|00110011>,28
7,6,|10000100>,6
7,6,|01011001>,20
7,6,|11111001>,6
7,6,|01000111>,32
7,6,|11101110>,4
7,6,|00000111>,44
7,6,|01110111>,12
7,6,|01100101>,14
7,6,|01101001>,18
7,6,|11101101>,7
7,6,|11111111>,9
7,6,|10010110>,6
7,6,|10011000>,3
7,6,|10001111>,5
7,6,|01110100>,17
7,6,|10011011>,8
7,6,|11100110>,2
7,6,|01110000>,8
7,6,|11100001>,3
7,6,|10010101>,3
7,6,|01100111>,13
7,6,|10010001>,3
7,6,|11101000>,5
7,6,|11110101>,7
7,6,|10010100>,6
7,6,|10010010>,5
7,6,|10000010>,14
7,6,|11100011>,4
7,6,|11100100>,3
7,6,|01111001>,8
7,6,|10011010>,5
7,6,|01101101>,9
7,6,|10001110>,5
7,6,|01111010>,10
7,6,|10101111>,2
7,6,|11101111>,4
7,6,|11100111>,5
7,6,|01110011>,10
7,6,|10001011>,10
7,6,|10000111>,8
7,6,|11101010>,6
7,6,|11001100>,2
7,6,|10101101>,2
7,6,|11110011>,7
7,6,|11001111>,3
7,6,|11101011>,5
7,6,|11010100>,2
7,6,|10001101>,6
7,6,|11110000>,5
7,6,|11011011>,1
7,6,|11011101>,2
7,6,|10100001>,2
7,6,|11010110>,2
7,6,|10000001>,3
7,6,|11110100>,4
7,6,|10100111>,1
7,6,|11100000>,3
7,6,|10100101>,2
7,6,|11011001>,2
7,6,|10100100>,2
7,6,|10110011>,1
7,6,|10101000>,1
7,6,|11000111>,1
7,6,|11001101>,1
7,6,|10101100>,1
7,6,|11010000>,1
7,6,|10110000>,1
7,6,|11011010>,2
7,7,|10001001>,8
7,7,|00100111>,37
7,7,|00010101>,39
7,7,|00010100>,49
7,7,|11101110>,5
7,7,|00000011>,35
7,7,|00010001>,39
7,7,|00100000>,46
7,7,|01010001>,27
7,7,|00111110>,25
7,7,|01010010>,28
7,7,|00011101>,33
7,7,|11111001>,9
7,7,|00110001>,36
7,7,|11111111>,12
7,7,|11110110>,2
7,7,|00011111>,47
7,7,|01101100>,16
7,7,|00011010>,37
7,7,|00000100>,40
7,7,|01101110>,17
7,7,|01100100>,14
7,7,|01100000>,14
7,7,|00100101>,39
7,7,|00001011>,41
7,7,|11110000>,8
7,7,|01001001>,25
7,7,|00110010>,37
7,7,|00001101>,35
7,7,|00100110>,38
7,7,|01000101>,29
7,7,|01101101>,14
7,7,|01111011>,11
7,7,|00110101>,37
7,7,|01011000>,27
7,7,|00001100>,42
7,7,|01100010>,20
7,7,|01001111>,32
7,7,|00110100>,35
7,7,|11110010>,9
7,7,|00000010>,51
7,7,|01101001>,15
7,7,|01000111>,22
7,7,|01010110>,19
7,7,|01001010>,23
7,7,|01011100>,23
7,7,|00111000>,32
7,7,|00001000>,39
7,7,|11111000>,4
7,7,|01010000>,25
7,7,|00111010>,27
7,7,|00100011>,40
7,7,|00011011>,32
7,7,|01010101>,16
7,7,|00010111>,44
7,7,|00101010>,34
7,7,|01000110>,28
7,7,|00000001>,42
7,7,|01001110>,21
7,7,|00111001>,23
7,7,|11110001>,7
7,7,|01001000>,27
7,7,|00000110>,52
7,7,|00000101>,34
7,7,|01011111>,14
7,7,|00010000>,44
7,7,|01111100>,15
7,7,|10000000>,5
7,7,|11011011>,3
7,7,|11101111>,6
7,7,|01011010>,25
7,7,|11100010>,3
7,7,|00111011>,32
7,7,|00101011>,39
7,7,|11100101>,4
7,7,|11111011>,6
7,7,|11100011>,3
7,7,|01011001>,25
7,7,|00001010>,40
7,7,|00111100>,39
7,7,|00111101>,38
7,7,|00000111>,54
7,7,|00101100>,35
7,7,|10011011>,2
7,7,|01100001>,20
7,7,|00100010>,35
7,7,|01011110>,23
7,7,|00101000>,56
7,7,|00110000>,31
7,7,|01100011>,11
7,7,|10000110>,10
7,7,|01111111>,11
7,7,|10011101>,2
7,7,|10001101>,4
7,7,|01111001>,9
7,7,|00001110>,54
7,7,|10000111>,7
7,7,|00101001>,36
7,7,|00010011>,32
7,7,|01000100>,31
7,7,|00100100>,47
7,7,|00100001>,34
7,7,|00011100>,41
7,7,|00110011>,23
7,7,|01011101>,18
7,7,|00101111>,25
7,7,|00001001>,48
7,7,|01100110>,21
7,7,|10010110>,2
7,7,|01001011>,25
7,7,|01110010>,8
7,7,|11110111>,12
7,7,|00011001>,48
7,7,|01110000>,20
7,7,|10000100>,5
7,7,|01110101>,17
7,7,|01000011>,27
7,7,|11111100>,12
7,7,|00000000>,45
7,7,|01111010>,12
7,7,|10001010>,6
7,7,|00010010>,46
7,7,|11011010>,2
7,7,|01101011>,28
7,7,|10101001>,2
7,7,|01000001>,32
7,7,|01101000>,13
7,7,|10001000>,6
7,7,|10001111>,9
7,7,|01010111>,18
7,7,|00110110>,28
7,7,|00111111>,27
7,7,|01100101>,20
7,7,|01000010>,22
7,7,|01110111>,8
7,7,|01001100>,27
7,7,|00010110>,35
7,7,|00011000>,49
7,7,|01001101>,30
7,7,|00101110>,31
7,7,|11111110>,7
7,7,|11101100>,6
7,7,|11111010>,12
7,7,|01100111>,24
7,7,|00001111>,25
7,7,|10011001>,10
7,7,|11010110>,3
7,7,|10011100>,4
7,7,|01111110>,8
7,7,|00110111>,23
7,7,|10000101>,4
7,7,|11100110>,5
7,7,|10011111>,6
7,7,|01010011>,22
7,7,|01010100>,21
7,7,|10100111>,2
7,7,|11110011>,8
7,7,|01111101>,11
7,7,|10000001>,8
7,7,|11100100>,4
7,7,|11101010>,4
7,7,|00011110>,49
7,7,|01101111>,16
7,7,|01000000>,27
7,7,|10011000>,3
7,7,|01011011>,32
7,7,|10001011>,6
7,7,|11100000>,3
7,7,|10010000>,5
7,7,|01111000>,12
7,7,|10001110>,4
7,7,|01110011>,11
7,7,|01110110>,14
7,7,|01101010>,16
7,7,|11101011>,7
7,7,|11110100>,4
7,7,|00101101>,37
7,7,|01110001>,11
7,7,|11101001>,3
7,7,|10010101>,7
7,7,|11100001>,2
7,7,|11010000>,2
7,7,|10000011>,7
7,7,|01110100>,10
7,7,|10011010>,4
7,7,|10010011>,2
7,7,|10001100>,7
7,7,|10100011>,1
7,7,|10010100>,5
7,7,|10010010>,6
7,7,|10000010>,6
7,7,|10100110>,1
7,7,|11111101>,8
7,7,|11110101>,4
7,7,|10100001>,3
7,7,|11101101>,3
7,7,|10110000>,1
7,7,|11011111>,3
7,7,|11011001>,2
7,7,|10100101>,1
7,7,|10010001>,3
7,7,|11001101>,1
7,7,|11101000>,1
7,7,|11010111>,3
7,7,|10100010>,1
7,7,|10100100>,1
7,7,|11010011>,1
7,7,|11011000>,1
7,7,|11010010>,1
7,7,|10011110>,3
7,7,|11001110>,1
7,7,|10101011>,2
7,7,|11011110>,2
7,7,|10101101>,1
7,7,|11011100>,1
7,7,|10110001>,1
7,7,|11010100>,1
7,7,|11100111>,1
7,7,|10010111>,1
7,8,|01110111>,10
7,8,|01100001>,27
7,8,|10000011>,10
7,8,|01000011>,37
7,8,|00010011>,45
7,8,|00000001>,38
7,8,|01011000>,28
7,8,|00011111>,32
7,8,|00111011>,26
7,8,|00011110>,44
7,8,|01111010>,12
7,8,|00101110>,45
7,8,|00010001>,37
7,8,|00011101>,37
7,8,|01000111>,30
7,8,|01001100>,30
7,8,|00111100>,28
7,8,|10100111>,1
7,8,|01010101>,24
7,8,|10000101>,13
7,8,|00110001>,42
7,8,|00100000>,33
7,8,|01111110>,12
7,8,|01010001>,26
7,8,|01100101>,26
7,8,|00110010>,43
7,8,|10000111>,8
7,8,|00100100>,35
7,8,|00100111>,41
7,8,|00001011>,36
7,8,|01100011>,19
7,8,|00110000>,33
7,8,|00110101>,43
7,8,|01000001>,37
7,8,|01000110>,32
7,8,|00001000>,42
7,8,|00010010>,40
7,8,|00100010>,52
7,8,|00001001>,35
7,8,|00100011>,34
7,8,|00110100>,35
7,8,|11111000>,9
7,8,|01010110>,29
7,8,|00000111>,37
7,8,|00001100>,47
7,8,|00010000>,38
7,8,|00000101>,36
7,8,|01101111>,15
7,8,|00100110>,35
7,8,|00001010>,45
7,8,|00000011>,45
7,8,|01101001>,16
7,8,|01111101>,6
7,8,|00010101>,37
7,8,|01100110>,18
7,8,|00001101>,32
7,8,|00000010>,39
7,8,|01011110>,17
7,8,|00001111>,37
7,8,|11101101>,5
7,8,|10001010>,10
7,8,|00100001>,31
7,8,|00111001>,25
7,8,|00011000>,49
7,8,|01010011>,26
7,8,|00010110>,45
7,8,|01100111>,12
7,8,|00011100>,46
7,8,|00110110>,40
7,8,|01001011>,30
7,8,|00000000>,44
7,8,|00101011>,40
7,8,|01000010>,40
7,8,|11110110>,11
7,8,|00010111>,38
7,8,|01101011>,17
7,8,|00101101>,42
7,8,|11101001>,2
7,8,|00110111>,32
7,8,|01000000>,30
7,8,|01000100>,19
7,8,|00110011>,40
7,8,|00111000>,35
7,8,|11110111>,6
7,8,|00101010>,32
7,8,|01110010>,10
7,8,|00101111>,39
7,8,|10000001>,12
7,8,|01011001>,27
7,8,|00011010>,33
7,8,|11101011>,5
7,8,|01001111>,21
7,8,|00111101>,25
7,8,|00000110>,41
7,8,|00101100>,44
7,8,|01110100>,18
7,8,|00011011>,40
7,8,|00101001>,38
7,8,|01100010>,20
7,8,|01000101>,38
7,8,|00001110>,47
7,8,|00011001>,35
7,8,|10100101>,3
7,8,|10000100>,8
7,8,|11101000>,3
7,8,|01101101>,20
7,8,|01100000>,15
7,8,|00010100>,34
7,8,|01001010>,30
7,8,|00111111>,32
7,8,|01001000>,29
7,8,|01100100>,13
7,8,|11111010>,7
7,8,|01001001>,26
7,8,|00000100>,36
7,8,|10010100>,4
7,8,|01011111>,21
7,8,|01110001>,18
7,8,|01001110>,29
7,8,|00100101>,37
7,8,|10001001>,11
7,8,|11111100>,8
7,8,|10010111>,2
7,8,|01011101>,19
7,8,|10010011>,3
7,8,|01010111>,16
7,8,|01111000>,13
7,8,|11100001>,7
7,8,|01011100>,24
7,8,|01101100>,16
7,8,|00101000>,23
7,8,|11111111>,15
7,8,|10001111>,4
7,8,|01101010>,14
7,8,|01011010>,24
7,8,|10001110>,6
7,8,|11110101>,6
7,8,|11111110>,8
7,8,|01011011>,15
7,8,|01110011>,11
7,8,|11010001>,2
7,8,|11011101>,1
7,8,|10010000>,3
7,8,|11110001>,5
7,8,|11110000>,8
7,8,|10001101>,9
7,8,|11111011>,6
7,8,|11010111>,1
7,8,|10000010>,7
7,8,|01001101>,25
7,8,|00111010>,27
7,8,|00111110>,19
7,8,|01101110>,12
7,8,|01010010>,17
7,8,|01111111>,12
7,8,|10101010>,1
7,8,|01101000>,15
7,8,|10000000>,6
7,8,|01110101>,9
7,8,|11011010>,2
7,8,|01010000>,26
7,8,|11100010>,2
7,8,|01010100>,15
7,8,|01111011>,12
7,8,|10001100>,5
7,8,|11110010>,4
7,8,|01111100>,11
7,8,|01110110>,11
7,8,|10010001>,6
7,8,|10100010>,1
7,8,|01110000>,11
7,8,|11101100>,2
7,8,|11110011>,4
7,8,|10001000>,6
7,8,|10010101>,2
7,8,|11010110>,1
7,8,|01111001>,11
7,8,|10011100>,3
7,8,|10101001>,2
7,8,|11011100>,3
7,8,|10011011>,5
7,8,|11101111>,8
7,8,|11100100>,4
7,8,|11011110>,4
7,8,|11110100>,5
7,8,|11101110>,3
7,8,|11100101>,6
7,8,|10010010>,8
7,8,|11111001>,3
7,8,|10110110>,1
7,8,|11111101>,11
7,8,|10010110>,5
7,8,|10001011>,8
7,8,|10100001>,2
7,8,|10000110>,6
7,8,|10101101>,2
7,8,|10011111>,4
7,8,|11010100>,2
7,8,|10100011>,2
7,8,|11100011>,2
7,8,|11100110>,2
7,8,|10100110>,1
7,8,|10011110>,3
7,8,|10111010>,2
7,8,|11100111>,4
7,8,|11010011>,1
7,8,|10011101>,1
7,8,|10101100>,3
7,8,|11001100>,2
7,8,|11011000>,1
7,8,|10100100>,2
7,8,|10110010>,1
7,8,|11101010>,5
7,8,|11001111>,1
7,8,|10011001>,1
7,8,|11000101>,1
7,8,|10110111>,1
7,8,|11011011>,2
7,9,|00101010>,39
7,9,|01010001>,30
7,9,|00001010>,53
7,9,|10001101>,9
7,9,|00011111>,42
7,9,|00111101>,30
7,9,|01011101>,16
7,9,|00101011>,29
7,9,|11101101>,4
7,9,|00001111>,52
7,9,|00111001>,29
7,9,|01010100>,17
7,9,|00011110>,35
7,9,|00100011>,46
7,9,|00100111>,37
7,9,|01111000>,9
7,9,|00111111>,28
7,9,|00100110>,31
7,9,|00011100>,39
7,9,|00011010>,43
7,9,|00110010>,42
7,9,|00001000>,34
7,9,|00011001>,36
7,9,|01000101>,29
7,9,|01100101>,18
7,9,|00001011>,45
7,9,|11100011>,4
7,9,|11010111>,3
7,9,|00010001>,49
7,9,|00001100>,40
7,9,|01001110>,25
7,9,|01000001>,31
7,9,|00111110>,25
7,9,|10000001>,9
7,9,|00111011>,28
7,9,|00100000>,35
7,9,|01101010>,12
7,9,|01000011>,27
7,9,|00010010>,44
7,9,|11111000>,6
7,9,|00010100>,45
7,9,|00110111>,33
7,9,|01010000>,26
7,9,|00110001>,28
7,9,|00100001>,43
7,9,|00010011>,32
7,9,|00100010>,45
7,9,|00110000>,27
7,9,|00000011>,39
7,9,|01100100>,21
7,9,|00101100>,42
7,9,|01010101>,28
7,9,|01100110>,18
7,9,|00000111>,39
7,9,|00000001>,51
7,9,|00000110>,49
7,9,|01110000>,11
7,9,|00011000>,41
7,9,|11100010>,4
7,9,|01011011>,22
7,9,|01000000>,30
7,9,|01011111>,17
7,9,|00110101>,35
7,9,|01010011>,23
7,9,|11111110>,7
7,9,|01000100>,36
7,9,|00010111>,33
7,9,|00101001>,39
7,9,|01011001>,19
7,9,|00010000>,54
7,9,|11111100>,6
7,9,|00011101>,44
7,9,|01000111>,20
7,9,|00001101>,37
7,9,|00000010>,38
7,9,|00100101>,33
7,9,|00010101>,36
7,9,|11100101>,6
7,9,|00000101>,48
7,9,|01001101>,28
7,9,|00101110>,40
7,9,|00110011>,39
7,9,|01010110>,26
7,9,|01000010>,24
7,9,|01001001>,27
7,9,|00100100>,29
7,9,|00111000>,32
7,9,|01100001>,15
7,9,|00101111>,42
7,9,|01101111>,11
7,9,|00111100>,31
7,9,|00011011>,27
7,9,|11101011>,4
7,9,|11100111>,3
7,9,|10000010>,7
7,9,|10001000>,7
7,9,|01110010>,15
7,9,|11110111>,12
7,9,|00000100>,40
7,9,|01001000>,28
7,9,|01001111>,32
7,9,|01101000>,23
7,9,|11011100>,3
7,9,|01011010>,22
7,9,|00111010>,35
7,9,|00101000>,33
7,9,|00110100>,26
7,9,|01101001>,15
7,9,|00000000>,53
7,9,|01101011>,19
7,9,|01111011>,18
7,9,|01101100>,17
7,9,|11111001>,9
7,9,|01111001>,11
7,9,|01010010>,30
7,9,|10100001>,2
7,9,|00010110>,41
7,9,|10011001>,3
7,9,|11000101>,1
7,9,|11111010>,7
7,9,|01010111>,23
7,9,|00110110>,33
7,9,|01111100>,14
7,9,|01011000>,18
7,9,|01110101>,13
7,9,|01000110>,29
7,9,|10000100>,6
7,9,|10000000>,11
7,9,|01001010>,24
7,9,|10101000>,2
7,9,|11110101>,8
7,9,|00001001>,46
7,9,|10000110>,10
7,9,|01111010>,13
7,9,|01110110>,11
7,9,|00001110>,32
7,9,|10001111>,6
7,9,|10010010>,7
7,9,|11101100>,5
7,9,|11100100>,5
7,9,|00101101>,41
7,9,|01100000>,23
7,9,|11101111>,6
7,9,|01111101>,10
7,9,|10000101>,13
7,9,|10000111>,6
7,9,|10011101>,2
7,9,|01001100>,19
7,9,|01110100>,8
7,9,|10011010>,4
7,9,|01001011>,27
7,9,|10010001>,5
7,9,|11010110>,3
7,9,|11110011>,9
7,9,|01110001>,16
7,9,|11110000>,6
7,9,|01011100>,16
7,9,|01011110>,24
7,9,|11110010>,11
7,9,|01110011>,14
7,9,|10000011>,6
7,9,|11111011>,11
7,9,|10011000>,9
7,9,|11111111>,11
7,9,|11011110>,4
7,9,|10010110>,3
7,9,|01100011>,17
7,9,|10011110>,2
7,9,|10010100>,3
7,9,|01100111>,17
7,9,|01101110>,20
7,9,|11010011>,1
7,9,|10010000>,7
7,9,|01111110>,12
7,9,|10110000>,2
7,9,|11011011>,3
7,9,|01100010>,14
7,9,|11010100>,1
7,9,|11110110>,7
7,9,|10001010>,6
7,9,|10010011>,2
7,9,|10010101>,5
7,9,|01101101>,12
7,9,|10100101>,2
7,9,|10011011>,4
7,9,|01111111>,9
7,9,|10001100>,3
7,9,|11110001>,6
7,9,|10001011>,4
7,9,|10100011>,2
7,9,|10100100>,3
7,9,|01110111>,8
7,9,|11110100>,3
7,9,|11101010>,2
7,9,|10011111>,2
7,9,|10001001>,4
7,9,|10100110>,1
7,9,|11111101>,6
7,9,|11011001>,2
7,9,|11001010>,2
7,9,|11011111>,1
7,9,|11101110>,1
7,9,|10011100>,1
7,9,|11100110>,4
7,9,|10001110>,4
7,9,|11100000>,2
7,9,|11100001>,1
7,9,|11101000>,3
7,9,|11010001>,1
7,9,|10100010>,1
7,9,|11011101>,1
7,9,|11001111>,2
7,9,|10101110>,1
7,9,|11011010>,1
7,9,|11001110>,1
7,9,|11011000>,1
7,9,|11001101>,1
7,10,|00110100>,32
7,10,|01011000>,23
7,10,|11111001>,9
7,10,|00100011>,33
7,10,|01110101>,18
7,10,|00110011>,39
7,10,|00100101>,35
7,10,|00000101>,50
7,10,|00100010>,36
7,10,|01101000>,19
7,10,|00011000>,46
7,10,|00010110>,48
7,10,|10010111>,2
7,10,|00001111>,42
7,10,|01001100>,24
7,10,|00001011>,41
7,10,|00101010>,38
7,10,|00110111>,38
7,10,|00011101>,32
7,10,|10001011>,6
7,10,|01011010>,21
7,10,|00111001>,19
7,10,|01000000>,30
7,10,|00000100>,41
7,10,|01010001>,18
7,10,|00111101>,28
7,10,|00111111>,22
7,10,|00000011>,43
7,10,|01001111>,23
7,10,|00000001>,38
7,10,|00101011>,38
7,10,|00011100>,32
7,10,|10001000>,8
7,10,|01011100>,15
7,10,|01100000>,17
7,10,|00011110>,34
7,10,|00100100>,38
7,10,|01110000>,14
7,10,|01011001>,18
7,10,|00011010>,61
7,10,|01001000>,40
7,10,|00110000>,27
7,10,|01100011>,17
7,10,|01000011>,27
7,10,|01111100>,14
7,10,|01000111>,25
7,10,|00101100>,41
7,10,|01001001>,29
7,10,|00010010>,36
7,10,|00010111>,40
7,10,|00010001>,42
7,10,|01011110>,24
7,10,|00001100>,46
7,10,|01000010>,23
7,10,|11111010>,8
7,10,|01001101>,24
7,10,|00100111>,27
7,10,|00001000>,50
7,10,|00101000>,38
7,10,|00101111>,26
7,10,|11101111>,4
7,10,|00011001>,37
7,10,|01001010>,22
7,10,|01110110>,9
7,10,|10001101>,4
7,10,|00100001>,44
7,10,|00100000>,40
7,10,|01111010>,12
7,10,|00000010>,47
7,10,|01010000>,21
7,10,|00000111>,43
7,10,|00010101>,54
7,10,|01000110>,22
7,10,|11100000>,2
7,10,|00001101>,40
7,10,|11110111>,9
7,10,|00110101>,40
7,10,|01000100>,31
7,10,|01001011>,35
7,10,|01100001>,21
7,10,|11101010>,3
7,10,|01010010>,26
7,10,|00010100>,34
7,10,|00101101>,57
7,10,|00110010>,31
7,10,|01010110>,21
7,10,|00010011>,25
7,10,|11111011>,4
7,10,|00000000>,40
7,10,|01101111>,16
7,10,|00001110>,35
7,10,|10000010>,9
7,10,|01001110>,25
7,10,|01010011>,27
7,10,|01110100>,14
7,10,|00100110>,32
7,10,|01101001>,21
7,10,|00111011>,35
7,10,|00010000>,47
7,10,|11111110>,10
7,10,|10100010>,3
7,10,|01011101>,17
7,10,|11101110>,7
7,10,|01100101>,22
7,10,|00111110>,27
7,10,|11111101>,5
7,10,|00000110>,47
7,10,|10001001>,5
7,10,|01100100>,16
7,10,|01110111>,17
7,10,|00110001>,47
7,10,|00001010>,57
7,10,|11100100>,5
7,10,|01010101>,21
7,10,|10011000>,4
7,10,|01010100>,25
7,10,|01010111>,23
7,10,|11110110>,8
7,10,|00111000>,34
7,10,|01111111>,11
7,10,|10000001>,12
7,10,|00111010>,35
7,10,|01011011>,21
7,10,|01111000>,11
7,10,|01100111>,18
7,10,|00001001>,48
7,10,|00110110>,42
7,10,|00101110>,40
7,10,|01100010>,21
7,10,|01100110>,14
7,10,|01111101>,13
7,10,|01110010>,12
7,10,|10010101>,4
7,10,|00011011>,44
7,10,|11100010>,2
7,10,|00011111>,37
7,10,|11111111>,6
7,10,|01111011>,9
7,10,|01000001>,25
7,10,|10001111>,4
7,10,|01011111>,23
7,10,|01101101>,12
7,10,|11101011>,7
7,10,|00111100>,21
7,10,|10010011>,2
7,10,|10100001>,1
7,10,|10001010>,8
7,10,|11110010>,6
7,10,|10010001>,9
7,10,|01111001>,10
7,10,|11010011>,3
7,10,|11100110>,3
7,10,|11011110>,3
7,10,|10001100>,5
7,10,|01110011>,9
7,10,|11011010>,2
7,10,|11010000>,1
7,10,|10011101>,3
7,10,|11111100>,8
7,10,|01101100>,16
7,10,|01000101>,25
7,10,|10001110>,8
7,10,|01101110>,11
7,10,|01111110>,12
7,10,|01101011>,12
7,10,|10101111>,1
7,10,|11101100>,8
7,10,|11100111>,5
7,10,|11101001>,6
7,10,|10000100>,6
7,10,|00101001>,33
7,10,|10011010>,3
7,10,|10011111>,1
7,10,|11110000>,5
7,10,|10000011>,6
7,10,|10000111>,10
7,10,|01110001>,10
7,10,|11101000>,5
7,10,|11110101>,7
7,10,|10100000>,1
7,10,|01101010>,12
7,10,|11011100>,3
7,10,|10101101>,2
7,10,|11110100>,3
7,10,|10101100>,1
7,10,|11100011>,3
7,10,|10011011>,3
7,10,|10000110>,4
7,10,|10000101>,6
7,10,|11101101>,4
7,10,|10000000>,11
7,10,|11110011>,9
7,10,|11011101>,4
7,10,|10100110>,2
7,10,|10010000>,4
7,10,|10010010>,4
7,10,|11111000>,6
7,10,|11010110>,2
7,10,|11011000>,2
7,10,|11110001>,5
7,10,|11010100>,1
7,10,|10101000>,3
7,10,|11001111>,2
7,10,|10010110>,3
7,10,|10101011>,2
7,10,|10101110>,1
7,10,|10011110>,1
7,10,|11011001>,2
7,10,|10010100>,1
7,10,|11010111>,3
7,10,|10101010>,2
7,10,|11010101>,2
7,10,|10100111>,2
7,10,|11011111>,3
7,10,|11010001>,1
7,10,|11001010>,2
7,10,|11100101>,1
7,10,|10100101>,1
7,10,|10110010>,1
7,10,|10100100>,1
7,10,|10011001>,2
7,10,|10100011>,1
7,11,|00001111>,44
7,11,|11101010>,6
7,11,|00001110>,41
7,11,|00100000>,36
7,11,|00100111>,35
7,11,|00000111>,40
7,11,|00010101>,43
7,11,|11110111>,9
7,11,|00010000>,53
7,11,|01001010>,31
7,11,|01101011>,18
7,11,|00010011>,45
7,11,|00001011>,40
7,11,|00000110>,49
7,11,|00000001>,43
7,11,|00110111>,33
7,11,|00000010>,42
7,11,|01011001>,22
7,11,|10000100>,12
7,11,|01110100>,6
7,11,|01111101>,7
7,11,|01010010>,18
7,11,|00101110>,37
7,11,|00110100>,31
7,11,|01001110>,26
7,11,|00001101>,38
7,11,|00100110>,38
7,11,|00001100>,50
7,11,|00111011>,29
7,11,|00011010>,35
7,11,|00010001>,44
7,11,|01110101>,15
7,11,|01011101>,26
7,11,|00010010>,38
7,11,|01001101>,25
7,11,|01001001>,18
7,11,|01001100>,35
7,11,|01100001>,16
7,11,|00101010>,33
7,11,|01100000>,21
7,11,|11010011>,3
7,11,|01010011>,32
7,11,|01101111>,16
7,11,|00000000>,41
7,11,|01010110>,25
7,11,|00110001>,37
7,11,|00101100>,34
7,11,|01101000>,14
7,11,|01000110>,20
7,11,|00110011>,34
7,11,|00011000>,39
7,11,|01000011>,33
7,11,|00101111>,40
7,11,|00100001>,36
7,11,|01100100>,26
7,11,|01010100>,18
7,11,|01110111>,10
7,11,|11101110>,7
7,11,|00010110>,48
7,11,|00100100>,33
7,11,|01011100>,15
7,11,|01010111>,32
7,11,|00000011>,49
7,11,|01000101>,25
7,11,|00011011>,44
7,11,|00011001>,47
7,11,|01010001>,21
7,11,|11110100>,3
7,11,|00111100>,32
7,11,|01011011>,18
7,11,|00100010>,43
7,11,|01011111>,23
7,11,|00110110>,29
7,11,|00111000>,18
7,11,|01101010>,13
7,11,|11100110>,4
7,11,|00010100>,45
7,11,|00011101>,48
7,11,|00111010>,36
7,11,|00011110>,28
7,11,|10101000>,2
7,11,|11110010>,11
7,11,|00011100>,30
7,11,|11101001>,6
7,11,|10001100>,7
7,11,|00101101>,29
7,11,|00100101>,48
7,11,|00000101>,39
7,11,|10010101>,6
7,11,|01111001>,11
7,11,|00110010>,21
7,11,|00110101>,33
7,11,|01101001>,16
7,11,|11110110>,3
7,11,|01011000>,20
7,11,|00011111>,37
7,11,|10001011>,9
7,11,|00111001>,39
7,11,|10001111>,2
7,11,|01111110>,16
7,11,|01011010>,25
7,11,|01101110>,16
7,11,|10010110>,5
7,11,|00111111>,32
7,11,|01000100>,25
7,11,|10010001>,5
7,11,|00101001>,46
7,11,|00100011>,38
7,11,|01000001>,31
7,11,|00110000>,32
7,11,|10000111>,4
7,11,|01010101>,20
7,11,|01100101>,13
7,11,|01001000>,32
7,11,|01110000>,14
7,11,|10010100>,4
7,11,|01001111>,30
7,11,|00101000>,36
7,11,|00111110>,36
7,11,|11111111>,13
7,11,|10001010>,3
7,11,|11100111>,4
7,11,|00001001>,45
7,11,|10010011>,4
7,11,|01000010>,29
7,11,|01011110>,22
7,11,|01000000>,38
7,11,|01101100>,16
7,11,|00001010>,44
7,11,|01110010>,11
7,11,|00001000>,44
7,11,|01110110>,17
7,11,|01111010>,9
7,11,|01001011>,26
7,11,|10000110>,12
7,11,|01100011>,30
7,11,|11111101>,7
7,11,|11101000>,6
7,11,|01000111>,27
7,11,|00010111>,44
7,11,|10001001>,10
7,11,|10100001>,1
7,11,|01100111>,16
7,11,|01100010>,20
7,11,|11110011>,5
7,11,|11101011>,3
7,11,|10100000>,5
7,11,|11101100>,8
7,11,|10000001>,9
7,11,|11111001>,13
7,11,|00111101>,24
7,11,|00000100>,27
7,11,|10100110>,3
7,11,|11110001>,3
7,11,|10000011>,4
7,11,|10011111>,3
7,11,|10000000>,7
7,11,|10001101>,9
7,11,|11111110>,13
7,11,|11110101>,7
7,11,|10111000>,1
7,11,|11111100>,9
7,11,|01010000>,21
7,11,|00101011>,29
7,11,|01100110>,15
7,11,|01110001>,18
7,11,|10000101>,8
7,11,|01111011>,11
7,11,|11101101>,4
7,11,|11011001>,3
7,11,|10010000>,5
7,11,|01101101>,12
7,11,|01111100>,17
7,11,|11111011>,3
7,11,|11010110>,2
7,11,|01111000>,9
7,11,|11011101>,2
7,11,|10011011>,5
7,11,|10000010>,3
7,11,|10001000>,7
7,11,|11100001>,2
7,11,|11110000>,4
7,11,|11101111>,6
7,11,|10011101>,3
7,11,|11111000>,1
7,11,|01111111>,4
7,11,|10110001>,1
7,11,|11001101>,1
7,11,|11011100>,4
7,11,|10001110>,1
7,11,|10100111>,2
7,11,|10010111>,4
7,11,|11111010>,11
7,11,|11100000>,2
7,11,|01110011>,8
7,11,|11100011>,3
7,11,|11011110>,1
7,11,|11100101>,4
7,11,|10110000>,1
7,11,|10100101>,2
7,11,|10011110>,1
7,11,|10101010>,1
7,11,|10011001>,3
7,11,|10011100>,3
7,11,|10100100>,2
7,11,|10010010>,2
7,11,|11010000>,1
7,11,|10011000>,3
7,11,|11011011>,1
7,11,|10100010>,1
7,11,|10101111>,1
7,11,|10101101>,1
7,11,|11011010>,2
7,11,|10100011>,1
7,11,|11011111>,2
7,11,|11100100>,1
7,11,|10011010>,1
7,11,|11010111>,1
7,11,|11100010>,1
7,11,|10101001>,1
7,12,|00111010>,33
7,12,|00100110>,34
7,12,|00000100>,58
7,12,|00111101>,28
7,12,|01010101>,20
7,12,|11111010>,7
7,12,|10011110>,4
7,12,|10000101>,7
7,12,|00100101>,36
7,12,|00100000>,39
7,12,|00011001>,43
7,12,|01100011>,16
7,12,|01011100>,19
7,12,|01001110>,18
7,12,|01010100>,22
7,12,|00010010>,40
7,12,|01101100>,20
7,12,|00100001>,34
7,12,|01000101>,34
7,12,|00100111>,45
7,12,|01001111>,25
7,12,|00010110>,50
7,12,|00011010>,50
7,12,|01011011>,23
7,12,|00111111>,27
7,12,|00111110>,33
7,12,|00011000>,50
7,12,|00110100>,36
7,12,|00110111>,31
7,12,|00010100>,45
7,12,|01000011>,26
7,12,|01000111>,31
7,12,|00001011>,39
7,12,|00001111>,29
7,12,|00101011>,32
7,12,|00011111>,48
7,12,|10000110>,8
7,12,|10000001>,12
7,12,|00011011>,51
7,12,|00100011>,41
7,12,|00001000>,44
7,12,|01010111>,32
7,12,|00000110>,36
7,12,|01001101>,25
7,12,|01000100>,28
7,12,|01110100>,17
7,12,|01111101>,10
7,12,|00100100>,42
7,12,|10001000>,6
7,12,|00101000>,39
7,12,|01010110>,21
7,12,|00000011>,40
7,12,|00111100>,48
7,12,|11101111>,6
7,12,|00000010>,39
7,12,|10001010>,6
7,12,|01000110>,33
7,12,|01011001>,21
7,12,|11110011>,8
7,12,|01011000>,30
7,12,|01111001>,13
7,12,|11111011>,7
7,12,|00100010>,49
7,12,|00101010>,33
7,12,|00010011>,47
7,12,|01100001>,20
7,12,|00000101>,42
7,12,|00110011>,36
7,12,|11101110>,5
7,12,|01010001>,18
7,12,|00110110>,39
7,12,|00101100>,38
7,12,|00110000>,38
7,12,|00000001>,45
7,12,|00010001>,41
7,12,|00110010>,26
7,12,|11110100>,10
7,12,|11100011>,2
7,12,|01000001>,29
7,12,|01001011>,34
7,12,|00000111>,41
7,12,|01110110>,11
7,12,|01001100>,29
7,12,|00001100>,46
7,12,|01001010>,26
7,12,|00101101>,37
7,12,|11111110>,14
7,12,|10011011>,2
7,12,|00101111>,44
7,12,|00110101>,21
7,12,|11110101>,4
7,12,|00011100>,26
7,12,|10100001>,2
7,12,|01011101>,15
7,12,|01101001>,16
7,12,|00011101>,42
7,12,|11111100>,8
7,12,|11111000>,5
7,12,|11110010>,7
7,12,|00010101>,28
7,12,|01111000>,14
7,12,|00001110>,36
7,12,|00010111>,37
7,12,|00000000>,39
7,12,|01001000>,16
7,12,|00110001>,21
7,12,|00101110>,32
7,12,|01110001>,15
7,12,|01111110>,6
7,12,|01000010>,30
7,12,|00010000>,33
7,12,|01011111>,20
7,12,|01110111>,8
7,12,|01110000>,12
7,12,|01101000>,11
7,12,|01100101>,16
7,12,|01100111>,14
7,12,|10010000>,8
7,12,|01100010>,20
7,12,|01010010>,28
7,12,|10000100>,12
7,12,|00111001>,32
7,12,|00001001>,42
7,12,|10101010>,2
7,12,|01110101>,10
7,12,|10001100>,11
7,12,|01101011>,17
7,12,|01101010>,12
7,12,|00111011>,26
7,12,|01011010>,16
7,12,|01111100>,11
7,12,|10001001>,8
7,12,|00001101>,34
7,12,|10000000>,10
7,12,|00011110>,46
7,12,|01010011>,30
7,12,|01110010>,13
7,12,|01001001>,26
7,12,|10010101>,3
7,12,|11100001>,4
7,12,|10000010>,11
7,12,|01101101>,17
7,12,|11101001>,1
7,12,|10011010>,5
7,12,|01011110>,19
7,12,|00111000>,34
7,12,|10010100>,8
7,12,|00101001>,28
7,12,|01100100>,13
7,12,|00001010>,45
7,12,|01100000>,18
7,12,|01111111>,9
7,12,|11101011>,5
7,12,|10010001>,5
7,12,|10001111>,11
7,12,|01010000>,25
7,12,|10000011>,11
7,12,|11110001>,12
7,12,|01101111>,10
7,12,|10001101>,7
7,12,|01110011>,14
7,12,|01101110>,19
7,12,|11101100>,2
7,12,|11110110>,8
7,12,|11101101>,5
7,12,|01000000>,21
7,12,|11111101>,14
7,12,|01100110>,21
7,12,|11001101>,1
7,12,|10110000>,3
7,12,|10100110>,2
7,12,|11011100>,2
7,12,|10011001>,1
7,12,|11010101>,1
7,12,|11101010>,5
7,12,|11010000>,1
7,12,|10010111>,5
7,12,|11111111>,9
7,12,|11100110>,5
7,12,|11011001>,5
7,12,|01111010>,4
7,12,|11010001>,4
7,12,|10100011>,2
7,12,|11111001>,9
7,12,|11101000>,2
7,12,|10001110>,3
7,12,|10011000>,4
7,12,|11010110>,2
7,12,|10101111>,1
7,12,|10101000>,3
7,12,|11011111>,3
7,12,|10001011>,4
7,12,|11011010>,4
7,12,|11110000>,4
7,12,|11011110>,2
7,12,|11011000>,1
7,12,|11011011>,2
7,12,|01111011>,6
7,12,|11100010>,4
7,12,|10100111>,2
7,12,|10100100>,2
7,12,|10100010>,3
7,12,|11100111>,1
7,12,|10101110>,2
7,12,|10011100>,2
7,12,|11110111>,4
7,12,|10011111>,2
7,12,|11100000>,1
7,12,|10010011>,4
7,12,|11010100>,2
7,12,|11100101>,2
7,12,|10110001>,1
7,12,|10101001>,1
7,12,|10110010>,1
7,12,|10000111>,4
7,12,|10100101>,1
7,12,|10100000>,1
7,12,|10110110>,1
7,12,|10011101>,1
7,12,|10010010>,2
7,12,|11100100>,2
7,13,|01011100>,10
7,13,|01001010>,29
7,13,|01000100>,27
7,13,|01000110>,35
7,13,|00000000>,41
7,13,|00001000>,49
7,13,|11010001>,1
7,13,|10110101>,2
7,13,|00111000>,32
7,13,|00101100>,40
7,13,|00000100>,46
7,13,|00010011>,41
7,13,|00011001>,32
7,13,|00110001>,29
7,13,|00101110>,45
7,13,|00100001>,36
7,13,|00001010>,47
7,13,|11110011>,9
7,13,|00100110>,39
7,13,|01000000>,34
7,13,|10001011>,8
7,13,|00101010>,32
7,13,|00010001>,34
7,13,|00011100>,35
7,13,|11110100>,5
7,13,|01000111>,29
7,13,|01001101>,32
7,13,|01111000>,15
7,13,|11111100>,10
7,13,|00111101>,41
7,13,|00110110>,40
7,13,|01011011>,21
7,13,|01010110>,26
7,13,|10001000>,12
7,13,|00001101>,39
7,13,|00100111>,40
7,13,|00000011>,38
7,13,|10010011>,9
7,13,|00000010>,51
7,13,|00011000>,48
7,13,|01100011>,24
7,13,|00000101>,34
7,13,|11101011>,6
7,13,|00011111>,45
7,13,|00001001>,39
7,13,|00000001>,35
7,13,|00111110>,30
7,13,|01010000>,19
7,13,|01001000>,27
7,13,|01000001>,29
7,13,|00111011>,36
7,13,|00011101>,34
7,13,|00101001>,46
7,13,|11001101>,1
7,13,|01001011>,17
7,13,|01110000>,20
7,13,|10000010>,6
7,13,|00101000>,29
7,13,|00101011>,33
7,13,|00010100>,35
7,13,|00010000>,38
7,13,|01000011>,31
7,13,|00101111>,31
7,13,|00001011>,40
7,13,|00011110>,42
7,13,|00010010>,52
7,13,|00001100>,43
7,13,|00100101>,45
7,13,|00000110>,44
7,13,|01001100>,29
7,13,|00111100>,26
7,13,|00000111>,47
7,13,|01100101>,20
7,13,|10011110>,2
7,13,|01100010>,19
7,13,|01101001>,22
7,13,|00111111>,33
7,13,|00111010>,31
7,13,|00011010>,45
7,13,|11111000>,9
7,13,|01111101>,9
7,13,|00100011>,32
7,13,|00010110>,50
7,13,|00110101>,35
7,13,|01000010>,33
7,13,|00101101>,38
7,13,|00110011>,27
7,13,|01011110>,24
7,13,|01110111>,12
7,13,|01110110>,12
7,13,|00100100>,40
7,13,|00100000>,43
7,13,|01111001>,9
7,13,|01101100>,7
7,13,|10001110>,13
7,13,|00001110>,35
7,13,|11011001>,4
7,13,|11111110>,7
7,13,|11111010>,7
7,13,|01110001>,15
7,13,|00110111>,31
7,13,|00001111>,49
7,13,|01011010>,22
7,13,|01011001>,20
7,13,|01110101>,11
7,13,|01111011>,20
7,13,|00110010>,42
7,13,|01010101>,22
7,13,|10001101>,4
7,13,|01001110>,21
7,13,|01010001>,28
7,13,|00010101>,44
7,13,|00110100>,18
7,13,|01001111>,23
7,13,|01101011>,18
7,13,|01010100>,15
7,13,|01111010>,13
7,13,|00011011>,42
7,13,|01100100>,17
7,13,|11110010>,6
7,13,|01010011>,14
7,13,|01011111>,17
7,13,|11110111>,5
7,13,|10001111>,4
7,13,|01001001>,19
7,13,|10000110>,11
7,13,|11111111>,9
7,13,|11011110>,3
7,13,|00100010>,32
7,13,|11010100>,3
7,13,|01100000>,26
7,13,|01011000>,14
7,13,|11101111>,8
7,13,|11110101>,2
7,13,|11100101>,6
7,13,|10000100>,13
7,13,|01101101>,12
7,13,|11100001>,2
7,13,|01011101>,16
7,13,|10011100>,4
7,13,|11010011>,1
7,13,|00111001>,35
7,13,|01110011>,9
7,13,|01101010>,15
7,13,|01110100>,11
7,13,|01101110>,18
7,13,|01111100>,8
7,13,|10011010>,4
7,13,|01111111>,10
7,13,|11101101>,5
7,13,|11100111>,4
7,13,|01111110>,14
7,13,|01110010>,11
7,13,|11100000>,2
7,13,|10100111>,1
7,13,|10101100>,1
7,13,|10011101>,3
7,13,|01010010>,25
7,13,|10001010>,5
7,13,|11111101>,10
7,13,|11010101>,1
7,13,|00010111>,44
7,13,|01010111>,25
7,13,|01101111>,14
7,13,|11101000>,5
7,13,|01100001>,15
7,13,|11011111>,3
7,13,|01000101>,19
7,13,|10000000>,7
7,13,|00110000>,35
7,13,|10000011>,8
7,13,|11110110>,7
7,13,|10010110>,3
7,13,|11111011>,4
7,13,|11101001>,3
7,13,|01100111>,7
7,13,|10000101>,9
7,13,|10000001>,8
7,13,|11101010>,3
7,13,|11110000>,2
7,13,|11111001>,13
7,13,|11101110>,3
7,13,|11010000>,1
7,13,|10010001>,3
7,13,|10001100>,4
7,13,|01101000>,17
7,13,|10001001>,4
7,13,|10010100>,11
7,13,|10100000>,2
7,13,|10011000>,5
7,13,|11100100>,4
7,13,|01100110>,16
7,13,|10111010>,1
7,13,|10000111>,8
7,13,|10100110>,1
7,13,|11011100>,2
7,13,|11101100>,7
7,13,|10100001>,2
7,13,|10101000>,1
7,13,|11010111>,2
7,13,|11011010>,3
7,13,|10011001>,5
7,13,|11100011>,5
7,13,|11110001>,5
7,13,|10101110>,1
7,13,|10010111>,4
7,13,|11100110>,3
7,13,|10010101>,3
7,13,|10010010>,3
7,13,|10101001>,1
7,13,|11011011>,3
7,13,|10100010>,2
7,13,|10010000>,5
7,13,|11000111>,1
7,13,|10110011>,1
7,13,|10011011>,2
7,13,|10101010>,1
7,13,|11011000>,1
7,13,|10110000>,1
7,13,|10100101>,1
7,13,|10100011>,1
7,13,|10110111>,1
7,13,|11001110>,1
7,14,|01000011>,34
7,14,|11110011>,5
7,14,|01110101>,22
7,14,|00011111>,35
7,14,|01001000>,39
7,14,|11111101>,9
7,14,|00100001>,43
7,14,|00110100>,30
7,14,|01011111>,18
7,14,|00000011>,54
7,14,|01010011>,26
7,14,|00111001>,30
7,14,|01010101>,25
7,14,|00001101>,38
7,14,|01101111>,10
7,14,|00111111>,31
7,14,|01000110>,30
7,14,|00100100>,46
7,14,|01001110>,31
7,14,|00101101>,40
7,14,|00000111>,45
7,14,|00101000>,36
7,14,|01000001>,23
7,14,|00011110>,41
7,14,|01110111>,11
7,14,|00111100>,34
7,14,|01010110>,25
7,14,|00011100>,43
7,14,|00000101>,42
7,14,|00010100>,48
7,14,|00011001>,41
7,14,|00001111>,33
7,14,|00100101>,38
7,14,|00010101>,42
7,14,|00101011>,37
7,14,|00010001>,48
7,14,|00101010>,38
7,14,|00001001>,44
7,14,|01101100>,17
7,14,|00000110>,54
7,14,|00011000>,34
7,14,|01011010>,16
7,14,|01011101>,24
7,14,|10001000>,13
7,14,|01100111>,17
7,14,|01011000>,25
7,14,|00010011>,32
7,14,|00100110>,34
7,14,|01101000>,16
7,14,|00011010>,47
7,14,|01011100>,21
7,14,|01100101>,25
7,14,|01111011>,9
7,14,|10010111>,2
7,14,|00010010>,33
7,14,|00001000>,40
7,14,|01110001>,11
7,14,|01100000>,13
7,14,|00100011>,34
7,14,|00011101>,32
7,14,|00110110>,33
7,14,|01111100>,14
7,14,|11011001>,1
7,14,|01100110>,21
7,14,|00100000>,39
7,14,|10001110>,13
7,14,|01100100>,19
7,14,|01000101>,31
7,14,|00010111>,36
7,14,|00001011>,50
7,14,|11111011>,9
7,14,|01100010>,23
7,14,|11111001>,7
7,14,|00111110>,25
7,14,|01111001>,19
7,14,|00000100>,46
7,14,|10001011>,8
7,14,|01000100>,22
7,14,|00000001>,33
7,14,|01010000>,26
7,14,|01001101>,18
7,14,|10000001>,11
7,14,|10000100>,9
7,14,|01010111>,25
7,14,|00000010>,34
7,14,|00111011>,31
7,14,|00010000>,53
7,14,|00001010>,42
7,14,|01011001>,17
7,14,|00110101>,23
7,14,|10011001>,5
7,14,|00000000>,45
7,14,|01110000>,14
7,14,|00101001>,40
7,14,|01001111>,23
7,14,|00001100>,38
7,14,|00100111>,46
7,14,|00111010>,36
7,14,|00101111>,37
7,14,|01001100>,27
7,14,|01101110>,18
7,14,|00101100>,31
7,14,|01010010>,19
7,14,|10001001>,10
7,14,|00011011>,34
7,14,|01111010>,3
7,14,|00001110>,37
7,14,|01010100>,15
7,14,|00010110>,38
7,14,|00110010>,36
7,14,|01101011>,22
7,14,|11100001>,3
7,14,|01000111>,25
7,14,|01000010>,26
7,14,|00111101>,29
7,14,|01101001>,19
7,14,|00101110>,44
7,14,|00110011>,33
7,14,|00111000>,33
7,14,|01011011>,14
7,14,|00110111>,38
7,14,|11111110>,10
7,14,|01101010>,12
7,14,|00110000>,28
7,14,|11110001>,7
7,14,|11011101>,3
7,14,|01001011>,28
7,14,|11010000>,1
7,14,|01011110>,23
7,14,|10011110>,5
7,14,|01110011>,17
7,14,|10100011>,4
7,14,|11110100>,5
7,14,|10000110>,8
7,14,|01110110>,16
7,14,|11100101>,6
7,14,|11011111>,6
7,14,|00100010>,36
7,14,|01100011>,19
7,14,|11111010>,9
7,14,|10010001>,4
7,14,|11111111>,9
7,14,|10010101>,3
7,14,|01110010>,10
7,14,|10000000>,8
7,14,|10100001>,7
7,14,|11110110>,10
7,14,|11011011>,3
7,14,|11111000>,11
7,14,|11101010>,3
7,14,|11101101>,3
7,14,|00110001>,37
7,14,|01111101>,9
7,14,|11101100>,5
7,14,|10011000>,4
7,14,|01110100>,9
7,14,|01001001>,24
7,14,|10110010>,2
7,14,|10011010>,3
7,14,|11111100>,10
7,14,|11011000>,3
7,14,|11010110>,1
7,14,|11100100>,9
7,14,|01000000>,21
7,14,|10011100>,6
7,14,|01101101>,15
7,14,|01100001>,13
7,14,|10100101>,6
7,14,|01001010>,23
7,14,|10010000>,4
7,14,|01111111>,11
7,14,|10001100>,2
7,14,|11101011>,4
7,14,|11100110>,6
7,14,|11110010>,6
7,14,|11101001>,5
7,14,|11101110>,7
7,14,|10001010>,3
7,14,|10101110>,3
7,14,|10000010>,7
7,14,|10000111>,3
7,14,|01111110>,10
7,14,|01010001>,18
7,14,|11011110>,3
7,14,|11110111>,2
7,14,|11010111>,1
7,14,|01111000>,10
7,14,|10100111>,2
7,14,|11110000>,6
7,14,|11011010>,3
7,14,|10001101>,5
7,14,|10001111>,3
7,14,|10101001>,1
7,14,|11101000>,3
7,14,|10011011>,3
7,14,|10010010>,9
7,14,|10011111>,4
7,14,|10101100>,1
7,14,|11100111>,1
7,14,|10000011>,8
7,14,|10010100>,2
7,14,|11001001>,1
7,14,|11100011>,4
7,14,|11101111>,4
7,14,|10000101>,3
7,14,|11011100>,1
7,14,|11110101>,5
7,14,|10101111>,1
7,14,|10110111>,1
7,14,|10100110>,1
7,14,|10011101>,3
7,14,|11010001>,2
7,14,|10010110>,1
7,14,|10101011>,1
7,14,|10100000>,1
7,14,|11100000>,1
7,14,|10101000>,1
7,14,|10100010>,1
7,14,|11010100>,1
7,14,|10010011>,2
7,14,|10111010>,1
7,15,|01000001>,27
7,15,|01010000>,24
7,15,|00011011>,41
7,15,|00010100>,53
7,15,|00100110>,37
7,15,|00100001>,43
7,15,|00000110>,50
7,15,|00010001>,36
7,15,|00000100>,45
7,15,|01010110>,28
7,15,|00101101>,40
7,15,|11111011>,7
7,15,|01111010>,14
7,15,|00110100>,32
7,15,|01000010>,21
7,15,|00001001>,46
7,15,|00101100>,40
7,15,|00110011>,34
7,15,|00010111>,49
7,15,|01011100>,21
7,15,|01100110>,13
7,15,|10011011>,6
7,15,|00111110>,27
7,15,|00001000>,35
7,15,|00111000>,31
7,15,|10001000>,11
7,15,|00000001>,40
7,15,|00010011>,32
7,15,|00011110>,35
7,15,|00010010>,44
7,15,|10000010>,13
7,15,|01010111>,21
7,15,|00011010>,37
7,15,|01010010>,24
7,15,|01011000>,24
7,15,|10000011>,6
7,15,|00000000>,41
7,15,|00100010>,39
7,15,|01011001>,21
7,15,|01010011>,19
7,15,|00110010>,41
7,15,|01011101>,15
7,15,|01001110>,27
7,15,|10001110>,8
7,15,|00111100>,27
7,15,|00100100>,40
7,15,|00101001>,47
7,15,|01001100>,39
7,15,|11011110>,2
7,15,|11101101>,6
7,15,|10101101>,3
7,15,|11100010>,3
7,15,|10011000>,6
7,15,|11011111>,1
7,15,|01010101>,25
7,15,|01010100>,31
7,15,|01011011>,20
7,15,|00101000>,40
7,15,|01001000>,19
7,15,|00100101>,37
7,15,|00001010>,32
7,15,|01001001>,33
7,15,|10001011>,5
7,15,|01000101>,37
7,15,|01001101>,29
7,15,|00111001>,41
7,15,|01000111>,28
7,15,|00001111>,37
7,15,|00100111>,35
7,15,|00011000>,41
7,15,|01101101>,17
7,15,|00111010>,46
7,15,|01101100>,13
7,15,|01100101>,19
7,15,|01000100>,23
7,15,|00101010>,44
7,15,|01111000>,14
7,15,|00100000>,44
7,15,|00001100>,36
7,15,|00110111>,32
7,15,|01110011>,15
7,15,|00000010>,34
7,15,|01001010>,23
7,15,|00101110>,47
7,15,|01011111>,22
7,15,|01111100>,9
7,15,|11111111>,9
7,15,|00111111>,28
7,15,|00010101>,46
7,15,|11011101>,2
7,15,|00110000>,30
7,15,|11111001>,13
7,15,|01101110>,11
7,15,|00000101>,43
7,15,|01001111>,27
7,15,|00001110>,48
7,15,|01100000>,21
7,15,|11110011>,2
7,15,|00010000>,27
7,15,|00000111>,41
7,15,|01101011>,12
7,15,|10010111>,2
7,15,|11101000>,5
7,15,|01101001>,20
7,15,|00110001>,37
7,15,|01100010>,23
7,15,|00110110>,45
7,15,|01100001>,19
7,15,|01011010>,22
7,15,|00110101>,34
7,15,|00010110>,30
7,15,|10011001>,2
7,15,|10000100>,6
7,15,|01111111>,9
7,15,|10100110>,5
7,15,|00011100>,33
7,15,|00011111>,31
7,15,|01111101>,11
7,15,|10000110>,5
7,15,|10100000>,4
7,15,|01111001>,16
7,15,|11110100>,11
7,15,|01110110>,10
7,15,|00000011>,39
7,15,|00011101>,35
7,15,|11110101>,10
7,15,|11111010>,11
7,15,|01101010>,13
7,15,|01100011>,12
7,15,|00001101>,35
7,15,|10011111>,2
7,15,|11010111>,1
7,15,|00101111>,31
7,15,|10000111>,5
7,15,|00011001>,33
7,15,|01011110>,18
7,15,|10000101>,12
7,15,|01110001>,17
7,15,|00100011>,37
7,15,|11100111>,3
7,15,|01110000>,21
7,15,|00111011>,26
7,15,|01101000>,17
7,15,|01111011>,23
7,15,|11101011>,7
7,15,|11100100>,4
7,15,|00001011>,49
7,15,|01001011>,36
7,15,|11111000>,11
7,15,|01000000>,27
7,15,|01010001>,22
7,15,|00101011>,45
7,15,|01110111>,13
7,15,|00111101>,27
7,15,|10000000>,12
7,15,|11110111>,4
7,15,|01100100>,23
7,15,|01110010>,13
7,15,|01111110>,3
7,15,|10010000>,12
7,15,|10011101>,3
7,15,|10001100>,6
7,15,|10001111>,6
7,15,|11101111>,4
7,15,|01101111>,13
7,15,|10000001>,8
7,15,|10011110>,3
7,15,|01000011>,23
7,15,|11101100>,2
7,15,|10101011>,1
7,15,|01000110>,18
7,15,|11011001>,3
7,15,|01110100>,16
7,15,|11111100>,6
7,15,|10100010>,4
7,15,|01100111>,13
7,15,|10100011>,5
7,15,|11110010>,2
7,15,|10010010>,7
7,15,|10010110>,5
7,15,|10011100>,2
7,15,|11101001>,3
7,15,|11110110>,6
7,15,|10101111>,2
7,15,|11010101>,1
7,15,|10001010>,6
7,15,|11111110>,7
7,15,|11110001>,7
7,15,|10110111>,1
7,15,|11101010>,2
7,15,|11101110>,4
7,15,|11010011>,2
7,15,|11110000>,4
7,15,|10001001>,5
7,15,|10001101>,5
7,15,|11100001>,1
7,15,|10100100>,1
7,15,|11000110>,1
7,15,|11111101>,5
7,15,|11100011>,4
7,15,|10011010>,4
7,15,|10101100>,1
7,15,|11010010>,1
7,15,|10010001>,5
7,15,|11100110>,1
7,15,|11011000>,1
7,15,|10100111>,3
7,15,|01110101>,4
7,15,|10010011>,2
7,15,|11010000>,1
7,15,|11100101>,1
7,15,|10010101>,1
7,15,|11010100>,1
7,15,|11011100>,1
7,15,|10010100>,1
7,15,|11011010>,1
7,15,|11100000>,1
7,16,|00000011>,32
7,16,|00000001>,40
7,16,|01010000>,18
7,16,|01001110>,28
7,16,|01111000>,14
7,16,|10001010>,11
7,16,|00000110>,43
7,16,|10001100>,6
7,16,|01010011>,31
7,16,|00010000>,38
7,16,|00101001>,39
7,16,|00110001>,36
7,16,|00100010>,49
7,16,|11011101>,4
7,16,|00010110>,47
7,16,|00110100>,42
7,16,|01000001>,36
7,16,|00110110>,29
7,16,|00011100>,47
7,16,|10001011>,5
7,16,|00000111>,55
7,16,|00001000>,48
7,16,|01100001>,23
7,16,|00111011>,41
7,16,|00101100>,24
7,16,|11111011>,12
7,16,|00000101>,48
7,16,|00111111>,38
7,16,|00000000>,64
7,16,|11101010>,2
7,16,|00010001>,46
7,16,|10011111>,1
7,16,|01000000>,25
7,16,|11111111>,15
7,16,|00100101>,39
7,16,|10100100>,3
7,16,|00100000>,45
7,16,|00110111>,36
7,16,|01100111>,17
7,16,|01100100>,26
7,16,|11011010>,4
7,16,|00010010>,36
7,16,|00110000>,36
7,16,|10000101>,3
7,16,|00010100>,45
7,16,|00101111>,40
7,16,|00000010>,37
7,16,|01110000>,18
7,16,|01001010>,22
7,16,|00001111>,36
7,16,|00001100>,36
7,16,|00111100>,29
7,16,|00010011>,30
7,16,|01010110>,25
7,16,|11111000>,5
7,16,|01010100>,25
7,16,|00100110>,47
7,16,|10000001>,12
7,16,|00110101>,28
7,16,|01010010>,35
7,16,|00011001>,50
7,16,|11111010>,19
7,16,|01101111>,9
7,16,|00001001>,42
7,16,|00101101>,33
7,16,|01000110>,23
7,16,|01110101>,12
7,16,|00101011>,22
7,16,|00111010>,30
7,16,|00010111>,33
7,16,|00011111>,42
7,16,|00001010>,39
7,16,|01001100>,30
7,16,|10000111>,4
7,16,|00011000>,45
7,16,|00100001>,50
7,16,|01000011>,24
7,16,|00111101>,24
7,16,|00011110>,30
7,16,|00000100>,54
7,16,|11101001>,4
7,16,|01010101>,26
7,16,|01111110>,12
7,16,|00111110>,29
7,16,|00110011>,31
7,16,|00101010>,38
7,16,|00100011>,41
7,16,|01110001>,11
7,16,|10001111>,8
7,16,|01100110>,20
7,16,|01011100>,25
7,16,|00111001>,36
7,16,|01101101>,14
7,16,|01011001>,22
7,16,|01110100>,12
7,16,|00101000>,31
7,16,|00011010>,39
7,16,|00111000>,31
7,16,|01101110>,16
7,16,|01001001>,24
7,16,|01111100>,11
7,16,|00101110>,33
7,16,|01101011>,19
7,16,|01101100>,10
7,16,|01001000>,26
7,16,|01101001>,17
7,16,|10001101>,9
7,16,|00010101>,42
7,16,|11100110>,3
7,16,|00011101>,36
7,16,|00001110>,33
7,16,|01011000>,13
7,16,|01010111>,18
7,16,|10001000>,10
7,16,|01000100>,30
7,16,|01111111>,13
7,16,|00100100>,36
7,16,|01000101>,27
7,16,|01000010>,26
7,16,|10000000>,12
7,16,|00001101>,50
7,16,|01000111>,21
7,16,|10000010>,6
7,16,|00110010>,30
7,16,|01011010>,27
7,16,|11100101>,3
7,16,|01110111>,10
7,16,|01111001>,5
7,16,|01100010>,17
7,16,|11110110>,13
7,16,|00001011>,48
7,16,|01101010>,17
7,16,|01010001>,19
7,16,|10100010>,2
7,16,|11010100>,1
7,16,|10000100>,9
7,16,|11100011>,1
7,16,|01011110>,19
7,16,|01001011>,34
7,16,|01100011>,19
7,16,|11110011>,4
7,16,|01111101>,12
7,16,|01101000>,15
7,16,|00100111>,27
7,16,|11111110>,7
7,16,|01001101>,25
7,16,|01110010>,9
7,16,|10000011>,5
7,16,|01001111>,18
7,16,|11110111>,9
7,16,|11110100>,7
7,16,|01110110>,8
7,16,|11110101>,8
7,16,|10101001>,1
7,16,|01100101>,15
7,16,|00011011>,34
7,16,|01111010>,16
7,16,|01011011>,23
7,16,|10011011>,2
7,16,|01011101>,23
7,16,|10011010>,4
7,16,|11110010>,6
7,16,|01011111>,16
7,16,|10010001>,8
7,16,|01110011>,13
7,16,|01100000>,17
7,16,|11011110>,2
7,16,|01111011>,11
7,16,|11100100>,4
7,16,|11111101>,5
7,16,|11010111>,4
7,16,|11100000>,2
7,16,|10011110>,2
7,16,|10010110>,4
7,16,|11111001>,2
7,16,|10100111>,2
7,16,|10010100>,5
7,16,|11101110>,4
7,16,|11100001>,2
7,16,|10000110>,4
7,16,|11101000>,3
7,16,|10101000>,2
7,16,|10100001>,3
7,16,|11011001>,1
7,16,|11011011>,3
7,16,|10110011>,1
7,16,|11101011>,4
7,16,|11001110>,1
7,16,|11110001>,9
7,16,|10001110>,4
7,16,|11101111>,5
7,16,|11001111>,1
7,16,|10011100>,3
7,16,|11100010>,1
7,16,|11110000>,6
7,16,|10100000>,4
7,16,|10010011>,2
7,16,|10110100>,1
7,16,|10101010>,3
7,16,|10100011>,3
7,16,|10010010>,3
7,16,|11101100>,1
7,16,|10110000>,1
7,16,|11111100>,7
7,16,|10001001>,2
7,16,|11001001>,1
7,16,|10101110>,1
7,16,|10011000>,2
7,16,|10010000>,4
7,16,|10011001>,1
7,16,|11011111>,2
7,16,|11010001>,2
7,16,|11101101>,1
7,16,|10010101>,2
7,16,|10101101>,1
7,16,|10010111>,1
7,16,|10111000>,1
7,16,|11010110>,3
7,16,|10100110>,1
7,16,|10101100>,1
7,16,|11011100>,1
8,0,|10010011>,15
8,0,|00100011>,9
8,0,|11110000>,17
8,0,|11110100>,9
8,0,|01110110>,22
8,0,|10110100>,19
8,0,|00111000>,18
8,0,|01011110>,21
8,0,|01111001>,20
8,0,|01111101>,11
8,0,|01111110>,18
8,0,|10100010>,25
8,0,|11000111>,22
8,0,|10000110>,27
8,0,|11011001>,14
8,0,|11101010>,13
8,0,|00110100>,24
8,0,|11001111>,20
8,0,|00110000>,21
8,0,|10011101>,22
8,0,|00100100>,12
8,0,|01111111>,23
8,0,|10010101>,22
8,0,|11010111>,14
8,0,|10000100>,26
8,0,|11100101>,16
8,0,|00011010>,13
8,0,|10101011>,21
8,0,|10000101>,29
8,0,|10001110>,20
8,0,|00001001>,12
8,0,|11010010>,17
8,0,|10000001>,24
8,0,|01011101>,19
8,0,|10110111>,27
8,0,|01110000>,26
8,0,|10010010>,21
8,0,|10000011>,22
8,0,|11000011>,20
8,0,|00101110>,22
8,0,|10101100>,25
8,0,|00111110>,15
8,0,|10100000>,20
8,0,|10111000>,18
8,0,|01011010>,18
8,0,|11101000>,15
8,0,|01101101>,19
8,0,|01001111>,11
8,0,|00011111>,15
8,0,|00110011>,9
8,0,|10010001>,28
8,0,|01001010>,22
8,0,|11010110>,16
8,0,|01001000>,12
8,0,|10011100>,18
8,0,|11101101>,14
8,0,|11110011>,8
8,0,|01101110>,31
8,0,|11101001>,20
8,0,|00010001>,8
8,0,|00111100>,10
8,0,|10001100>,17
8,0,|10010000>,24
8,0,|10100111>,20
8,0,|01001100>,12
8,0,|10111111>,23
8,0,|10111001>,12
8,0,|00010110>,5
8,0,|10001000>,20
8,0,|10110101>,24
8,0,|01101000>,17
8,0,|10100001>,23
8,0,|10011010>,25
8,0,|10101101>,19
8,0,|11011010>,11
8,0,|01010010>,17
8,0,|11011000>,16
8,0,|11101110>,10
8,0,|01100110>,18
8,0,|10011011>,20
8,0,|11001010>,15
8,0,|11000000>,21
8,0,|11011100>,17
8,0,|01100101>,16
8,0,|00100001>,12
8,0,|11000101>,20
8,0,|01000011>,11
8,0,|10101010>,30
8,0,|11100010>,28
8,0,|11100111>,12
8,0,|10111100>,14
8,0,|01010001>,20
8,0,|00001011>,4
8,0,|11001100>,15
8,0,|00101010>,17
8,0,|11001101>,11
8,0,|00101001>,12
8,0,|00000101>,5
8,0,|00010101>,10
8,0,|01110001>,23
8,0,|11100110>,11
8,0,|10010110>,17
8,0,|01111000>,27
8,0,|00010011>,6
8,0,|00101101>,13
8,0,|11000100>,23
8,0,|01010110>,12
8,0,|00101000>,10
8,0,|01001110>,12
8,0,|01011000>,17
8,0,|01111011>,19
8,0,|10011001>,20
8,0,|10101110>,12
8,0,|11000110>,16
8,0,|00111111>,10
8,0,|10010111>,25
8,0,|10001011>,26
8,0,|10011110>,26
8,0,|10010100>,21
8,0,|00011001>,9
8,0,|11110111>,8
8,0,|01011111>,30
8,0,|11111011>,12
8,0,|10011000>,16
8,0,|11110010>,9
8,0,|00001010>,15
8,0,|11001110>,19
8,0,|10110001>,27
8,0,|10001111>,14
8,0,|00110001>,9
8,0,|10101000>,17
8,0,|00010010>,7
8,0,|11110001>,11
8,0,|01100100>,28
8,0,|10111011>,15
8,0,|01111010>,18
8,0,|01000001>,15
8,0,|01111100>,18
8,0,|10100011>,26
8,0,|01100010>,15
8,0,|01110011>,21
8,0,|11001000>,14
8,0,|10001001>,25
8,0,|01100000>,20
8,0,|01010011>,10
8,0,|01100111>,22
8,0,|10001010>,19
8,0,|00001101>,4
8,0,|00100110>,11
8,0,|01011001>,11
8,0,|01101111>,20
8,0,|00101011>,13
8,0,|10111101>,20
8,0,|11111010>,13
8,0,|01110101>,16
8,0,|11010100>,11
8,0,|00000110>,7
8,0,|01001011>,12
8,0,|01110010>,24
8,0,|10001101>,26
8,0,|11111101>,8
8,0,|00110111>,14
8,0,|11111111>,10
8,0,|11011110>,22
8,0,|11100100>,8
8,0,|10110000>,13
8,0,|00111010>,19
8,0,|10110011>,24
8,0,|00100010>,4
8,0,|00110110>,12
8,0,|11101111>,6
8,0,|10110010>,23
8,0,|10000010>,23
8,0,|00110101>,12
8,0,|11001001>,11
8,0,|10101001>,23
8,0,|11010001>,11
8,0,|00111101>,14
8,0,|00001111>,5
8,0,|00110010>,14
8,0,|00000010>,7
8,0,|00011110>,11
8,0,|11100011>,14
8,0,|01110111>,20
8,0,|01100001>,18
8,0,|11010000>,24
8,0,|10111110>,18
8,0,|00000000>,6
8,0,|11011101>,11
8,0,|10000111>,18
8,0,|00101111>,15
8,0,|00010111>,10
8,0,|00111011>,18
8,0,|11000001>,24
8,0,|01000111>,20
8,0,|01000101>,11
8,0,|10100101>,26
8,0,|01000000>,16
8,0,|10100110>,23
8,0,|11001011>,18
8,0,|10101111>,19
8,0,|11100001>,16
8,0,|10011111>,25
8,0,|11110101>,17
8,0,|01110100>,19
8,0,|01101011>,22
8,0,|11010101>,16
8,0,|10100100>,16
8,0,|01000110>,17
8,0,|01010101>,15
8,0,|01010000>,27
8,0,|11100000>,10
8,0,|00010000>,4
8,0,|11101100>,7
8,0,|00011011>,9
8,0,|00000001>,4
8,0,|01011011>,19
8,0,|11000010>,19
8,0,|00100111>,9
8,0,|00111001>,19
8,0,|01010111>,18
8,0,|00011100>,7
8,0,|01010100>,12
8,0,|01011100>,16
8,0,|11101011>,15
8,0,|11111110>,13
8,0,|01001001>,10
8,0,|00100000>,13
8,0,|10110110>,14
8,0,|11011111>,18
8,0,|01101001>,27
8,0,|11011011>,14
8,0,|00011101>,11
8,0,|10000000>,18
8,0,|00100101>,12
8,0,|00001100>,9
8,0,|00101100>,13
8,0,|01100011>,20
8,0,|01101010>,20
8,0,|01000100>,12
8,0,|10111010>,20
8,0,|00001110>,5
8,0,|11111100>,10
8,0,|00010100>,9
8,0,|01001101>,14
8,0,|01101100>,10
8,0,|01000010>,14
8,0,|11111000>,7
8,0,|00011000>,4
8,0,|00000011>,3
8,0,|11110110>,9
8,0,|00000111>,8
8,0,|11111001>,12
8,0,|11010011>,10
8,0,|00001000>,2
8,0,|00000100>,3
8,1,|11011100>,13
8,1,|10100110>,17
8,1,|00000101>,5
8,1,|01100000>,20
8,1,|10001011>,24
8,1,|00001111>,10
8,1,|10010100>,20
8,1,|10110010>,21
8,1,|01000111>,12
8,1,|10011011>,26
8,1,|11100011>,9
8,1,|10011110>,27
8,1,|01011001>,22
8,1,|00010010>,12
8,1,|01001001>,19
8,1,|00010100>,9
8,1,|10100011>,22
8,1,|10100001>,21
8,1,|01001100>,19
8,1,|11000000>,16
8,1,|11011101>,16
8,1,|11111001>,9
8,1,|10000010>,31
8,1,|10100101>,18
8,1,|11011011>,7
8,1,|11010000>,16
8,1,|11011111>,13
8,1,|11000100>,16
8,1,|10000001>,37
8,1,|10111110>,19
8,1,|00110011>,10
8,1,|10010101>,26
8,1,|10011100>,17
8,1,|01111001>,16
8,1,|10001110>,23
8,1,|00000001>,5
8,1,|10101111>,20
8,1,|11000010>,17
8,1,|10101011>,19
8,1,|01011110>,20
8,1,|10101110>,21
8,1,|11000011>,26
8,1,|10101010>,24
8,1,|01101010>,18
8,1,|00111100>,15
8,1,|01101110>,17
8,1,|10111001>,24
8,1,|00101110>,14
8,1,|01100101>,19
8,1,|11101110>,12
8,1,|01000001>,18
8,1,|10010000>,31
8,1,|10001100>,19
8,1,|11001110>,24
8,1,|01101011>,27
8,1,|10000000>,22
8,1,|00100111>,11
8,1,|01101100>,19
8,1,|11011001>,27
8,1,|01000000>,17
8,1,|01101111>,23
8,1,|10000101>,27
8,1,|01110100>,18
8,1,|01101101>,20
8,1,|00110111>,10
8,1,|01111100>,22
8,1,|10111100>,16
8,1,|00010111>,11
8,1,|01001011>,11
8,1,|01010110>,25
8,1,|11111101>,13
8,1,|10111101>,22
8,1,|01101001>,16
8,1,|01111110>,23
8,1,|10101001>,16
8,1,|01010010>,23
8,1,|00100110>,12
8,1,|01111111>,26
8,1,|01100100>,21
8,1,|01100011>,14
8,1,|01001111>,17
8,1,|11100111>,15
8,1,|01011011>,17
8,1,|11110100>,15
8,1,|10110111>,22
8,1,|11010100>,18
8,1,|11010010>,17
8,1,|01101000>,14
8,1,|11101010>,13
8,1,|11010111>,22
8,1,|01010000>,27
8,1,|01100110>,17
8,1,|10110011>,14
8,1,|00111001>,15
8,1,|11100000>,11
8,1,|01100010>,26
8,1,|00111111>,18
8,1,|00000100>,6
8,1,|10011010>,28
8,1,|10001001>,18
8,1,|11110101>,6
8,1,|01110101>,21
8,1,|01111011>,26
8,1,|11010101>,20
8,1,|10010110>,13
8,1,|11010011>,17
8,1,|00100011>,12
8,1,|00000010>,4
8,1,|01111010>,23
8,1,|10101101>,20
8,1,|01000100>,16
8,1,|10100111>,29
8,1,|10000011>,22
8,1,|11000101>,24
8,1,|11001011>,17
8,1,|01001010>,14
8,1,|00011111>,9
8,1,|10111000>,24
8,1,|00010011>,7
8,1,|01100111>,15
8,1,|01110111>,11
8,1,|10110100>,18
8,1,|00011100>,10
8,1,|01010101>,10
8,1,|00100101>,11
8,1,|10101100>,22
8,1,|01010011>,17
8,1,|00000000>,5
8,1,|11101100>,14
8,1,|11000110>,14
8,1,|11111100>,14
8,1,|01110010>,22
8,1,|10111010>,27
8,1,|10001010>,23
8,1,|01110110>,25
8,1,|10001111>,21
8,1,|10010010>,23
8,1,|01000110>,15
8,1,|10000111>,23
8,1,|11001010>,14
8,1,|01001000>,14
8,1,|11110111>,8
8,1,|00110000>,15
8,1,|00000110>,6
8,1,|11100010>,13
8,1,|10100000>,17
8,1,|11111110>,5
8,1,|11000111>,18
8,1,|00111010>,27
8,1,|00010110>,12
8,1,|11101011>,7
8,1,|01011010>,19
8,1,|10001000>,27
8,1,|01000010>,17
8,1,|00111000>,14
8,1,|01100001>,22
8,1,|00010101>,12
8,1,|10010111>,31
8,1,|10011001>,22
8,1,|11011010>,13
8,1,|10010011>,18
8,1,|10001101>,16
8,1,|10100100>,22
8,1,|11100101>,14
8,1,|11101001>,11
8,1,|11000001>,13
8,1,|01001110>,15
8,1,|00001001>,11
8,1,|10110110>,19
8,1,|01011100>,15
8,1,|01011101>,20
8,1,|10000100>,14
8,1,|10110000>,25
8,1,|11001000>,17
8,1,|11110001>,17
8,1,|11011000>,16
8,1,|10010001>,19
8,1,|00001100>,5
8,1,|11101111>,9
8,1,|10011000>,21
8,1,|01111000>,20
8,1,|00101111>,13
8,1,|01010111>,10
8,1,|00001101>,7
8,1,|11110011>,8
8,1,|11001100>,12
8,1,|00111110>,15
8,1,|01110000>,25
8,1,|11100100>,14
8,1,|00010001>,10
8,1,|10011101>,16
8,1,|11100001>,21
8,1,|11011110>,12
8,1,|00100001>,13
8,1,|00101000>,6
8,1,|11001101>,17
8,1,|00110101>,15
8,1,|00100100>,9
8,1,|10111111>,17
8,1,|00011011>,15
8,1,|00110010>,16
8,1,|01001101>,18
8,1,|00101011>,11
8,1,|10011111>,21
8,1,|00110110>,15
8,1,|00100010>,14
8,1,|01111101>,27
8,1,|01000101>,11
8,1,|01011111>,16
8,1,|00011000>,8
8,1,|00101001>,11
8,1,|01010100>,22
8,1,|01110011>,16
8,1,|00100000>,10
8,1,|11001001>,18
8,1,|00011110>,15
8,1,|01110001>,14
8,1,|00000011>,6
8,1,|00011010>,6
8,1,|10110101>,18
8,1,|00110001>,9
8,1,|00101010>,6
8,1,|11111010>,6
8,1,|10100010>,8
8,1,|01011000>,23
8,1,|11100110>,13
8,1,|10110001>,22
8,1,|00011001>,10
8,1,|11110110>,12
8,1,|11010001>,12
8,1,|11110000>,6
8,1,|10111011>,15
8,1,|00101100>,10
8,1,|00111011>,12
8,1,|11101101>,11
8,1,|11101000>,9
8,1,|00011101>,6
8,1,|00001110>,5
8,1,|01010001>,18
8,1,|00111101>,16
8,1,|11001111>,9
8,1,|10000110>,25
8,1,|01000011>,10
8,1,|00001010>,11
8,1,|11010110>,9
8,1,|00001011>,4
8,1,|00000111>,6
8,1,|11111111>,7
8,1,|11111011>,8
8,1,|10101000>,20
8,1,|00110100>,12
8,1,|11110010>,11
8,1,|00001000>,6
8,1,|11111000>,10
8,1,|00010000>,8
8,1,|00101101>,6
8,2,|10000000>,23
8,2,|10000010>,20
8,2,|11010000>,20
8,2,|01101110>,22
8,2,|11110000>,11
8,2,|01010000>,16
8,2,|10101011>,20
8,2,|00111011>,14
8,2,|01001101>,21
8,2,|01011000>,15
8,2,|11010111>,14
8,2,|10010000>,19
8,2,|11001101>,15
8,2,|10100100>,22
8,2,|10100111>,24
8,2,|00110000>,14
8,2,|01110000>,27
8,2,|11010100>,14
8,2,|01101100>,26
8,2,|00011000>,13
8,2,|11101111>,6
8,2,|00110100>,16
8,2,|10101010>,14
8,2,|10011000>,23
8,2,|00100101>,4
8,2,|01001111>,19
8,2,|01010011>,17
8,2,|10110100>,25
8,2,|00110010>,13
8,2,|10011111>,22
8,2,|01110010>,15
8,2,|11001011>,17
8,2,|01111000>,17
8,2,|01100010>,20
8,2,|10000101>,36
8,2,|01110110>,28
8,2,|01111110>,28
8,2,|11011011>,17
8,2,|00010101>,8
8,2,|11001100>,14
8,2,|11100100>,12
8,2,|01000000>,13
8,2,|11001110>,22
8,2,|00001011>,4
8,2,|01110101>,21
8,2,|10001001>,24
8,2,|10010101>,19
8,2,|11010110>,13
8,2,|11000110>,23
8,2,|00101000>,17
8,2,|01101111>,17
8,2,|01001011>,15
8,2,|01011110>,14
8,2,|01010110>,19
8,2,|11110010>,7
8,2,|11110011>,14
8,2,|11011000>,18
8,2,|11010001>,18
8,2,|00101001>,13
8,2,|10100110>,21
8,2,|10010011>,22
8,2,|10001111>,26
8,2,|10101100>,22
8,2,|10011001>,27
8,2,|10101110>,17
8,2,|01001010>,18
8,2,|10110010>,20
8,2,|11000011>,19
8,2,|01011101>,19
8,2,|10000011>,21
8,2,|01111010>,29
8,2,|10010110>,24
8,2,|01001001>,21
8,2,|10000110>,16
8,2,|01010001>,24
8,2,|00011110>,10
8,2,|11000111>,24
8,2,|00010110>,11
8,2,|10001000>,22
8,2,|01101010>,15
8,2,|10101111>,21
8,2,|01011100>,17
8,2,|00101111>,16
8,2,|01111100>,24
8,2,|10100011>,22
8,2,|01111011>,21
8,2,|10001100>,30
8,2,|11011010>,12
8,2,|00001110>,11
8,2,|00001000>,9
8,2,|01100000>,20
8,2,|01000101>,15
8,2,|10111110>,21
8,2,|11011100>,14
8,2,|01010101>,14
8,2,|00000100>,5
8,2,|10100001>,27
8,2,|11100001>,12
8,2,|10110001>,18
8,2,|10000001>,29
8,2,|00100010>,13
8,2,|00110011>,23
8,2,|10111101>,18
8,2,|10001110>,21
8,2,|10100101>,25
8,2,|11111000>,9
8,2,|01000110>,16
8,2,|01100110>,21
8,2,|11001010>,19
8,2,|01100111>,23
8,2,|00011100>,8
8,2,|01110001>,17
8,2,|01011001>,15
8,2,|10111100>,19
8,2,|01011010>,21
8,2,|01011011>,18
8,2,|11110110>,14
8,2,|01010100>,20
8,2,|01111001>,25
8,2,|11010011>,22
8,2,|10110011>,15
8,2,|00101010>,10
8,2,|01111101>,10
8,2,|01100011>,23
8,2,|11001111>,19
8,2,|10011100>,20
8,2,|10110111>,22
8,2,|10011010>,21
8,2,|00111010>,8
8,2,|01100100>,20
8,2,|11010101>,18
8,2,|00110101>,11
8,2,|01111111>,24
8,2,|00110110>,15
8,2,|00010001>,8
8,2,|11111100>,8
8,2,|11100011>,17
8,2,|01010010>,12
8,2,|00011011>,10
8,2,|10111001>,17
8,2,|01000001>,17
8,2,|00100111>,11
8,2,|00100110>,15
8,2,|10110000>,20
8,2,|00110111>,19
8,2,|10000111>,27
8,2,|00010111>,7
8,2,|11000000>,21
8,2,|10111010>,14
8,2,|00111101>,6
8,2,|00000101>,4
8,2,|01101011>,17
8,2,|00101100>,11
8,2,|11100010>,9
8,2,|00100001>,9
8,2,|11101011>,9
8,2,|11011001>,17
8,2,|11000001>,18
8,2,|00101110>,13
8,2,|01101001>,12
8,2,|11011110>,8
8,2,|00001100>,6
8,2,|10001101>,15
8,2,|10101101>,18
8,2,|01000011>,16
8,2,|01110100>,21
8,2,|11001000>,18
8,2,|11101001>,12
8,2,|10010111>,25
8,2,|10111111>,13
8,2,|01100001>,18
8,2,|01110111>,19
8,2,|11110100>,13
8,2,|10010100>,32
8,2,|01000111>,13
8,2,|10010010>,15
8,2,|11111001>,9
8,2,|10100010>,25
8,2,|11110111>,8
8,2,|00110001>,12
8,2,|10110110>,9
8,2,|11101110>,11
8,2,|11100111>,12
8,2,|00101101>,12
8,2,|10011101>,23
8,2,|11101000>,10
8,2,|00010000>,9
8,2,|11111110>,10
8,2,|10101001>,17
8,2,|00001101>,4
8,2,|11001001>,11
8,2,|10111011>,21
8,2,|11000100>,17
8,2,|01000100>,21
8,2,|11000010>,22
8,2,|01000010>,19
8,2,|11101010>,21
8,2,|11100101>,6
8,2,|01101101>,22
8,2,|00011010>,9
8,2,|01010111>,17
8,2,|10001011>,19
8,2,|11111011>,10
8,2,|11000101>,21
8,2,|11011111>,9
8,2,|10011011>,17
8,2,|01001100>,20
8,2,|11100000>,8
8,2,|01110011>,24
8,2,|10100000>,22
8,2,|01100101>,31
8,2,|00000011>,6
8,2,|00011111>,12
8,2,|11010010>,18
8,2,|10001010>,24
8,2,|00000001>,6
8,2,|10111000>,12
8,2,|01101000>,25
8,2,|00101011>,13
8,2,|00100100>,12
8,2,|10010001>,20
8,2,|00011101>,8
8,2,|01001110>,17
8,2,|11101101>,10
8,2,|11011101>,13
8,2,|01011111>,20
8,2,|11100110>,21
8,2,|10000100>,19
8,2,|00111110>,9
8,2,|00000000>,4
8,2,|00111111>,16
8,2,|00011001>,6
8,2,|00001001>,5
8,2,|00111100>,15
8,2,|11111111>,11
8,2,|11101100>,8
8,2,|10110101>,19
8,2,|00100011>,9
8,2,|11110101>,14
8,2,|00000010>,7
8,2,|00010011>,5
8,2,|10011110>,19
8,2,|10101000>,22
8,2,|00100000>,10
8,2,|00010010>,13
8,2,|00111000>,8
8,2,|01001000>,16
8,2,|00000111>,5
8,2,|11111010>,9
8,2,|00001111>,5
8,2,|00000110>,5
8,2,|11110001>,5
8,2,|00010100>,6
8,2,|00111001>,8
8,2,|11111101>,7
8,2,|00001010>,5
8,3,|00111101>,16
8,3,|00100011>,13
8,3,|10101000>,32
8,3,|10111100>,23
8,3,|01010001>,17
8,3,|00101000>,7
8,3,|01100001>,20
8,3,|01010011>,13
8,3,|01000011>,12
8,3,|11000111>,13
8,3,|01110011>,22
8,3,|11000101>,21
8,3,|10111011>,11
8,3,|11001100>,28
8,3,|11101011>,11
8,3,|01010110>,21
8,3,|01000010>,15
8,3,|10100110>,25
8,3,|00000100>,7
8,3,|11101001>,8
8,3,|00101001>,9
8,3,|01101100>,19
8,3,|11011000>,12
8,3,|01011110>,16
8,3,|00001011>,5
8,3,|11011011>,11
8,3,|10011000>,20
8,3,|11100101>,15
8,3,|01101110>,18
8,3,|11001110>,19
8,3,|11010001>,19
8,3,|11001001>,22
8,3,|01001100>,19
8,3,|10100100>,22
8,3,|11111110>,18
8,3,|00110111>,19
8,3,|10110101>,20
8,3,|00101100>,9
8,3,|01001000>,20
8,3,|00110010>,15
8,3,|10100011>,23
8,3,|01110000>,26
8,3,|10010110>,22
8,3,|00111100>,12
8,3,|10101110>,23
8,3,|10011111>,21
8,3,|00010101>,5
8,3,|11010010>,10
8,3,|10010000>,24
8,3,|10101011>,30
8,3,|10110011>,21
8,3,|01100110>,26
8,3,|10011011>,26
8,3,|01110101>,33
8,3,|11001111>,16
8,3,|11110101>,16
8,3,|01000000>,16
8,3,|01111000>,27
8,3,|10101100>,25
8,3,|10100000>,18
8,3,|10100111>,21
8,3,|01101001>,14
8,3,|10011110>,23
8,3,|00110001>,11
8,3,|01010101>,18
8,3,|00100110>,14
8,3,|10101101>,24
8,3,|01100101>,24
8,3,|10010010>,24
8,3,|10000001>,30
8,3,|10010001>,23
8,3,|01011000>,22
8,3,|00111111>,20
8,3,|10101111>,22
8,3,|00011101>,9
8,3,|10001001>,17
8,3,|10000010>,14
8,3,|00101110>,11
8,3,|01100011>,19
8,3,|01111100>,20
8,3,|11010101>,15
8,3,|11110001>,10
8,3,|01001101>,19
8,3,|10000110>,17
8,3,|01100000>,22
8,3,|10101001>,22
8,3,|01001011>,21
8,3,|10001100>,26
8,3,|10101010>,27
8,3,|01110001>,19
8,3,|10001101>,29
8,3,|11111100>,5
8,3,|01010010>,17
8,3,|00101010>,13
8,3,|10000011>,22
8,3,|11101111>,14
8,3,|10000101>,31
8,3,|01001001>,17
8,3,|01111010>,19
8,3,|11000100>,15
8,3,|11100111>,14
8,3,|00000010>,8
8,3,|01001111>,26
8,3,|00111011>,19
8,3,|11010100>,12
8,3,|10110100>,19
8,3,|00001001>,7
8,3,|01000001>,21
8,3,|11011111>,14
8,3,|11011010>,9
8,3,|10111101>,16
8,3,|11010110>,16
8,3,|11111010>,11
8,3,|01011100>,15
8,3,|00100101>,9
8,3,|01011111>,17
8,3,|00110101>,15
8,3,|10111110>,27
8,3,|00010011>,9
8,3,|01110100>,19
8,3,|10111010>,22
8,3,|00010001>,8
8,3,|11001010>,15
8,3,|11011101>,16
8,3,|00011001>,13
8,3,|10011001>,27
8,3,|01000100>,19
8,3,|01000110>,17
8,3,|01011001>,10
8,3,|10000100>,28
8,3,|01100010>,17
8,3,|00101101>,8
8,3,|11100011>,17
8,3,|11100010>,14
8,3,|01110010>,26
8,3,|10110001>,24
8,3,|00010111>,11
8,3,|00010000>,1
8,3,|11000001>,17
8,3,|00111000>,16
8,3,|01101000>,25
8,3,|00111010>,9
8,3,|00011011>,8
8,3,|11111001>,10
8,3,|11101000>,16
8,3,|11100000>,16
8,3,|10110000>,16
8,3,|11110110>,11
8,3,|10100010>,13
8,3,|11001011>,15
8,3,|11101101>,11
8,3,|01010111>,13
8,3,|00101011>,13
8,3,|00001000>,8
8,3,|10010101>,22
8,3,|11010011>,15
8,3,|00111001>,11
8,3,|00001111>,7
8,3,|10001111>,18
8,3,|01111111>,22
8,3,|00110100>,14
8,3,|11011001>,16
8,3,|10111001>,27
8,3,|10110111>,17
8,3,|11100001>,11
8,3,|10000000>,26
8,3,|11000011>,20
8,3,|01011101>,18
8,3,|10111000>,28
8,3,|11000000>,28
8,3,|10011101>,17
8,3,|10000111>,17
8,3,|10001110>,28
8,3,|01110111>,19
8,3,|10001011>,26
8,3,|01101011>,21
8,3,|01011011>,13
8,3,|01101111>,26
8,3,|11010111>,10
8,3,|01010100>,14
8,3,|10110010>,21
8,3,|01010000>,18
8,3,|11110010>,15
8,3,|00100001>,4
8,3,|01110110>,16
8,3,|01101101>,20
8,3,|01100111>,20
8,3,|00001100>,11
8,3,|11101100>,12
8,3,|11001000>,25
8,3,|10100101>,18
8,3,|10010011>,15
8,3,|11000010>,13
8,3,|00110011>,11
8,3,|01100100>,17
8,3,|01111011>,16
8,3,|10110110>,23
8,3,|11000110>,6
8,3,|11110000>,9
8,3,|01111001>,13
8,3,|00011111>,8
8,3,|01011010>,15
8,3,|10001000>,26
8,3,|01111110>,27
8,3,|00110000>,18
8,3,|10111111>,13
8,3,|11011110>,15
8,3,|01000101>,13
8,3,|00000110>,5
8,3,|01111101>,18
8,3,|10100001>,31
8,3,|10010111>,21
8,3,|00100111>,10
8,3,|01000111>,14
8,3,|10011100>,14
8,3,|01101010>,21
8,3,|11100100>,16
8,3,|00101111>,11
8,3,|10001010>,20
8,3,|11110100>,12
8,3,|00011110>,7
8,3,|11010000>,16
8,3,|01001110>,20
8,3,|01001010>,13
8,3,|10011010>,30
8,3,|00011100>,8
8,3,|00010100>,9
8,3,|10010100>,16
8,3,|11111011>,7
8,3,|00010110>,11
8,3,|00001010>,5
8,3,|11110111>,5
8,3,|00100100>,8
8,3,|11110011>,12
8,3,|11100110>,14
8,3,|00100010>,7
8,3,|00111110>,13
8,3,|00110110>,10
8,3,|00011010>,10
8,3,|00001110>,5
8,3,|11101110>,13
8,3,|00000001>,6
8,3,|11011100>,14
8,3,|11111101>,5
8,3,|00010010>,4
8,3,|11001101>,12
8,3,|11101010>,8
8,3,|00001101>,3
8,3,|00011000>,6
8,3,|00000011>,1
8,3,|11111000>,6
8,3,|00100000>,4
8,3,|11111111>,5
8,3,|00000000>,3
8,3,|00000111>,2
8,3,|00000101>,1
8,4,|00100001>,10
8,4,|10110110>,24
8,4,|01100110>,18
8,4,|01011110>,21
8,4,|10100000>,30
8,4,|11001010>,22
8,4,|01001101>,15
8,4,|10010011>,20
8,4,|11011100>,11
8,4,|01001110>,13
8,4,|10100100>,34
8,4,|10000100>,24
8,4,|00010011>,11
8,4,|01110011>,22
8,4,|10110101>,24
8,4,|10111111>,21
8,4,|10101111>,19
8,4,|01100000>,18
8,4,|00100110>,13
8,4,|10100001>,16
8,4,|00110000>,18
8,4,|10011010>,20
8,4,|11110100>,8
8,4,|00101101>,14
8,4,|01110100>,16
8,4,|01111110>,26
8,4,|11011011>,15
8,4,|11000011>,21
8,4,|00111001>,13
8,4,|01101110>,27
8,4,|01101000>,23
8,4,|01101001>,18
8,4,|10001100>,29
8,4,|10000101>,26
8,4,|00001000>,4
8,4,|00011000>,10
8,4,|01101010>,23
8,4,|01011001>,25
8,4,|01111001>,31
8,4,|11010110>,15
8,4,|10001111>,24
8,4,|01011100>,14
8,4,|01101101>,21
8,4,|00011111>,19
8,4,|01011000>,22
8,4,|01100101>,27
8,4,|11110101>,11
8,4,|10101100>,28
8,4,|11011001>,13
8,4,|10110010>,20
8,4,|01000011>,18
8,4,|01111010>,19
8,4,|10000000>,19
8,4,|00010000>,9
8,4,|11100010>,17
8,4,|01010011>,25
8,4,|10001011>,24
8,4,|10100111>,22
8,4,|11001101>,21
8,4,|00111010>,10
8,4,|01011101>,14
8,4,|01000010>,13
8,4,|01011010>,19
8,4,|01011111>,17
8,4,|10101010>,24
8,4,|10011101>,24
8,4,|11000110>,22
8,4,|10110000>,18
8,4,|10000001>,18
8,4,|01000101>,24
8,4,|11000111>,23
8,4,|01110010>,19
8,4,|10000111>,21
8,4,|10101110>,28
8,4,|10010100>,24
8,4,|11001000>,19
8,4,|00101100>,11
8,4,|00100111>,13
8,4,|01110001>,21
8,4,|01001010>,13
8,4,|00101111>,19
8,4,|11010000>,15
8,4,|01001000>,19
8,4,|10011111>,26
8,4,|00111110>,12
8,4,|10001000>,17
8,4,|01000100>,13
8,4,|00100011>,10
8,4,|10011100>,25
8,4,|11001011>,13
8,4,|10111110>,18
8,4,|01010101>,17
8,4,|10001010>,20
8,4,|11101110>,9
8,4,|00001010>,8
8,4,|11101101>,12
8,4,|11110011>,15
8,4,|01110110>,24
8,4,|00111000>,16
8,4,|01000000>,19
8,4,|11101011>,18
8,4,|01100001>,17
8,4,|11011000>,17
8,4,|11011111>,21
8,4,|11100001>,13
8,4,|11110010>,10
8,4,|00111101>,14
8,4,|01100111>,19
8,4,|10111000>,16
8,4,|01001001>,14
8,4,|11100110>,13
8,4,|11101100>,13
8,4,|10000010>,18
8,4,|11001001>,25
8,4,|10011000>,17
8,4,|10110111>,26
8,4,|10010001>,21
8,4,|01110000>,20
8,4,|10000110>,27
8,4,|11001111>,10
8,4,|00010100>,8
8,4,|10110011>,18
8,4,|00001111>,8
8,4,|01100011>,16
8,4,|01010110>,11
8,4,|00001110>,3
8,4,|00111100>,8
8,4,|00101110>,13
8,4,|10110001>,22
8,4,|00011101>,8
8,4,|00100101>,7
8,4,|11000001>,14
8,4,|00010110>,8
8,4,|10101011>,28
8,4,|00011100>,9
8,4,|10100101>,27
8,4,|01000001>,14
8,4,|01111011>,22
8,4,|11000100>,17
8,4,|11010100>,12
8,4,|11111010>,10
8,4,|01010001>,18
8,4,|10010000>,23
8,4,|10100010>,24
8,4,|11111101>,8
8,4,|01111000>,19
8,4,|01011011>,13
8,4,|11010111>,9
8,4,|11001100>,14
8,4,|00101000>,20
8,4,|10011110>,21
8,4,|01010111>,22
8,4,|00101011>,13
8,4,|11010010>,18
8,4,|10111100>,26
8,4,|10111010>,19
8,4,|00111011>,11
8,4,|01110101>,20
8,4,|10010101>,17
8,4,|11101010>,19
8,4,|10000011>,18
8,4,|10111011>,19
8,4,|01001011>,16
8,4,|00110110>,12
8,4,|00101001>,8
8,4,|00001011>,2
8,4,|11101001>,14
8,4,|11011110>,16
8,4,|01010000>,11
8,4,|01111101>,19
8,4,|11111100>,14
8,4,|10011011>,29
8,4,|10100110>,14
8,4,|00110001>,9
8,4,|01101011>,16
8,4,|11000101>,25
8,4,|10010010>,23
8,4,|00001001>,7
8,4,|00110111>,8
8,4,|11110001>,6
8,4,|11000010>,9
8,4,|11010011>,15
8,4,|11101000>,11
8,4,|00100100>,15
8,4,|01001111>,9
8,4,|00011001>,13
8,4,|00110100>,13
8,4,|10101001>,27
8,4,|10001101>,26
8,4,|11010101>,17
8,4,|11111000>,10
8,4,|11110110>,17
8,4,|11100011>,18
8,4,|11110000>,8
8,4,|11111001>,15
8,4,|00000100>,9
8,4,|11100100>,18
8,4,|01111100>,24
8,4,|01100010>,21
8,4,|10001001>,20
8,4,|10111001>,19
8,4,|01001100>,14
8,4,|10111101>,18
8,4,|11111111>,8
8,4,|00010101>,11
8,4,|10010111>,15
8,4,|01110111>,34
8,4,|00101010>,11
8,4,|10101101>,15
8,4,|00001101>,3
8,4,|10110100>,24
8,4,|01000111>,15
8,4,|00000111>,5
8,4,|11110111>,6
8,4,|10001110>,28
8,4,|11111011>,6
8,4,|01010010>,14
8,4,|00000000>,1
8,4,|10011001>,17
8,4,|00100010>,15
8,4,|11101111>,9
8,4,|11001110>,18
8,4,|01101100>,14
8,4,|00110101>,19
8,4,|01010100>,11
8,4,|11011101>,17
8,4,|01101111>,13
8,4,|10010110>,17
8,4,|00011010>,4
8,4,|01100100>,19
8,4,|11010001>,14
8,4,|10101000>,21
8,4,|01111111>,16
8,4,|00110010>,11
8,4,|01000110>,18
8,4,|00111111>,14
8,4,|00010111>,9
8,4,|11000000>,13
8,4,|00000001>,12
8,4,|11100000>,19
8,4,|00000101>,5
8,4,|11100101>,8
8,4,|10100011>,18
8,4,|00011011>,3
8,4,|00011110>,8
8,4,|00100000>,11
8,4,|00010001>,7
8,4,|00010010>,4
8,4,|11100111>,10
8,4,|11011010>,6
8,4,|00000110>,5
8,4,|00000011>,3
8,4,|00000010>,3
8,4,|00110011>,4
8,4,|00001100>,4
8,5,|10101000>,24
8,5,|11001001>,20
8,5,|00101000>,5
8,5,|01011100>,20
8,5,|10011001>,30
8,5,|00101100>,14
8,5,|01000111>,16
8,5,|01110001>,18
8,5,|01110101>,23
8,5,|00011111>,10
8,5,|10010111>,22
8,5,|01101111>,19
8,5,|10000111>,15
8,5,|00011100>,7
8,5,|00101110>,14
8,5,|10110010>,23
8,5,|11100100>,11
8,5,|00011010>,9
8,5,|01100100>,18
8,5,|10000001>,21
8,5,|10001011>,33
8,5,|11010001>,11
8,5,|01110110>,17
8,5,|01011000>,21
8,5,|01000100>,22
8,5,|01000010>,19
8,5,|10010101>,26
8,5,|10110110>,29
8,5,|10111110>,14
8,5,|10100110>,22
8,5,|10101001>,16
8,5,|10111010>,17
8,5,|01101101>,26
8,5,|01010101>,23
8,5,|01101001>,19
8,5,|10101010>,21
8,5,|10100001>,15
8,5,|11100111>,17
8,5,|00101011>,12
8,5,|11000001>,26
8,5,|10010001>,22
8,5,|10111011>,19
8,5,|10011111>,18
8,5,|10001001>,23
8,5,|11011000>,17
8,5,|10101101>,21
8,5,|01101000>,12
8,5,|10111000>,20
8,5,|01010111>,17
8,5,|10101111>,28
8,5,|11110011>,12
8,5,|01100101>,20
8,5,|10001100>,25
8,5,|00000011>,6
8,5,|01110111>,26
8,5,|01100001>,27
8,5,|01010001>,16
8,5,|10111001>,15
8,5,|10100011>,27
8,5,|00010001>,8
8,5,|10010100>,25
8,5,|11111110>,8
8,5,|10001110>,20
8,5,|10000011>,29
8,5,|00011011>,11
8,5,|10001101>,13
8,5,|11101100>,15
8,5,|00001000>,7
8,5,|11011101>,25
8,5,|01010011>,20
8,5,|01111001>,19
8,5,|11001111>,19
8,5,|01011101>,17
8,5,|11011100>,12
8,5,|00111000>,12
8,5,|01011011>,13
8,5,|10011101>,33
8,5,|11000011>,16
8,5,|00100010>,15
8,5,|01110100>,12
8,5,|00101111>,9
8,5,|01000110>,21
8,5,|01111111>,24
8,5,|01111101>,25
8,5,|00111010>,26
8,5,|11010000>,17
8,5,|10000010>,22
8,5,|11101111>,13
8,5,|11001101>,22
8,5,|01000001>,16
8,5,|11110001>,15
8,5,|01101010>,23
8,5,|10111100>,15
8,5,|01111100>,23
8,5,|01010000>,11
8,5,|11011110>,13
8,5,|00110111>,11
8,5,|11101011>,15
8,5,|10011011>,21
8,5,|10100000>,27
8,5,|11101101>,11
8,5,|11100101>,14
8,5,|10110101>,18
8,5,|11011011>,18
8,5,|10011010>,20
8,5,|01111011>,27
8,5,|01010100>,23
8,5,|00111110>,9
8,5,|11000110>,19
8,5,|11110111>,14
8,5,|10000100>,25
8,5,|10111111>,12
8,5,|10010010>,26
8,5,|10100010>,21
8,5,|10100100>,22
8,5,|11000101>,21
8,5,|01100010>,19
8,5,|01000011>,26
8,5,|01100110>,26
8,5,|01001100>,21
8,5,|11001100>,15
8,5,|01110000>,24
8,5,|01011010>,16
8,5,|10010110>,16
8,5,|01001011>,18
8,5,|11001000>,25
8,5,|01001001>,18
8,5,|10000101>,21
8,5,|11011111>,13
8,5,|00110010>,18
8,5,|01011001>,14
8,5,|11111001>,11
8,5,|00100011>,11
8,5,|01101011>,17
8,5,|11011001>,15
8,5,|01011111>,15
8,5,|10001000>,24
8,5,|10100111>,25
8,5,|00010100>,11
8,5,|10110111>,19
8,5,|11001011>,19
8,5,|01100000>,22
8,5,|11110000>,11
8,5,|00110110>,20
8,5,|01111010>,19
8,5,|11010010>,12
8,5,|11111011>,8
8,5,|11110010>,17
8,5,|10110001>,14
8,5,|01101110>,20
8,5,|10110100>,17
8,5,|01010110>,16
8,5,|11101000>,14
8,5,|11010011>,15
8,5,|11011010>,12
8,5,|01001110>,13
8,5,|00111111>,11
8,5,|10000110>,8
8,5,|10011000>,17
8,5,|01000000>,20
8,5,|10110000>,17
8,5,|10001010>,19
8,5,|11010111>,16
8,5,|11100001>,18
8,5,|00100001>,10
8,5,|00111101>,12
8,5,|00000100>,6
8,5,|01010010>,15
8,5,|10101110>,17
8,5,|00110011>,7
8,5,|01001111>,22
8,5,|01000101>,12
8,5,|10010000>,22
8,5,|11111100>,13
8,5,|01111000>,22
8,5,|01111110>,14
8,5,|10000000>,20
8,5,|01001000>,13
8,5,|10111101>,23
8,5,|11111000>,12
8,5,|00110101>,14
8,5,|01001010>,19
8,5,|01100011>,21
8,5,|11000010>,16
8,5,|01011110>,30
8,5,|01110010>,17
8,5,|10011110>,17
8,5,|11100110>,18
8,5,|00110100>,17
8,5,|11001110>,16
8,5,|00111011>,12
8,5,|10110011>,18
8,5,|00100111>,15
8,5,|11000000>,23
8,5,|00100101>,9
8,5,|01100111>,16
8,5,|11101010>,10
8,5,|10001111>,22
8,5,|01001101>,19
8,5,|00000110>,7
8,5,|00110000>,10
8,5,|11010101>,20
8,5,|00101001>,12
8,5,|00101101>,9
8,5,|01110011>,22
8,5,|11110110>,16
8,5,|10100101>,16
8,5,|00100110>,17
8,5,|01101100>,20
8,5,|10010011>,27
8,5,|11000100>,20
8,5,|00111100>,16
8,5,|00100000>,9
8,5,|00010110>,5
8,5,|11100000>,12
8,5,|00110001>,7
8,5,|00011001>,9
8,5,|11000111>,18
8,5,|11111101>,10
8,5,|11110101>,10
8,5,|00011101>,14
8,5,|00000010>,5
8,5,|11110100>,10
8,5,|11010110>,11
8,5,|10011100>,21
8,5,|00011110>,7
8,5,|00001100>,5
8,5,|00001001>,3
8,5,|11101001>,12
8,5,|11100011>,12
8,5,|11001010>,15
8,5,|00001011>,9
8,5,|00010011>,8
8,5,|11100010>,18
8,5,|10101011>,17
8,5,|11111010>,5
8,5,|00010000>,7
8,5,|00001110>,8
8,5,|11111111>,6
8,5,|00000111>,6
8,5,|11010100>,18
8,5,|00011000>,5
8,5,|00010010>,8
8,5,|00111001>,5
8,5,|00100100>,10
8,5,|00010101>,5
8,5,|11101110>,7
8,5,|00001010>,3
8,5,|10101100>,8
8,5,|00000000>,2
8,5,|00010111>,2
8,5,|00001111>,3
8,5,|00000001>,8
8,5,|00101010>,3
8,5,|00001101>,1
8,5,|00000101>,1
8,6,|11111101>,10
8,6,|11011000>,22
8,6,|11011010>,18
8,6,|10101001>,22
8,6,|10110001>,18
8,6,|10010000>,23
8,6,|00101011>,9
8,6,|10000111>,28
8,6,|10000011>,25
8,6,|11110010>,11
8,6,|10100100>,29
8,6,|10100001>,23
8,6,|10010101>,23
8,6,|00011001>,8
8,6,|11010101>,22
8,6,|11101110>,9
8,6,|00101000>,11
8,6,|10000101>,34
8,6,|01101111>,21
8,6,|11000111>,20
8,6,|01110111>,28
8,6,|01001001>,14
8,6,|01010101>,20
8,6,|11111111>,12
8,6,|00111001>,13
8,6,|01100111>,17
8,6,|10001111>,18
8,6,|10111011>,15
8,6,|00001101>,13
8,6,|00101100>,11
8,6,|10111001>,33
8,6,|01010001>,19
8,6,|00110000>,16
8,6,|01111010>,21
8,6,|00000110>,3
8,6,|00010000>,7
8,6,|11000010>,23
8,6,|10010011>,18
8,6,|11101010>,13
8,6,|00101001>,13
8,6,|10001011>,20
8,6,|11101111>,10
8,6,|01100010>,22
8,6,|01001100>,12
8,6,|11001101>,17
8,6,|11001001>,14
8,6,|11000101>,20
8,6,|10001110>,23
8,6,|01011100>,26
8,6,|10101100>,24
8,6,|11110011>,16
8,6,|01000110>,16
8,6,|11010000>,21
8,6,|11011110>,17
8,6,|01111101>,23
8,6,|01011101>,24
8,6,|11100110>,15
8,6,|01101101>,23
8,6,|00110101>,14
8,6,|11011011>,18
8,6,|00010010>,8
8,6,|01001111>,19
8,6,|11001110>,10
8,6,|11001000>,19
8,6,|00110011>,12
8,6,|00011111>,7
8,6,|10011101>,23
8,6,|01101110>,25
8,6,|10010010>,21
8,6,|01001110>,19
8,6,|10100111>,18
8,6,|10000001>,22
8,6,|11010010>,16
8,6,|01110100>,19
8,6,|10011110>,15
8,6,|11010001>,21
8,6,|00100101>,12
8,6,|01001011>,19
8,6,|01110001>,25
8,6,|00110001>,10
8,6,|10111101>,16
8,6,|10101111>,30
8,6,|11010100>,16
8,6,|10100011>,14
8,6,|01110011>,12
8,6,|11100111>,13
8,6,|10100101>,20
8,6,|10110111>,23
8,6,|10000000>,12
8,6,|01011001>,18
8,6,|10111010>,16
8,6,|01111000>,24
8,6,|10100010>,24
8,6,|01100101>,17
8,6,|00101010>,13
8,6,|11011001>,11
8,6,|01000011>,19
8,6,|10011000>,18
8,6,|11110001>,9
8,6,|10001001>,19
8,6,|01000100>,22
8,6,|00100111>,14
8,6,|01001010>,12
8,6,|10110100>,22
8,6,|10101000>,22
8,6,|00011110>,5
8,6,|01100100>,13
8,6,|10101110>,24
8,6,|00101111>,14
8,6,|10010111>,27
8,6,|00111010>,18
8,6,|01111110>,26
8,6,|00011010>,6
8,6,|01111001>,16
8,6,|10110010>,20
8,6,|00010111>,13
8,6,|10001101>,24
8,6,|11101100>,15
8,6,|11010011>,24
8,6,|11100001>,17
8,6,|11001111>,17
8,6,|01000010>,10
8,6,|10111111>,21
8,6,|11000000>,15
8,6,|11100010>,16
8,6,|10011100>,25
8,6,|00100000>,9
8,6,|10011111>,26
8,6,|01011111>,15
8,6,|01011110>,20
8,6,|00001011>,8
8,6,|01010111>,16
8,6,|10110101>,24
8,6,|10111000>,17
8,6,|00100001>,9
8,6,|11010111>,16
8,6,|10111110>,12
8,6,|11011100>,9
8,6,|11011111>,12
8,6,|01100110>,12
8,6,|01010100>,24
8,6,|01110110>,16
8,6,|11000011>,11
8,6,|00010001>,6
8,6,|10011010>,21
8,6,|11100100>,16
8,6,|10100110>,15
8,6,|01111100>,24
8,6,|01000111>,16
8,6,|11100101>,23
8,6,|01100001>,14
8,6,|11111000>,8
8,6,|11110111>,15
8,6,|11001100>,13
8,6,|10100000>,24
8,6,|00001001>,9
8,6,|10001000>,23
8,6,|01010011>,12
8,6,|01011000>,26
8,6,|10010100>,16
8,6,|00110111>,18
8,6,|00111111>,11
8,6,|01011010>,13
8,6,|01000001>,20
8,6,|11110101>,12
8,6,|11001011>,11
8,6,|00000011>,6
8,6,|11010110>,13
8,6,|10101101>,25
8,6,|00101110>,22
8,6,|10010110>,20
8,6,|01111111>,21
8,6,|01110010>,19
8,6,|01010000>,19
8,6,|01110000>,18
8,6,|01101000>,21
8,6,|10111100>,24
8,6,|11100011>,10
8,6,|10011001>,20
8,6,|11100000>,12
8,6,|01100000>,12
8,6,|10001100>,21
8,6,|10110110>,16
8,6,|10000010>,23
8,6,|10101011>,24
8,6,|11000100>,16
8,6,|00001010>,4
8,6,|11110100>,16
8,6,|01111011>,20
8,6,|01110101>,24
8,6,|11111010>,8
8,6,|01010010>,13
8,6,|01101011>,21
8,6,|01101010>,20
8,6,|00000100>,7
8,6,|00010101>,11
8,6,|00101101>,11
8,6,|11001010>,20
8,6,|10110011>,18
8,6,|10000100>,14
8,6,|10101010>,28
8,6,|00011000>,7
8,6,|11110000>,11
8,6,|11101000>,3
8,6,|01001000>,9
8,6,|01000000>,13
8,6,|10110000>,21
8,6,|11111011>,10
8,6,|10000110>,18
8,6,|00001100>,5
8,6,|00100010>,10
8,6,|11000001>,18
8,6,|01001101>,18
8,6,|00110010>,13
8,6,|11101101>,13
8,6,|00100011>,13
8,6,|10010001>,29
8,6,|00000111>,6
8,6,|11101011>,13
8,6,|11101001>,13
8,6,|00111100>,14
8,6,|00111011>,13
8,6,|00110110>,15
8,6,|00100100>,8
8,6,|10001010>,24
8,6,|00001111>,3
8,6,|01011011>,12
8,6,|01101001>,15
8,6,|11000110>,19
8,6,|00111000>,16
8,6,|01100011>,21
8,6,|00111110>,19
8,6,|00011011>,5
8,6,|01010110>,18
8,6,|00010011>,11
8,6,|11110110>,8
8,6,|01101100>,15
8,6,|00100110>,10
8,6,|11111100>,11
8,6,|00110100>,12
8,6,|00111101>,12
8,6,|00000001>,3
8,6,|00011100>,10
8,6,|10011011>,20
8,6,|11111001>,8
8,6,|11011101>,11
8,6,|11111110>,7
8,6,|01000101>,12
8,6,|00000010>,6
8,6,|00011101>,13
8,6,|00001110>,6
8,6,|00000101>,8
8,6,|00010110>,5
8,6,|00001000>,6
8,6,|00000000>,4
8,6,|00010100>,4
8,7,|10100101>,23
8,7,|01011100>,20
8,7,|00100000>,9
8,7,|01000111>,10
8,7,|11010011>,15
8,7,|01101010>,16
8,7,|10010010>,23
8,7,|00001111>,5
8,7,|01100111>,19
8,7,|10001010>,20
8,7,|01100010>,28
8,7,|00110101>,15
8,7,|10110110>,22
8,7,|10111000>,26
8,7,|01100000>,19
8,7,|10101010>,26
8,7,|11111000>,12
8,7,|01101110>,24
8,7,|01000101>,18
8,7,|00101011>,10
8,7,|00100100>,14
8,7,|10101110>,15
8,7,|01101111>,21
8,7,|10011100>,18
8,7,|00110010>,11
8,7,|00011110>,14
8,7,|10111001>,21
8,7,|11010010>,21
8,7,|01111010>,25
8,7,|10111100>,24
8,7,|10110111>,23
8,7,|00111111>,13
8,7,|11000001>,23
8,7,|11011110>,20
8,7,|00001011>,9
8,7,|10100100>,27
8,7,|01111011>,23
8,7,|11100100>,12
8,7,|11110110>,11
8,7,|01111000>,25
8,7,|10000110>,28
8,7,|01110111>,26
8,7,|10110010>,20
8,7,|10010011>,18
8,7,|10110100>,17
8,7,|00111100>,17
8,7,|10000101>,27
8,7,|01010001>,29
8,7,|00111011>,12
8,7,|00110000>,7
8,7,|10110001>,19
8,7,|01010111>,11
8,7,|11110001>,8
8,7,|10110101>,27
8,7,|11010100>,17
8,7,|01011011>,27
8,7,|10001111>,24
8,7,|00100110>,12
8,7,|10100001>,21
8,7,|00111001>,12
8,7,|10011001>,16
8,7,|01111111>,25
8,7,|01011101>,20
8,7,|01100001>,23
8,7,|10011110>,20
8,7,|11010000>,18
8,7,|11011111>,18
8,7,|01011001>,14
8,7,|01010110>,21
8,7,|00100001>,9
8,7,|11000111>,15
8,7,|10011011>,23
8,7,|11001101>,23
8,7,|00100101>,18
8,7,|11001001>,27
8,7,|11000000>,19
8,7,|01011111>,18
8,7,|10111110>,17
8,7,|01110000>,22
8,7,|10110000>,24
8,7,|00101111>,13
8,7,|10000111>,26
8,7,|01111110>,23
8,7,|10100010>,22
8,7,|11100111>,10
8,7,|11110010>,14
8,7,|00110001>,14
8,7,|01100011>,24
8,7,|01001110>,20
8,7,|11110000>,13
8,7,|11110100>,14
8,7,|11011100>,13
8,7,|11000011>,17
8,7,|11011010>,15
8,7,|11100010>,13
8,7,|11010110>,19
8,7,|10100111>,22
8,7,|10100110>,20
8,7,|10111011>,12
8,7,|01110110>,23
8,7,|10000010>,17
8,7,|00110111>,14
8,7,|10011111>,29
8,7,|00011000>,10
8,7,|00101110>,11
8,7,|10001000>,23
8,7,|01110011>,20
8,7,|10111101>,14
8,7,|00010100>,11
8,7,|01001011>,18
8,7,|10011000>,26
8,7,|11100000>,12
8,7,|01101000>,30
8,7,|10000000>,20
8,7,|11010101>,21
8,7,|01001000>,18
8,7,|10010111>,15
8,7,|01101001>,25
8,7,|00101010>,15
8,7,|10101101>,21
8,7,|00001101>,5
8,7,|01001010>,19
8,7,|01110010>,25
8,7,|10001011>,26
8,7,|01100101>,25
8,7,|01011010>,11
8,7,|00101101>,8
8,7,|11111101>,6
8,7,|01001001>,24
8,7,|11001011>,19
8,7,|10101000>,30
8,7,|00001110>,7
8,7,|00010001>,5
8,7,|10010001>,17
8,7,|11101110>,10
8,7,|10111010>,12
8,7,|11011011>,12
8,7,|00001010>,6
8,7,|11010111>,16
8,7,|00100011>,8
8,7,|11001111>,8
8,7,|10011101>,23
8,7,|10010000>,27
8,7,|00100111>,13
8,7,|01000100>,21
8,7,|11101001>,10
8,7,|00010000>,5
8,7,|01000000>,8
8,7,|01010010>,18
8,7,|00010101>,8
8,7,|11001100>,21
8,7,|11000010>,18
8,7,|01110001>,21
8,7,|10110011>,16
8,7,|01100110>,14
8,7,|10001100>,20
8,7,|11001010>,14
8,7,|00111000>,17
8,7,|01001100>,13
8,7,|01001101>,17
8,7,|11011001>,17
8,7,|01010100>,11
8,7,|00110011>,22
8,7,|00111110>,18
8,7,|11101010>,14
8,7,|10010101>,21
8,7,|01000001>,11
8,7,|00101100>,13
8,7,|10101111>,14
8,7,|11000101>,18
8,7,|11110011>,15
8,7,|10100000>,23
8,7,|11100110>,9
8,7,|00010110>,13
8,7,|10010100>,10
8,7,|11010001>,14
8,7,|01011110>,29
8,7,|00111101>,15
8,7,|10001001>,21
8,7,|11110101>,17
8,7,|10101100>,16
8,7,|10010110>,19
8,7,|00101001>,12
8,7,|01111100>,20
8,7,|01000110>,21
8,7,|01101011>,24
8,7,|00010111>,12
8,7,|10000001>,21
8,7,|11011101>,15
8,7,|11100011>,10
8,7,|11100101>,16
8,7,|00111010>,13
8,7,|10001101>,12
8,7,|01011000>,15
8,7,|01100100>,15
8,7,|11000110>,14
8,7,|00011010>,8
8,7,|01110100>,27
8,7,|10111111>,29
8,7,|10101001>,19
8,7,|10011010>,23
8,7,|10101011>,12
8,7,|00011101>,5
8,7,|11111010>,11
8,7,|11111111>,7
8,7,|01111101>,19
8,7,|00110110>,14
8,7,|01110101>,28
8,7,|10001110>,10
8,7,|01001111>,13
8,7,|01010000>,22
8,7,|01111001>,20
8,7,|00101000>,13
8,7,|01000010>,15
8,7,|11111001>,12
8,7,|00001001>,5
8,7,|11001110>,23
8,7,|01010101>,16
8,7,|00000101>,5
8,7,|11000100>,20
8,7,|01010011>,11
8,7,|00100010>,14
8,7,|11011000>,16
8,7,|10000100>,23
8,7,|11101111>,14
8,7,|00000100>,4
8,7,|11001000>,14
8,7,|01000011>,13
8,7,|00110100>,16
8,7,|01101100>,18
8,7,|00011011>,4
8,7,|00000001>,4
8,7,|11101100>,12
8,7,|11111100>,12
8,7,|11101101>,11
8,7,|01101101>,13
8,7,|00000111>,3
8,7,|11100001>,10
8,7,|00010011>,8
8,7,|00010010>,8
8,7,|11101000>,7
8,7,|11110111>,8
8,7,|00001000>,5
8,7,|00000000>,4
8,7,|00000011>,9
8,7,|10000011>,8
8,7,|00011001>,7
8,7,|11101011>,6
8,7,|11111011>,4
8,7,|10100011>,12
8,7,|00000110>,5
8,7,|00011100>,3
8,7,|11111110>,5
8,7,|00001100>,3
8,7,|00011111>,5
8,7,|00000010>,2
8,8,|01101101>,19
8,8,|11010000>,21
8,8,|11001101>,13
8,8,|01000100>,7
8,8,|10110100>,30
8,8,|11010111>,25
8,8,|01100111>,16
8,8,|01001111>,20
8,8,|00001001>,2
8,8,|01000101>,26
8,8,|00110111>,17
8,8,|01110100>,22
8,8,|11111010>,12
8,8,|11000010>,20
8,8,|11001011>,19
8,8,|11000110>,20
8,8,|10001011>,24
8,8,|10011101>,28
8,8,|00100010>,12
8,8,|10100010>,19
8,8,|10100100>,20
8,8,|01010001>,13
8,8,|10111111>,24
8,8,|00011111>,12
8,8,|00100011>,7
8,8,|10001101>,22
8,8,|01111011>,18
8,8,|11101010>,16
8,8,|10001111>,28
8,8,|00111111>,13
8,8,|01101000>,28
8,8,|11001000>,29
8,8,|10001010>,21
8,8,|10110010>,16
8,8,|10001100>,24
8,8,|11001100>,26
8,8,|01111111>,23
8,8,|01001010>,15
8,8,|11011010>,20
8,8,|10110011>,18
8,8,|10110111>,16
8,8,|10110101>,23
8,8,|00011001>,8
8,8,|11110000>,16
8,8,|10101100>,22
8,8,|01011100>,18
8,8,|01000011>,16
8,8,|11010010>,21
8,8,|00011101>,7
8,8,|11010011>,29
8,8,|01011110>,21
8,8,|00000000>,7
8,8,|00010110>,7
8,8,|01101100>,27
8,8,|10010111>,25
8,8,|10101000>,23
8,8,|01001011>,20
8,8,|11111100>,8
8,8,|10100001>,17
8,8,|10011001>,24
8,8,|11110100>,11
8,8,|00100111>,12
8,8,|01100011>,23
8,8,|11100010>,11
8,8,|00011110>,9
8,8,|00111000>,14
8,8,|10011110>,22
8,8,|10000010>,20
8,8,|10000011>,28
8,8,|01000001>,13
8,8,|10111100>,21
8,8,|10000100>,23
8,8,|00001010>,3
8,8,|10100000>,21
8,8,|10110000>,18
8,8,|10101001>,23
8,8,|01100100>,18
8,8,|11001010>,19
8,8,|00111101>,10
8,8,|01010011>,22
8,8,|11100011>,16
8,8,|01101011>,13
8,8,|11000100>,14
8,8,|10101110>,29
8,8,|10111101>,29
8,8,|10010011>,21
8,8,|11101100>,15
8,8,|01110011>,14
8,8,|10100111>,19
8,8,|01011111>,20
8,8,|00101001>,13
8,8,|10101111>,13
8,8,|01000010>,23
8,8,|11011110>,7
8,8,|01111000>,22
8,8,|11100100>,11
8,8,|00111110>,14
8,8,|00110011>,12
8,8,|10000110>,22
8,8,|10000001>,27
8,8,|00100100>,12
8,8,|01101001>,19
8,8,|00101110>,13
8,8,|01011011>,20
8,8,|01010101>,25
8,8,|11100001>,14
8,8,|01010100>,22
8,8,|01001110>,22
8,8,|00100000>,10
8,8,|11011001>,16
8,8,|11101110>,14
8,8,|00001101>,8
8,8,|01111010>,16
8,8,|10110001>,23
8,8,|00110110>,12
8,8,|10000111>,26
8,8,|11101111>,13
8,8,|01111110>,20
8,8,|11101001>,11
8,8,|10011010>,15
8,8,|11011011>,15
8,8,|01010110>,18
8,8,|01101111>,25
8,8,|00001100>,5
8,8,|10000000>,23
8,8,|10111011>,14
8,8,|01011010>,20
8,8,|01110000>,31
8,8,|01011000>,15
8,8,|11000001>,10
8,8,|01100000>,16
8,8,|11111000>,11
8,8,|10100011>,15
8,8,|11111001>,10
8,8,|01000000>,10
8,8,|01010010>,21
8,8,|11100111>,13
8,8,|10100110>,21
8,8,|01001100>,11
8,8,|01110111>,22
8,8,|10011111>,22
8,8,|01100110>,20
8,8,|10010001>,24
8,8,|01101110>,26
8,8,|00110000>,13
8,8,|10011011>,24
8,8,|11101000>,12
8,8,|00100101>,15
8,8,|01110001>,10
8,8,|00001011>,7
8,8,|11001110>,20
8,8,|11110010>,8
8,8,|10010100>,33
8,8,|01100001>,15
8,8,|11100110>,12
8,8,|00101011>,13
8,8,|11011101>,14
8,8,|00101111>,9
8,8,|11000111>,15
8,8,|00010111>,12
8,8,|10101011>,25
8,8,|00111011>,7
8,8,|10101010>,17
8,8,|01110010>,15
8,8,|01010000>,14
8,8,|10001110>,20
8,8,|00110100>,12
8,8,|00010101>,4
8,8,|10010101>,16
8,8,|10001001>,23
8,8,|10110110>,16
8,8,|00111100>,11
8,8,|01011101>,28
8,8,|01000111>,13
8,8,|00000111>,7
8,8,|00010011>,11
8,8,|11110001>,16
8,8,|01001101>,12
8,8,|00110010>,14
8,8,|11010101>,12
8,8,|01001001>,12
8,8,|11001001>,15
8,8,|11110110>,8
8,8,|00011011>,5
8,8,|10010010>,26
8,8,|10011100>,22
8,8,|11000000>,11
8,8,|11011000>,19
8,8,|11000101>,20
8,8,|00100110>,12
8,8,|01010111>,12
8,8,|00001111>,8
8,8,|10010000>,22
8,8,|01110110>,18
8,8,|01111101>,20
8,8,|10000101>,17
8,8,|10101101>,21
8,8,|00111001>,19
8,8,|01100101>,21
8,8,|00101000>,15
8,8,|11111110>,12
8,8,|10010110>,19
8,8,|11100000>,20
8,8,|01001000>,16
8,8,|00110001>,16
8,8,|00011000>,7
8,8,|00101101>,9
8,8,|00000100>,8
8,8,|11011100>,12
8,8,|01101010>,24
8,8,|00100001>,7
8,8,|00000010>,8
8,8,|11110111>,11
8,8,|11010110>,25
8,8,|10111010>,16
8,8,|00001000>,7
8,8,|11110011>,14
8,8,|10011000>,14
8,8,|01011001>,13
8,8,|11100101>,12
8,8,|01100010>,19
8,8,|11011111>,14
8,8,|11000011>,19
8,8,|11111101>,9
8,8,|00000001>,6
8,8,|00000011>,2
8,8,|10111000>,17
8,8,|00101100>,8
8,8,|00101010>,11
8,8,|10111110>,18
8,8,|11110101>,10
8,8,|00111010>,18
8,8,|11010001>,17
8,8,|11010100>,15
8,8,|00110101>,15
8,8,|01110101>,21
8,8,|00001110>,8
8,8,|00000101>,5
8,8,|10001000>,15
8,8,|01000110>,19
8,8,|00011010>,9
8,8,|11101011>,9
8,8,|00010010>,5
8,8,|10111001>,13
8,8,|11111011>,11
8,8,|11101101>,5
8,8,|01111001>,18
8,8,|01111100>,12
8,8,|00011100>,8
8,8,|00010001>,7
8,8,|11111111>,9
8,8,|00010100>,8
8,8,|00000110>,6
8,8,|10100101>,15
8,8,|11001111>,10
8,8,|00010000>,3
8,9,|01010001>,21
8,9,|01001111>,21
8,9,|01101010>,13
8,9,|11001001>,23
8,9,|00111101>,21
8,9,|10100100>,17
8,9,|11001011>,20
8,9,|00011010>,9
8,9,|01010100>,29
8,9,|00101001>,17
8,9,|10110111>,19
8,9,|01110000>,13
8,9,|11110101>,10
8,9,|11111010>,15
8,9,|11111111>,13
8,9,|10001010>,22
8,9,|01100110>,23
8,9,|11001110>,17
8,9,|01001000>,20
8,9,|01101100>,18
8,9,|10110101>,14
8,9,|10100000>,20
8,9,|01011100>,16
8,9,|01000111>,20
8,9,|01110001>,17
8,9,|10100110>,21
8,9,|01001101>,24
8,9,|01110010>,18
8,9,|00111011>,21
8,9,|01011111>,24
8,9,|01011011>,26
8,9,|11011001>,19
8,9,|10010010>,17
8,9,|01000011>,12
8,9,|10001110>,34
8,9,|11000111>,27
8,9,|01110100>,21
8,9,|01100010>,13
8,9,|10000011>,18
8,9,|11110010>,12
8,9,|01010000>,18
8,9,|11111100>,8
8,9,|10001001>,27
8,9,|01111011>,21
8,9,|10011100>,32
8,9,|01001100>,20
8,9,|11001010>,14
8,9,|11111110>,5
8,9,|11101110>,13
8,9,|01111010>,16
8,9,|00100111>,9
8,9,|10001000>,21
8,9,|01101000>,29
8,9,|11111011>,10
8,9,|10010000>,21
8,9,|01100101>,18
8,9,|10011000>,22
8,9,|11100000>,22
8,9,|10101001>,20
8,9,|10001100>,24
8,9,|10000000>,25
8,9,|01010010>,23
8,9,|11000011>,18
8,9,|10101000>,18
8,9,|11011010>,15
8,9,|11101000>,15
8,9,|00100101>,12
8,9,|01010110>,18
8,9,|01110110>,25
8,9,|00110101>,11
8,9,|10111100>,22
8,9,|00011011>,8
8,9,|11100001>,15
8,9,|00110001>,13
8,9,|00100000>,6
8,9,|01001011>,14
8,9,|10000001>,31
8,9,|10110010>,17
8,9,|01100011>,16
8,9,|00111110>,20
8,9,|11001100>,22
8,9,|10110110>,14
8,9,|01000010>,13
8,9,|01111110>,17
8,9,|10101010>,13
8,9,|10100010>,23
8,9,|10111000>,23
8,9,|10101100>,19
8,9,|11100010>,16
8,9,|01100000>,24
8,9,|11010111>,14
8,9,|11010000>,24
8,9,|10100001>,21
8,9,|11011000>,25
8,9,|01110101>,22
8,9,|01110011>,23
8,9,|01101111>,26
8,9,|00100011>,13
8,9,|11100011>,12
8,9,|10111111>,17
8,9,|01110111>,22
8,9,|00011110>,8
8,9,|10011111>,26
8,9,|01101011>,21
8,9,|10000111>,27
8,9,|01111111>,26
8,9,|10010011>,19
8,9,|00000000>,3
8,9,|11101001>,15
8,9,|11001000>,16
8,9,|11010101>,16
8,9,|00110110>,17
8,9,|10010100>,22
8,9,|10000101>,22
8,9,|11111101>,7
8,9,|10111001>,32
8,9,|01010101>,23
8,9,|11000010>,16
8,9,|10110001>,14
8,9,|10010110>,25
8,9,|00110100>,7
8,9,|01010111>,20
8,9,|10111011>,14
8,9,|01111001>,28
8,9,|01100001>,25
8,9,|00001110>,7
8,9,|00011100>,12
8,9,|11110000>,11
8,9,|01001110>,21
8,9,|10010111>,21
8,9,|11100100>,19
8,9,|10011110>,25
8,9,|11011100>,12
8,9,|01111100>,19
8,9,|11000110>,17
8,9,|10110000>,31
8,9,|11101101>,15
8,9,|10111101>,20
8,9,|00100010>,9
8,9,|10000100>,17
8,9,|10011011>,20
8,9,|00010001>,8
8,9,|10101101>,21
8,9,|10011010>,18
8,9,|01001001>,19
8,9,|01011001>,23
8,9,|11001111>,13
8,9,|10101111>,18
8,9,|11101011>,11
8,9,|01000000>,16
8,9,|00101010>,18
8,9,|10001011>,18
8,9,|11010110>,13
8,9,|11000100>,19
8,9,|01000001>,10
8,9,|00111010>,9
8,9,|00000100>,6
8,9,|10010001>,29
8,9,|00110010>,11
8,9,|11100101>,17
8,9,|00101101>,6
8,9,|11011011>,17
8,9,|10010101>,24
8,9,|01011000>,16
8,9,|01010011>,13
8,9,|11101010>,12
8,9,|11100111>,21
8,9,|10000110>,25
8,9,|11010011>,14
8,9,|10101110>,20
8,9,|01011101>,20
8,9,|10110011>,16
8,9,|10111110>,13
8,9,|11000101>,16
8,9,|01101110>,22
8,9,|10111010>,17
8,9,|00111100>,9
8,9,|11001101>,23
8,9,|00101011>,9
8,9,|10000010>,24
8,9,|10101011>,16
8,9,|10001101>,22
8,9,|11011110>,16
8,9,|11000000>,20
8,9,|00010110>,9
8,9,|01101101>,21
8,9,|01100111>,13
8,9,|11110111>,10
8,9,|10100111>,22
8,9,|01000100>,19
8,9,|00010100>,2
8,9,|00101111>,10
8,9,|00000011>,5
8,9,|00110000>,7
8,9,|00001001>,4
8,9,|00101000>,11
8,9,|00111001>,13
8,9,|11110001>,11
8,9,|11000001>,19
8,9,|00111111>,11
8,9,|00000101>,5
8,9,|00100100>,11
8,9,|00110111>,18
8,9,|11010001>,25
8,9,|01000101>,15
8,9,|11010010>,13
8,9,|11011101>,7
8,9,|01000110>,12
8,9,|11110100>,12
8,9,|10011001>,18
8,9,|01111101>,23
8,9,|11100110>,11
8,9,|10001111>,19
8,9,|00110011>,13
8,9,|10100101>,16
8,9,|11111000>,13
8,9,|10110100>,14
8,9,|00101100>,6
8,9,|01011110>,26
8,9,|00001010>,9
8,9,|00010111>,10
8,9,|01101001>,20
8,9,|00001101>,8
8,9,|00011101>,7
8,9,|01001010>,10
8,9,|10100011>,16
8,9,|01011010>,19
8,9,|00010101>,8
8,9,|11111001>,6
8,9,|10011101>,15
8,9,|11101100>,20
8,9,|11110011>,14
8,9,|00011111>,7
8,9,|00100001>,13
8,9,|00001111>,9
8,9,|11011111>,15
8,9,|11110110>,9
8,9,|00010010>,6
8,9,|00010000>,8
8,9,|00010011>,1
8,9,|11101111>,8
8,9,|01111000>,20
8,9,|00100110>,8
8,9,|00000111>,5
8,9,|00101110>,7
8,9,|01100100>,10
8,9,|00011001>,2
8,9,|11010100>,12
8,9,|00001100>,4
8,9,|00011000>,8
8,9,|00111000>,5
8,9,|00001000>,3
8,9,|00000010>,3
8,9,|00001011>,2
8,9,|00000110>,2
8,10,|00001111>,6
8,10,|10111100>,21
8,10,|10110110>,20
8,10,|01110000>,14
8,10,|10001101>,20
8,10,|01101001>,18
8,10,|11100010>,17
8,10,|10010100>,23
8,10,|10011111>,20
8,10,|00101101>,13
8,10,|01001000>,15
8,10,|10011000>,28
8,10,|11000101>,29
8,10,|11111010>,12
8,10,|10111011>,20
8,10,|11010101>,15
8,10,|11100100>,11
8,10,|10111101>,19
8,10,|10011100>,25
8,10,|01010000>,18
8,10,|10010010>,18
8,10,|01011011>,20
8,10,|01010011>,21
8,10,|00101011>,14
8,10,|10000101>,30
8,10,|01111100>,20
8,10,|01001100>,17
8,10,|11010000>,19
8,10,|01111001>,14
8,10,|01110110>,31
8,10,|10101001>,25
8,10,|11101001>,14
8,10,|00010011>,8
8,10,|10001001>,23
8,10,|01001111>,17
8,10,|10100011>,22
8,10,|01111000>,32
8,10,|00101110>,18
8,10,|01000101>,20
8,10,|10001010>,19
8,10,|10000110>,15
8,10,|10100001>,27
8,10,|00001101>,7
8,10,|01101110>,22
8,10,|01010111>,19
8,10,|01011110>,29
8,10,|01000111>,17
8,10,|01011010>,23
8,10,|01100010>,15
8,10,|00100100>,16
8,10,|00000100>,7
8,10,|11011010>,15
8,10,|00110000>,12
8,10,|10111111>,21
8,10,|11011101>,12
8,10,|00110011>,17
8,10,|01101101>,14
8,10,|01001110>,18
8,10,|01011001>,9
8,10,|11001100>,13
8,10,|01100011>,13
8,10,|00000001>,5
8,10,|10101101>,28
8,10,|01001101>,13
8,10,|01101000>,20
8,10,|11111110>,10
8,10,|11011111>,17
8,10,|10010111>,25
8,10,|01101010>,21
8,10,|10101110>,19
8,10,|11010001>,15
8,10,|00111101>,17
8,10,|01001001>,18
8,10,|10000010>,26
8,10,|11010110>,19
8,10,|00011111>,4
8,10,|00011010>,7
8,10,|01100111>,21
8,10,|11000010>,21
8,10,|01110111>,20
8,10,|10100101>,21
8,10,|11001000>,20
8,10,|11101000>,13
8,10,|00110111>,11
8,10,|11001010>,14
8,10,|01110011>,27
8,10,|11011100>,12
8,10,|11011000>,13
8,10,|10101100>,15
8,10,|11001101>,11
8,10,|00100101>,11
8,10,|10001011>,31
8,10,|10111010>,15
8,10,|10101111>,21
8,10,|10110010>,20
8,10,|01110100>,21
8,10,|11010111>,15
8,10,|11101010>,14
8,10,|01111011>,15
8,10,|10111000>,19
8,10,|10100010>,26
8,10,|01000010>,6
8,10,|01100001>,25
8,10,|11001111>,24
8,10,|10001100>,23
8,10,|10100000>,20
8,10,|01110010>,18
8,10,|11111100>,11
8,10,|10011110>,21
8,10,|01100100>,20
8,10,|11011001>,16
8,10,|00100011>,8
8,10,|01011100>,19
8,10,|00110110>,12
8,10,|00100010>,8
8,10,|00111110>,8
8,10,|01011101>,20
8,10,|00100111>,14
8,10,|10001111>,19
8,10,|10111110>,14
8,10,|11000111>,15
8,10,|11110101>,5
8,10,|11001001>,16
8,10,|11000000>,26
8,10,|11011011>,21
8,10,|10111001>,19
8,10,|01010100>,21
8,10,|10010001>,23
8,10,|11000110>,16
8,10,|01001010>,18
8,10,|01101011>,14
8,10,|11001110>,13
8,10,|01110001>,19
8,10,|01010001>,27
8,10,|10101000>,19
8,10,|01101111>,22
8,10,|10000011>,27
8,10,|11100110>,19
8,10,|01111010>,25
8,10,|11001011>,16
8,10,|10100111>,26
8,10,|10010101>,15
8,10,|00111100>,11
8,10,|10000001>,23
8,10,|10000000>,27
8,10,|10000111>,26
8,10,|11101111>,9
8,10,|00111010>,9
8,10,|10011101>,20
8,10,|10100110>,25
8,10,|11100111>,13
8,10,|00101010>,8
8,10,|11101110>,11
8,10,|11110111>,10
8,10,|01000000>,12
8,10,|00011001>,7
8,10,|11100000>,20
8,10,|00101001>,8
8,10,|01111101>,24
8,10,|01111111>,30
8,10,|01011111>,23
8,10,|11101101>,11
8,10,|11110100>,9
8,10,|10010011>,21
8,10,|10110001>,23
8,10,|00101000>,9
8,10,|10001000>,22
8,10,|00010010>,2
8,10,|10110000>,25
8,10,|10110111>,16
8,10,|01101100>,17
8,10,|01000110>,18
8,10,|11110010>,10
8,10,|00111001>,15
8,10,|01010010>,12
8,10,|11111001>,12
8,10,|00101100>,7
8,10,|11111011>,11
8,10,|10100100>,18
8,10,|00010000>,5
8,10,|10010000>,28
8,10,|01110101>,17
8,10,|01100000>,25
8,10,|00011000>,8
8,10,|10110101>,21
8,10,|00000110>,5
8,10,|00100000>,11
8,10,|01010101>,17
8,10,|00011101>,9
8,10,|00111000>,8
8,10,|11110000>,17
8,10,|00010110>,10
8,10,|11000001>,14
8,10,|00010001>,7
8,10,|11110110>,12
8,10,|01100110>,20
8,10,|00011011>,12
8,10,|01000001>,11
8,10,|11000011>,28
8,10,|01111110>,25
8,10,|11111101>,9
8,10,|11110001>,16
8,10,|01011000>,22
8,10,|11010011>,17
8,10,|10011001>,18
8,10,|11101011>,14
8,10,|10110011>,19
8,10,|10000100>,25
8,10,|00110010>,9
8,10,|10011011>,19
8,10,|10101010>,11
8,10,|00110101>,14
8,10,|00100001>,10
8,10,|01100101>,19
8,10,|10011010>,28
8,10,|00010101>,10
8,10,|00101111>,15
8,10,|11010100>,8
8,10,|00111111>,12
8,10,|00001000>,10
8,10,|10001110>,23
8,10,|00111011>,14
8,10,|11101100>,13
8,10,|11011110>,13
8,10,|11100101>,11
8,10,|00100110>,5
8,10,|01010110>,16
8,10,|00001011>,9
8,10,|11111000>,15
8,10,|10101011>,19
8,10,|11100001>,10
8,10,|00110001>,10
8,10,|11010010>,12
8,10,|01000011>,11
8,10,|00011100>,14
8,10,|01000100>,16
8,10,|10110100>,14
8,10,|00001100>,10
8,10,|11000100>,18
8,10,|10010110>,16
8,10,|00011110>,8
8,10,|00001010>,7
8,10,|00110100>,13
8,10,|11111111>,6
8,10,|00000111>,5
8,10,|00000011>,4
8,10,|11100011>,13
8,10,|00000000>,5
8,10,|01001011>,11
8,10,|00010100>,5
8,10,|11110011>,10
8,10,|00001001>,5
8,10,|00000010>,5
8,10,|00001110>,6
8,10,|00000101>,3
8,10,|00010111>,6
8,11,|01001001>,22
8,11,|10101010>,28
8,11,|00010111>,10
8,11,|01011110>,22
8,11,|00010000>,8
8,11,|00111110>,16
8,11,|00111001>,14
8,11,|01111000>,20
8,11,|01101100>,35
8,11,|10101101>,20
8,11,|11000010>,22
8,11,|10011100>,23
8,11,|11010011>,13
8,11,|10010000>,20
8,11,|11000011>,18
8,11,|00001101>,12
8,11,|01110101>,24
8,11,|01111111>,26
8,11,|11101111>,13
8,11,|01111110>,16
8,11,|00111100>,19
8,11,|00110110>,13
8,11,|00100011>,6
8,11,|11000101>,20
8,11,|00011000>,12
8,11,|10101100>,22
8,11,|10001010>,20
8,11,|11101100>,12
8,11,|11011101>,25
8,11,|11010110>,13
8,11,|10110000>,18
8,11,|10100111>,23
8,11,|01010001>,20
8,11,|10100110>,26
8,11,|01111001>,23
8,11,|11101001>,12
8,11,|11011011>,18
8,11,|01100000>,23
8,11,|10100001>,21
8,11,|10001111>,22
8,11,|11011010>,14
8,11,|11100100>,10
8,11,|11100001>,10
8,11,|11001001>,26
8,11,|11101101>,23
8,11,|10010100>,14
8,11,|11011000>,12
8,11,|10100100>,18
8,11,|00000101>,5
8,11,|00000011>,10
8,11,|11001111>,26
8,11,|11000111>,14
8,11,|11111100>,7
8,11,|00010101>,4
8,11,|10110010>,25
8,11,|10011010>,24
8,11,|01011101>,14
8,11,|11100000>,15
8,11,|10000101>,19
8,11,|01110010>,19
8,11,|01100101>,15
8,11,|10001000>,24
8,11,|00011100>,6
8,11,|00100001>,12
8,11,|01011100>,25
8,11,|10001001>,17
8,11,|01010100>,21
8,11,|11100010>,20
8,11,|01110100>,13
8,11,|10001101>,20
8,11,|10001011>,18
8,11,|10010101>,16
8,11,|11011111>,18
8,11,|01111100>,23
8,11,|10011101>,24
8,11,|10110100>,22
8,11,|11010001>,12
8,11,|10011000>,18
8,11,|01010101>,21
8,11,|01010011>,21
8,11,|11111011>,14
8,11,|00101011>,14
8,11,|01100011>,26
8,11,|10110110>,23
8,11,|00111101>,11
8,11,|10001100>,22
8,11,|01110011>,22
8,11,|10000010>,23
8,11,|00010100>,15
8,11,|01000011>,11
8,11,|10010001>,34
8,11,|11010111>,24
8,11,|10100101>,15
8,11,|01011011>,18
8,11,|01110000>,20
8,11,|00010011>,8
8,11,|11100101>,13
8,11,|01010010>,21
8,11,|01100010>,24
8,11,|01001000>,8
8,11,|10111000>,16
8,11,|11111010>,14
8,11,|10111001>,22
8,11,|11111101>,10
8,11,|00110111>,10
8,11,|11001101>,10
8,11,|00111011>,19
8,11,|10011110>,20
8,11,|10111110>,23
8,11,|00100111>,15
8,11,|01111101>,21
8,11,|10011011>,22
8,11,|11001110>,21
8,11,|01110110>,17
8,11,|00011101>,18
8,11,|00001010>,6
8,11,|00001001>,6
8,11,|11000100>,15
8,11,|00011010>,4
8,11,|00101000>,12
8,11,|11101011>,15
8,11,|01011111>,19
8,11,|11110111>,10
8,11,|10101110>,16
8,11,|10001110>,20
8,11,|01111011>,16
8,11,|10100011>,28
8,11,|10111011>,15
8,11,|01100100>,15
8,11,|10011111>,15
8,11,|01111010>,21
8,11,|00101110>,10
8,11,|00001110>,12
8,11,|01011000>,19
8,11,|01001110>,24
8,11,|01101110>,14
8,11,|00111000>,17
8,11,|00000000>,7
8,11,|00011011>,7
8,11,|11100011>,16
8,11,|10011001>,25
8,11,|00100100>,12
8,11,|00001111>,7
8,11,|11001000>,16
8,11,|10010010>,19
8,11,|01101001>,19
8,11,|10110101>,19
8,11,|11110110>,11
8,11,|11011001>,13
8,11,|01010000>,18
8,11,|01001011>,13
8,11,|01001101>,15
8,11,|11001010>,19
8,11,|10010111>,18
8,11,|01001010>,17
8,11,|01110001>,20
8,11,|01000111>,18
8,11,|00011110>,10
8,11,|01101111>,18
8,11,|11101010>,13
8,11,|01101011>,31
8,11,|01010110>,22
8,11,|10000110>,20
8,11,|10010110>,26
8,11,|10000100>,17
8,11,|10000000>,26
8,11,|10110001>,25
8,11,|00110101>,10
8,11,|10000111>,29
8,11,|00011001>,7
8,11,|10100000>,21
8,11,|01000110>,17
8,11,|01000001>,16
8,11,|01100111>,23
8,11,|10101011>,20
8,11,|01010111>,16
8,11,|01101010>,20
8,11,|00111111>,13
8,11,|11100111>,15
8,11,|00000001>,6
8,11,|00101001>,14
8,11,|01011001>,22
8,11,|10111010>,23
8,11,|01000010>,12
8,11,|01001100>,13
8,11,|11000001>,22
8,11,|11111001>,5
8,11,|10100010>,19
8,11,|10110111>,17
8,11,|10101111>,30
8,11,|00000111>,9
8,11,|00010001>,5
8,11,|11011110>,21
8,11,|11010010>,14
8,11,|11000110>,21
8,11,|01000000>,10
8,11,|00010110>,10
8,11,|00001011>,7
8,11,|01110111>,23
8,11,|11111110>,8
8,11,|11011100>,18
8,11,|00001100>,12
8,11,|00101111>,6
8,11,|10000001>,15
8,11,|11001100>,10
8,11,|11111111>,13
8,11,|10010011>,22
8,11,|00000010>,6
8,11,|00110100>,12
8,11,|10101000>,17
8,11,|10110011>,13
8,11,|11000000>,20
8,11,|01100110>,19
8,11,|01101101>,14
8,11,|11100110>,10
8,11,|11110100>,7
8,11,|00111010>,16
8,11,|11010000>,17
8,11,|00100110>,8
8,11,|10111101>,16
8,11,|11111000>,13
8,11,|10000011>,20
8,11,|11110011>,9
8,11,|11010101>,17
8,11,|10111111>,13
8,11,|10101001>,23
8,11,|01100001>,27
8,11,|00110001>,9
8,11,|11010100>,14
8,11,|00110000>,7
8,11,|11110101>,6
8,11,|01001111>,11
8,11,|11110000>,14
8,11,|01000100>,10
8,11,|01011010>,20
8,11,|00101100>,8
8,11,|00011111>,11
8,11,|00101101>,11
8,11,|11101110>,10
8,11,|11001011>,11
8,11,|11110010>,16
8,11,|00001000>,6
8,11,|00100101>,12
8,11,|11110001>,6
8,11,|00110011>,9
8,11,|11101000>,9
8,11,|00101010>,9
8,11,|10111100>,16
8,11,|01000101>,9
8,11,|00110010>,17
8,11,|01101000>,7
8,11,|00100010>,9
8,11,|00000100>,5
8,11,|00000110>,11
8,11,|00010010>,6
8,11,|00100000>,1
8,12,|10001110>,22
8,12,|11110100>,14
8,12,|11000110>,19
8,12,|01000100>,14
8,12,|10100010>,24
8,12,|10110101>,24
8,12,|01110001>,17
8,12,|11001100>,20
8,12,|00100101>,10
8,12,|01101011>,24
8,12,|01011010>,24
8,12,|10101110>,18
8,12,|01110011>,21
8,12,|10111110>,15
8,12,|11100010>,10
8,12,|01011110>,24
8,12,|01110100>,22
8,12,|01111101>,33
8,12,|10001011>,28
8,12,|10101001>,11
8,12,|10110011>,22
8,12,|11110011>,16
8,12,|01110000>,30
8,12,|10101111>,22
8,12,|01101110>,20
8,12,|11010001>,15
8,12,|01101100>,21
8,12,|00011100>,9
8,12,|10100111>,24
8,12,|00000000>,7
8,12,|00111010>,11
8,12,|01001011>,19
8,12,|10000000>,21
8,12,|01101101>,19
8,12,|10000011>,15
8,12,|10010001>,19
8,12,|01101010>,22
8,12,|00110000>,11
8,12,|11110000>,5
8,12,|11011110>,23
8,12,|00110111>,16
8,12,|01011000>,19
8,12,|10100110>,23
8,12,|10000001>,32
8,12,|01010010>,17
8,12,|01100110>,21
8,12,|11001101>,20
8,12,|10001000>,27
8,12,|10100001>,23
8,12,|10010100>,27
8,12,|01111010>,27
8,12,|11100100>,9
8,12,|11001001>,19
8,12,|01000110>,13
8,12,|00000001>,8
8,12,|11111000>,18
8,12,|10001111>,26
8,12,|10000101>,26
8,12,|11101010>,9
8,12,|10001100>,17
8,12,|11111010>,12
8,12,|10110110>,16
8,12,|01101111>,22
8,12,|00011101>,10
8,12,|00001010>,4
8,12,|10100101>,17
8,12,|10111101>,23
8,12,|11101101>,14
8,12,|11010000>,22
8,12,|01100010>,12
8,12,|10011111>,18
8,12,|01111001>,22
8,12,|11000001>,21
8,12,|00100111>,6
8,12,|10100011>,18
8,12,|01000111>,22
8,12,|01011011>,26
8,12,|01100011>,20
8,12,|01111000>,17
8,12,|10010000>,30
8,12,|01001111>,17
8,12,|11100011>,19
8,12,|00010111>,11
8,12,|10110001>,23
8,12,|11011111>,13
8,12,|10010110>,25
8,12,|11000111>,25
8,12,|10011001>,22
8,12,|11101100>,13
8,12,|10111010>,18
8,12,|11001111>,15
8,12,|00000110>,8
8,12,|01011001>,16
8,12,|00001100>,8
8,12,|01000010>,25
8,12,|10100000>,27
8,12,|00101010>,12
8,12,|10111111>,23
8,12,|01000101>,20
8,12,|10111100>,17
8,12,|01011100>,19
8,12,|11000011>,12
8,12,|01001010>,18
8,12,|10001001>,20
8,12,|11101000>,19
8,12,|10101011>,22
8,12,|11000100>,32
8,12,|11111110>,9
8,12,|10101010>,21
8,12,|00111001>,17
8,12,|11011011>,19
8,12,|00001011>,7
8,12,|10011101>,15
8,12,|11001110>,12
8,12,|00011011>,8
8,12,|01010000>,15
8,12,|11010101>,13
8,12,|10001101>,17
8,12,|10011100>,24
8,12,|11011101>,22
8,12,|01111011>,25
8,12,|10010111>,19
8,12,|11100111>,9
8,12,|01100100>,13
8,12,|11000000>,18
8,12,|01111111>,12
8,12,|01010110>,23
8,12,|01100101>,21
8,12,|01111100>,23
8,12,|00010000>,8
8,12,|10011110>,23
8,12,|11100110>,24
8,12,|10011000>,24
8,12,|10000110>,25
8,12,|01100001>,20
8,12,|11010010>,18
8,12,|01000001>,14
8,12,|01010111>,14
8,12,|00110110>,14
8,12,|01110101>,26
8,12,|01100111>,16
8,12,|00110101>,18
8,12,|10110100>,18
8,12,|11010100>,10
8,12,|01000011>,13
8,12,|00101111>,17
8,12,|01011101>,17
8,12,|11110010>,12
8,12,|01110110>,20
8,12,|01001110>,12
8,12,|11000010>,20
8,12,|10101000>,24
8,12,|01101000>,25
8,12,|11110110>,10
8,12,|01101001>,17
8,12,|00010010>,4
8,12,|10100100>,25
8,12,|00101101>,8
8,12,|10001010>,24
8,12,|00111100>,11
8,12,|11001011>,9
8,12,|00111000>,10
8,12,|01001100>,24
8,12,|00011110>,12
8,12,|00010001>,7
8,12,|10110111>,13
8,12,|11111011>,10
8,12,|01001001>,16
8,12,|11011100>,18
8,12,|11111111>,4
8,12,|00101001>,15
8,12,|11100001>,11
8,12,|01011111>,19
8,12,|10111000>,18
8,12,|11111100>,13
8,12,|01010011>,13
8,12,|11001000>,14
8,12,|10010011>,24
8,12,|00001001>,11
8,12,|11010011>,12
8,12,|11010110>,15
8,12,|00010110>,7
8,12,|00111110>,20
8,12,|01100000>,17
8,12,|00001110>,12
8,12,|00001111>,10
8,12,|10101101>,16
8,12,|11100101>,13
8,12,|00100110>,7
8,12,|01110010>,23
8,12,|10010010>,19
8,12,|10110000>,14
8,12,|01010101>,15
8,12,|10000010>,16
8,12,|00001000>,6
8,12,|01000000>,8
8,12,|01111110>,22
8,12,|00101011>,7
8,12,|11011000>,15
8,12,|10101100>,19
8,12,|00111011>,14
8,12,|10111001>,21
8,12,|00100011>,9
8,12,|00101000>,15
8,12,|10000100>,32
8,12,|00101110>,9
8,12,|11001010>,19
8,12,|00011001>,6
8,12,|11000101>,17
8,12,|11100000>,10
8,12,|11101111>,17
8,12,|11110101>,7
8,12,|11111101>,4
8,12,|00110010>,13
8,12,|10111011>,23
8,12,|10010101>,25
8,12,|10000111>,17
8,12,|00110100>,9
8,12,|11110111>,11
8,12,|10011010>,23
8,12,|00011111>,9
8,12,|00000101>,5
8,12,|00000011>,6
8,12,|01010100>,23
8,12,|00110001>,8
8,12,|11011010>,14
8,12,|01001000>,20
8,12,|01010001>,10
8,12,|00000010>,3
8,12,|11111001>,7
8,12,|00100010>,11
8,12,|10011011>,16
8,12,|01110111>,15
8,12,|10110010>,18
8,12,|00011010>,6
8,12,|00110011>,12
8,12,|11110001>,9
8,12,|11010111>,16
8,12,|00100001>,14
8,12,|11011001>,8
8,12,|11101011>,9
8,12,|00010101>,6
8,12,|00001101>,6
8,12,|01001101>,15
8,12,|00010011>,8
8,12,|00010100>,5
8,12,|00101100>,9
8,12,|00011000>,8
8,12,|00000100>,4
8,12,|00100000>,5
8,12,|00000111>,5
8,12,|00111111>,11
8,12,|00111101>,10
8,12,|11101110>,11
8,12,|11101001>,12
8,12,|00100100>,1
8,13,|10000011>,20
8,13,|01111000>,18
8,13,|01111100>,25
8,13,|01100011>,18
8,13,|10111000>,28
8,13,|11110101>,10
8,13,|01111101>,16
8,13,|01100110>,24
8,13,|10110100>,21
8,13,|01100010>,14
8,13,|10010111>,20
8,13,|10110010>,21
8,13,|10001100>,40
8,13,|10001011>,20
8,13,|10101011>,26
8,13,|01101001>,17
8,13,|00110111>,10
8,13,|11001111>,20
8,13,|11011101>,17
8,13,|01101000>,24
8,13,|10001000>,30
8,13,|01101101>,31
8,13,|11100000>,20
8,13,|10000111>,25
8,13,|00000100>,7
8,13,|00101111>,14
8,13,|11101001>,17
8,13,|00101101>,14
8,13,|10011001>,22
8,13,|11100100>,18
8,13,|00001010>,5
8,13,|10000110>,27
8,13,|00100110>,13
8,13,|00101010>,11
8,13,|11001010>,26
8,13,|10011111>,20
8,13,|01101100>,21
8,13,|11011001>,14
8,13,|11010011>,18
8,13,|01000001>,17
8,13,|10010011>,25
8,13,|10111111>,20
8,13,|11000100>,16
8,13,|11110100>,8
8,13,|01010001>,18
8,13,|00111001>,21
8,13,|01000100>,17
8,13,|10001101>,19
8,13,|11101111>,14
8,13,|10101110>,22
8,13,|11100010>,20
8,13,|01010100>,13
8,13,|01010101>,17
8,13,|00111101>,22
8,13,|01000111>,11
8,13,|00010100>,10
8,13,|11110010>,14
8,13,|00010000>,13
8,13,|10100110>,28
8,13,|11101010>,14
8,13,|10011000>,14
8,13,|01100111>,26
8,13,|01111010>,30
8,13,|10110101>,19
8,13,|10111110>,27
8,13,|01001001>,23
8,13,|11100110>,11
8,13,|01011101>,16
8,13,|01010010>,16
8,13,|10110110>,16
8,13,|11001101>,22
8,13,|11001100>,21
8,13,|10011101>,25
8,13,|01101010>,15
8,13,|11110111>,7
8,13,|10100100>,20
8,13,|00001011>,8
8,13,|11010001>,12
8,13,|10100011>,19
8,13,|00011101>,9
8,13,|01011011>,18
8,13,|00110001>,11
8,13,|11010100>,18
8,13,|10100001>,20
8,13,|01000010>,10
8,13,|01101110>,14
8,13,|01111001>,20
8,13,|01001111>,17
8,13,|11100001>,12
8,13,|11000001>,20
8,13,|01100100>,12
8,13,|00000011>,7
8,13,|01001010>,18
8,13,|10001010>,20
8,13,|10001001>,18
8,13,|10101100>,20
8,13,|11011010>,18
8,13,|11010101>,14
8,13,|01000000>,14
8,13,|11001000>,18
8,13,|10010001>,19
8,13,|11101101>,8
8,13,|00111111>,14
8,13,|01010011>,13
8,13,|01001110>,19
8,13,|00100011>,17
8,13,|10111001>,19
8,13,|11001110>,20
8,13,|00010110>,7
8,13,|11000111>,11
8,13,|11101000>,10
8,13,|01101011>,19
8,13,|11111101>,10
8,13,|00011011>,7
8,13,|01011000>,14
8,13,|10000101>,22
8,13,|01000110>,19
8,13,|11100011>,13
8,13,|11101011>,13
8,13,|11101100>,14
8,13,|10001110>,19
8,13,|11111011>,9
8,13,|10011010>,23
8,13,|00111000>,15
8,13,|01000011>,17
8,13,|10110011>,17
8,13,|00010101>,4
8,13,|00011110>,14
8,13,|10000001>,21
8,13,|01110001>,26
8,13,|10010010>,27
8,13,|00110011>,18
8,13,|11001011>,24
8,13,|11011110>,14
8,13,|11100101>,12
8,13,|00000000>,7
8,13,|11000000>,23
8,13,|11000101>,13
8,13,|00111110>,14
8,13,|10010101>,24
8,13,|10100010>,28
8,13,|10111011>,22
8,13,|11011111>,19
8,13,|01110111>,17
8,13,|10110111>,18
8,13,|11011100>,12
8,13,|00111100>,11
8,13,|00000001>,7
8,13,|10000000>,23
8,13,|10101001>,20
8,13,|01101111>,24
8,13,|11001001>,12
8,13,|01111110>,23
8,13,|10111101>,10
8,13,|01011110>,12
8,13,|10100111>,23
8,13,|10101000>,28
8,13,|00001111>,11
8,13,|10010110>,23
8,13,|10100000>,24
8,13,|11010000>,14
8,13,|01011010>,19
8,13,|11000110>,18
8,13,|11111110>,7
8,13,|11000010>,23
8,13,|00101110>,15
8,13,|01111111>,14
8,13,|11010010>,15
8,13,|10110000>,18
8,13,|11011011>,12
8,13,|10000010>,23
8,13,|11000011>,26
8,13,|00101000>,10
8,13,|01001011>,17
8,13,|01011111>,16
8,13,|10100101>,20
8,13,|10001111>,20
8,13,|11110000>,10
8,13,|01001000>,16
8,13,|01011100>,25
8,13,|01010110>,12
8,13,|11111000>,9
8,13,|01110110>,17
8,13,|01110011>,18
8,13,|11110001>,12
8,13,|11100111>,14
8,13,|00110010>,13
8,13,|00111010>,10
8,13,|01100101>,20
8,13,|01110010>,27
8,13,|10000100>,23
8,13,|01110000>,29
8,13,|10101010>,12
8,13,|00100001>,8
8,13,|00110100>,12
8,13,|10111010>,23
8,13,|10110001>,21
8,13,|00010111>,10
8,13,|01111011>,17
8,13,|01110101>,18
8,13,|10101111>,20
8,13,|01010000>,20
8,13,|11101110>,12
8,13,|01100000>,18
8,13,|00100111>,10
8,13,|00101001>,14
8,13,|00010011>,8
8,13,|00111011>,12
8,13,|10011110>,13
8,13,|10011100>,24
8,13,|00100100>,13
8,13,|00011100>,8
8,13,|10011011>,22
8,13,|00011000>,9
8,13,|01001100>,12
8,13,|00110101>,10
8,13,|11111100>,15
8,13,|11010111>,23
8,13,|11111001>,10
8,13,|00001100>,4
8,13,|10111100>,18
8,13,|01010111>,16
8,13,|00100010>,10
8,13,|11110110>,12
8,13,|01000101>,15
8,13,|11011000>,22
8,13,|10010000>,20
8,13,|11111111>,11
8,13,|10101101>,17
8,13,|11110011>,12
8,13,|00000110>,7
8,13,|00011010>,8
8,13,|00101100>,8
8,13,|00011111>,9
8,13,|00001000>,5
8,13,|01100001>,21
8,13,|11010110>,10
8,13,|01110100>,14
8,13,|00010010>,5
8,13,|00010001>,7
8,13,|00110110>,10
8,13,|00101011>,7
8,13,|01001101>,11
8,13,|00110000>,11
8,13,|10010100>,15
8,13,|00100101>,4
8,13,|00000010>,4
8,13,|00011001>,9
8,13,|01011001>,15
8,13,|00100000>,5
8,13,|00000101>,4
8,13,|00001001>,4
8,13,|11111010>,11
8,13,|00001101>,1
8,13,|00000111>,3
8,13,|00001110>,3
8,14,|01011010>,20
8,14,|00111010>,16
8,14,|01010010>,20
8,14,|10101011>,19
8,14,|01011001>,20
8,14,|10001100>,23
8,14,|11110010>,15
8,14,|01110110>,30
8,14,|10010011>,23
8,14,|11110100>,11
8,14,|10110000>,25
8,14,|01101100>,21
8,14,|11010110>,20
8,14,|10100011>,19
8,14,|11111000>,11
8,14,|11111100>,12
8,14,|00010011>,6
8,14,|01111111>,25
8,14,|01011101>,18
8,14,|00001110>,10
8,14,|01111100>,22
8,14,|10101101>,14
8,14,|10101010>,27
8,14,|11010011>,24
8,14,|01100000>,17
8,14,|01101010>,25
8,14,|00111111>,14
8,14,|10110011>,21
8,14,|00110000>,13
8,14,|01110000>,13
8,14,|11011110>,18
8,14,|11100001>,18
8,14,|01110101>,17
8,14,|10010110>,24
8,14,|01111000>,23
8,14,|11011101>,11
8,14,|01010101>,16
8,14,|00101111>,7
8,14,|10010101>,25
8,14,|11101101>,13
8,14,|10000100>,32
8,14,|01101101>,18
8,14,|00101100>,21
8,14,|11101001>,15
8,14,|01101000>,14
8,14,|11001010>,16
8,14,|10011000>,27
8,14,|00100010>,12
8,14,|11001110>,24
8,14,|10111111>,14
8,14,|00000000>,4
8,14,|00000101>,7
8,14,|11001001>,17
8,14,|00111110>,17
8,14,|01110111>,25
8,14,|10001111>,18
8,14,|00110011>,9
8,14,|10100101>,21
8,14,|00011000>,8
8,14,|11100100>,12
8,14,|00100111>,7
8,14,|11001101>,20
8,14,|10101000>,15
8,14,|11101100>,12
8,14,|11010001>,14
8,14,|11100011>,11
8,14,|10000000>,22
8,14,|01110011>,21
8,14,|00001000>,6
8,14,|01111110>,14
8,14,|01001101>,17
8,14,|00001001>,4
8,14,|10000101>,20
8,14,|00111101>,13
8,14,|01110001>,22
8,14,|10001101>,21
8,14,|11101010>,13
8,14,|11000001>,17
8,14,|11100000>,18
8,14,|10111001>,22
8,14,|10010100>,19
8,14,|10100100>,26
8,14,|10011001>,20
8,14,|10110110>,26
8,14,|11011111>,21
8,14,|01101110>,17
8,14,|10011101>,17
8,14,|00000010>,5
8,14,|10001110>,27
8,14,|00001011>,6
8,14,|00010010>,11
8,14,|01100011>,22
8,14,|01010001>,24
8,14,|00000100>,9
8,14,|01011110>,25
8,14,|01010110>,14
8,14,|11000110>,16
8,14,|10111110>,13
8,14,|11101111>,15
8,14,|00101110>,15
8,14,|11100010>,10
8,14,|11111010>,10
8,14,|10010010>,16
8,14,|11000111>,18
8,14,|11110001>,12
8,14,|10011111>,23
8,14,|01000101>,17
8,14,|10101001>,31
8,14,|11010111>,12
8,14,|10100111>,27
8,14,|01010000>,18
8,14,|01001110>,19
8,14,|10110001>,23
8,14,|11010010>,18
8,14,|11110101>,11
8,14,|01011111>,22
8,14,|11110000>,15
8,14,|01110010>,17
8,14,|11010101>,12
8,14,|11111110>,8
8,14,|10011110>,18
8,14,|10110010>,14
8,14,|11101000>,18
8,14,|10111100>,25
8,14,|10111000>,14
8,14,|10000111>,26
8,14,|10011100>,23
8,14,|10001001>,25
8,14,|00101000>,8
8,14,|10000010>,24
8,14,|10001011>,18
8,14,|01000110>,19
8,14,|01010100>,16
8,14,|10010111>,28
8,14,|00111001>,15
8,14,|11011100>,21
8,14,|10001010>,21
8,14,|01000000>,14
8,14,|10110100>,16
8,14,|00110111>,14
8,14,|10001000>,17
8,14,|00101010>,4
8,14,|01000100>,22
8,14,|10000110>,21
8,14,|01100110>,19
8,14,|00110100>,15
8,14,|11001000>,10
8,14,|00111000>,20
8,14,|11101110>,14
8,14,|01000111>,21
8,14,|00110110>,11
8,14,|10011011>,29
8,14,|00011101>,8
8,14,|00001111>,11
8,14,|00110101>,19
8,14,|10011010>,28
8,14,|00011111>,10
8,14,|10100001>,16
8,14,|01011011>,18
8,14,|00101001>,12
8,14,|10000001>,21
8,14,|11100101>,18
8,14,|10100110>,25
8,14,|10111101>,25
8,14,|01011100>,18
8,14,|10111011>,23
8,14,|11010000>,14
8,14,|00010111>,8
8,14,|01101111>,16
8,14,|11000010>,16
8,14,|00010101>,6
8,14,|01000011>,11
8,14,|11101011>,14
8,14,|01000010>,14
8,14,|11001100>,16
8,14,|01100100>,16
8,14,|11011000>,12
8,14,|01000001>,11
8,14,|11011010>,16
8,14,|11000100>,15
8,14,|01100111>,25
8,14,|00101101>,13
8,14,|00100011>,10
8,14,|01001000>,22
8,14,|00100000>,6
8,14,|11001111>,21
8,14,|10010000>,12
8,14,|01101011>,20
8,14,|01100101>,20
8,14,|10101110>,21
8,14,|00010000>,8
8,14,|00110010>,14
8,14,|10101100>,22
8,14,|10100000>,28
8,14,|01001001>,13
8,14,|00111011>,23
8,14,|01001011>,17
8,14,|11000101>,21
8,14,|10100010>,20
8,14,|01101001>,22
8,14,|01111011>,14
8,14,|01010011>,18
8,14,|00111100>,11
8,14,|11001011>,21
8,14,|01111001>,20
8,14,|10010001>,18
8,14,|01001010>,15
8,14,|11111101>,17
8,14,|00100100>,13
8,14,|00100101>,7
8,14,|01011000>,14
8,14,|11100110>,21
8,14,|01100010>,22
8,14,|10110111>,7
8,14,|11000000>,24
8,14,|00011100>,6
8,14,|00110001>,14
8,14,|11111011>,7
8,14,|11011001>,11
8,14,|01110100>,21
8,14,|01111010>,20
8,14,|00011010>,11
8,14,|11000011>,23
8,14,|10111010>,11
8,14,|10110101>,11
8,14,|11100111>,18
8,14,|00010001>,6
8,14,|00000110>,7
8,14,|11110110>,10
8,14,|01111101>,23
8,14,|01100001>,10
8,14,|00011011>,5
8,14,|10000011>,11
8,14,|00000011>,5
8,14,|01001100>,18
8,14,|11110111>,11
8,14,|11111111>,12
8,14,|00100001>,9
8,14,|00100110>,11
8,14,|00011001>,8
8,14,|01010111>,19
8,14,|00011110>,7
8,14,|11011011>,13
8,14,|11110011>,12
8,14,|00000111>,7
8,14,|11010100>,11
8,14,|01001111>,12
8,14,|11111001>,6
8,14,|00001010>,4
8,14,|00010100>,6
8,14,|00000001>,4
8,14,|10101111>,11
8,14,|00101011>,8
8,14,|00001101>,6
8,14,|00010110>,1
8,15,|10010010>,17
8,15,|11111010>,10
8,15,|10100100>,22
8,15,|11000110>,21
8,15,|11010101>,19
8,15,|01110011>,20
8,15,|10101011>,21
8,15,|10010011>,16
8,15,|00010011>,13
8,15,|11100111>,8
8,15,|01111100>,26
8,15,|01101110>,18
8,15,|11011010>,12
8,15,|11111001>,6
8,15,|11011110>,15
8,15,|01111010>,18
8,15,|10000010>,22
8,15,|00010111>,7
8,15,|11010000>,23
8,15,|11110111>,15
8,15,|10001111>,26
8,15,|01111000>,19
8,15,|01110010>,23
8,15,|10010001>,24
8,15,|10000110>,24
8,15,|00111110>,7
8,15,|11100000>,17
8,15,|00010001>,6
8,15,|11110110>,12
8,15,|00010100>,10
8,15,|10010111>,17
8,15,|11100110>,22
8,15,|01100110>,23
8,15,|10001100>,23
8,15,|00111101>,23
8,15,|01010010>,18
8,15,|11000100>,20
8,15,|01110101>,25
8,15,|01010111>,12
8,15,|10001110>,27
8,15,|01011011>,23
8,15,|10001001>,28
8,15,|11111000>,12
8,15,|11101101>,9
8,15,|01110001>,22
8,15,|10100010>,22
8,15,|01100010>,23
8,15,|10010101>,26
8,15,|00010000>,7
8,15,|10000011>,14
8,15,|10011110>,23
8,15,|11101000>,13
8,15,|01010110>,22
8,15,|11001101>,24
8,15,|01011001>,13
8,15,|10100111>,20
8,15,|10101001>,19
8,15,|01111011>,23
8,15,|10010100>,21
8,15,|11111011>,10
8,15,|10010000>,22
8,15,|01001010>,13
8,15,|01110110>,21
8,15,|00101010>,8
8,15,|11100001>,14
8,15,|00100001>,11
8,15,|01100000>,22
8,15,|11011111>,15
8,15,|00001110>,6
8,15,|10001011>,25
8,15,|01101001>,11
8,15,|10111000>,19
8,15,|11001011>,22
8,15,|11010110>,18
8,15,|01110111>,21
8,15,|10011001>,20
8,15,|11001111>,15
8,15,|11100100>,19
8,15,|10110100>,31
8,15,|00000001>,6
8,15,|00111100>,18
8,15,|10011100>,25
8,15,|01111001>,29
8,15,|01011101>,12
8,15,|10111111>,9
8,15,|10010110>,20
8,15,|10101101>,21
8,15,|10001101>,15
8,15,|00100000>,12
8,15,|01010100>,21
8,15,|01000010>,15
8,15,|01000100>,19
8,15,|10000000>,20
8,15,|01001101>,15
8,15,|01001111>,14
8,15,|01000000>,13
8,15,|00110000>,12
8,15,|00111000>,10
8,15,|10111001>,22
8,15,|10111101>,26
8,15,|10101000>,26
8,15,|11001010>,13
8,15,|01100101>,24
8,15,|10000100>,24
8,15,|00010110>,8
8,15,|01110100>,21
8,15,|01100100>,29
8,15,|10011010>,18
8,15,|00011110>,12
8,15,|01101011>,23
8,15,|10001000>,25
8,15,|10100110>,18
8,15,|10001010>,27
8,15,|01111111>,24
8,15,|00001010>,5
8,15,|11011001>,14
8,15,|01011000>,22
8,15,|11110100>,12
8,15,|01101111>,24
8,15,|10011000>,17
8,15,|00000000>,5
8,15,|11001100>,17
8,15,|01111101>,14
8,15,|00011000>,12
8,15,|10000101>,22
8,15,|01010101>,19
8,15,|10111100>,18
8,15,|00100111>,7
8,15,|00101110>,9
8,15,|10101111>,23
8,15,|01100111>,15
8,15,|11101011>,14
8,15,|00101100>,12
8,15,|10101100>,21
8,15,|11010111>,11
8,15,|10110000>,27
8,15,|00110011>,19
8,15,|11000001>,29
8,15,|10111011>,15
8,15,|11011000>,19
8,15,|11000010>,17
8,15,|01000011>,19
8,15,|10110010>,16
8,15,|01000111>,18
8,15,|11001000>,16
8,15,|01010001>,18
8,15,|10110101>,24
8,15,|00001100>,10
8,15,|11110011>,12
8,15,|11011011>,12
8,15,|10100011>,23
8,15,|00011111>,3
8,15,|10000111>,30
8,15,|10011101>,17
8,15,|10011111>,19
8,15,|01111110>,28
8,15,|01110000>,14
8,15,|00101000>,20
8,15,|10100000>,28
8,15,|01001000>,20
8,15,|11000111>,23
8,15,|01100011>,21
8,15,|01011111>,19
8,15,|10100101>,13
8,15,|00100110>,9
8,15,|01000110>,9
8,15,|00101011>,8
8,15,|11010001>,15
8,15,|10101010>,25
8,15,|11110010>,8
8,15,|11010100>,7
8,15,|11110101>,6
8,15,|01101010>,12
8,15,|01011010>,9
8,15,|11100011>,10
8,15,|00011011>,13
8,15,|10110110>,23
8,15,|00110001>,11
8,15,|00111111>,13
8,15,|01000001>,16
8,15,|01101000>,22
8,15,|11101100>,8
8,15,|00111001>,15
8,15,|11111110>,11
8,15,|10011011>,21
8,15,|10111110>,18
8,15,|01011110>,18
8,15,|00010101>,4
8,15,|11010010>,21
8,15,|00000011>,9
8,15,|11001110>,19
8,15,|11101010>,12
8,15,|00111010>,15
8,15,|00110101>,22
8,15,|01101100>,19
8,15,|01100001>,19
8,15,|11011101>,18
8,15,|11000000>,15
8,15,|00011001>,11
8,15,|00001111>,7
8,15,|00000100>,5
8,15,|01001011>,11
8,15,|11100101>,21
8,15,|01001100>,16
8,15,|10100001>,23
8,15,|00000111>,6
8,15,|00100100>,10
8,15,|01001001>,17
8,15,|11101110>,12
8,15,|01000101>,15
8,15,|11001001>,19
8,15,|11100010>,8
8,15,|00100011>,9
8,15,|00000110>,9
8,15,|10111010>,18
8,15,|00101111>,6
8,15,|00111011>,14
8,15,|00011101>,11
8,15,|00110111>,19
8,15,|01010011>,16
8,15,|00110010>,14
8,15,|10101110>,26
8,15,|00001001>,7
8,15,|11010011>,16
8,15,|01010000>,14
8,15,|01011100>,20
8,15,|00110100>,18
8,15,|01101101>,11
8,15,|11110001>,12
8,15,|11000101>,10
8,15,|00101001>,8
8,15,|11101111>,6
8,15,|11111100>,7
8,15,|11101001>,9
8,15,|00000101>,3
8,15,|00011010>,14
8,15,|11000011>,11
8,15,|00100010>,6
8,15,|00100101>,4
8,15,|10000001>,21
8,15,|10110001>,17
8,15,|11111111>,8
8,15,|00110110>,18
8,15,|10110011>,19
8,15,|10110111>,20
8,15,|01001110>,14
8,15,|00001000>,4
8,15,|00001101>,5
8,15,|00001011>,4
8,15,|00011100>,7
8,15,|11111101>,10
8,15,|11110000>,13
8,15,|00000010>,3
8,15,|00010010>,3
8,15,|11011100>,16
8,15,|00101101>,13
8,16,|01111001>,21
8,16,|01111010>,14
8,16,|10010110>,23
8,16,|10001011>,37
8,16,|10110001>,22
8,16,|11110100>,10
8,16,|00011101>,10
8,16,|10010111>,28
8,16,|10101000>,24
8,16,|11101010>,13
8,16,|00111111>,21
8,16,|11110011>,19
8,16,|11001101>,24
8,16,|01010110>,12
8,16,|10100101>,17
8,16,|10100010>,20
8,16,|11101101>,9
8,16,|01101010>,19
8,16,|11001110>,25
8,16,|10011011>,34
8,16,|10101101>,19
8,16,|10000001>,23
8,16,|11110000>,16
8,16,|00101100>,11
8,16,|00100100>,10
8,16,|01010001>,23
8,16,|11011010>,14
8,16,|11010000>,24
8,16,|10111101>,18
8,16,|01110011>,20
8,16,|10111111>,29
8,16,|10000111>,29
8,16,|01111101>,22
8,16,|01001000>,18
8,16,|01110001>,22
8,16,|00010011>,10
8,16,|10101010>,19
8,16,|00101110>,11
8,16,|11000101>,14
8,16,|10110110>,22
8,16,|01100101>,13
8,16,|10010010>,22
8,16,|01101011>,21
8,16,|11001111>,16
8,16,|00101101>,18
8,16,|00111100>,16
8,16,|01110101>,19
8,16,|11001011>,23
8,16,|00111000>,17
8,16,|10010100>,19
8,16,|11000100>,23
8,16,|11000011>,26
8,16,|11001001>,22
8,16,|11011001>,20
8,16,|00110010>,14
8,16,|00111101>,12
8,16,|01010010>,20
8,16,|01100001>,17
8,16,|11110010>,14
8,16,|01000001>,16
8,16,|01001001>,19
8,16,|10100111>,16
8,16,|11111101>,11
8,16,|10000110>,22
8,16,|01000000>,21
8,16,|11100101>,17
8,16,|01000010>,23
8,16,|01111110>,28
8,16,|00010110>,9
8,16,|11001000>,15
8,16,|01100000>,21
8,16,|01011001>,18
8,16,|10001110>,23
8,16,|11111001>,9
8,16,|01001111>,16
8,16,|10110000>,27
8,16,|11000010>,23
8,16,|01000101>,20
8,16,|11000110>,22
8,16,|10001000>,23
8,16,|10110111>,19
8,16,|01111111>,23
8,16,|10010101>,24
8,16,|10001111>,22
8,16,|00001101>,5
8,16,|01010101>,20
8,16,|01100010>,16
8,16,|11100111>,23
8,16,|11011011>,17
8,16,|10000000>,24
8,16,|00101010>,12
8,16,|11000001>,24
8,16,|01110111>,24
8,16,|01001110>,11
8,16,|01101110>,22
8,16,|10011001>,25
8,16,|00100010>,11
8,16,|10001101>,21
8,16,|00100110>,18
8,16,|01010000>,20
8,16,|10100100>,25
8,16,|01101000>,15
8,16,|11101111>,9
8,16,|01100110>,22
8,16,|01100111>,26
8,16,|01001100>,12
8,16,|10010001>,18
8,16,|10011111>,21
8,16,|01010011>,23
8,16,|11101000>,12
8,16,|00001100>,4
8,16,|10010000>,20
8,16,|00100101>,14
8,16,|01111011>,21
8,16,|01001011>,15
8,16,|11001010>,11
8,16,|10100001>,20
8,16,|01110100>,16
8,16,|01011011>,9
8,16,|10110010>,29
8,16,|11101110>,18
8,16,|10011101>,17
8,16,|11010111>,15
8,16,|01011101>,10
8,16,|10111000>,13
8,16,|11101011>,16
8,16,|11110111>,10
8,16,|10000010>,17
8,16,|11000000>,13
8,16,|10000100>,19
8,16,|10100011>,22
8,16,|10111110>,19
8,16,|01001101>,17
8,16,|11100110>,10
8,16,|00110000>,12
8,16,|01111100>,14
8,16,|10010011>,23
8,16,|10101110>,20
8,16,|10101111>,19
8,16,|10111001>,21
8,16,|10001100>,19
8,16,|10100000>,21
8,16,|11110001>,8
8,16,|01111000>,26
8,16,|11101100>,16
8,16,|11111110>,7
8,16,|01010111>,14
8,16,|10110101>,23
8,16,|11011101>,17
8,16,|01100100>,21
8,16,|01110000>,20
8,16,|01101001>,19
8,16,|00000110>,5
8,16,|01000011>,22
8,16,|11000111>,16
8,16,|01011100>,16
8,16,|10001010>,21
8,16,|11011110>,19
8,16,|00110101>,17
8,16,|00010001>,11
8,16,|00011000>,8
8,16,|10000011>,25
8,16,|10101011>,22
8,16,|11011100>,15
8,16,|01000100>,14
8,16,|11110101>,13
8,16,|10011100>,29
8,16,|10011000>,19
8,16,|10011110>,25
8,16,|00110110>,14
8,16,|01011110>,10
8,16,|00111110>,14
8,16,|00010010>,6
8,16,|11010101>,13
8,16,|11111000>,15
8,16,|11111011>,7
8,16,|01000111>,16
8,16,|10101001>,18
8,16,|00011110>,9
8,16,|00101001>,11
8,16,|11111100>,9
8,16,|10100110>,18
8,16,|01000110>,16
8,16,|00101011>,10
8,16,|11001100>,12
8,16,|00110011>,12
8,16,|10111011>,15
8,16,|10101100>,18
8,16,|00101111>,9
8,16,|01110110>,12
8,16,|01010100>,15
8,16,|00000101>,5
8,16,|10111100>,11
8,16,|00011100>,12
8,16,|01110010>,22
8,16,|00101000>,10
8,16,|01100011>,18
8,16,|11110110>,14
8,16,|00001111>,7
8,16,|00100111>,10
8,16,|00111001>,8
8,16,|00000011>,2
8,16,|11100000>,9
8,16,|00011001>,10
8,16,|01101100>,22
8,16,|10011010>,14
8,16,|01101111>,13
8,16,|00111011>,11
8,16,|00111010>,11
8,16,|10111010>,19
8,16,|00100001>,12
8,16,|11010100>,15
8,16,|11100011>,13
8,16,|00110100>,5
8,16,|11010011>,22
8,16,|11010010>,17
8,16,|00010101>,6
8,16,|01011010>,16
8,16,|11101001>,6
8,16,|11010110>,14
8,16,|11011000>,22
8,16,|00001011>,10
8,16,|00001000>,6
8,16,|00001010>,9
8,16,|11010001>,10
8,16,|01101101>,24
8,16,|00110001>,17
8,16,|01011111>,13
8,16,|00110111>,13
8,16,|11100001>,12
8,16,|00001110>,4
8,16,|11111111>,11
8,16,|10001001>,22
8,16,|10000101>,13
8,16,|10110011>,19
8,16,|00010111>,8
8,16,|11011111>,15
8,16,|00011011>,8
8,16,|11111010>,13
8,16,|01001010>,15
8,16,|11100100>,8
8,16,|01011000>,10
8,16,|11100010>,11
8,16,|00010000>,7
8,16,|00011111>,10
8,16,|00000001>,6
8,16,|00001001>,3
8,16,|10110100>,13
8,16,|00011010>,7
8,16,|00000100>,4
8,16,|00000010>,6
8,16,|00010100>,5
8,16,|00100011>,9
8,16,|00100000>,10
8,16,|00000111>,6
8,16,|00000000>,1
9,0,|11111000>,46
9,0,|11101110>,47
9,0,|11010101>,33
9,0,|11111001>,47
9,0,|00100101>,8
9,0,|00100000>,6
9,0,|10110001>,16
9,0,|11111011>,59
9,0,|11011111>,35
9,0,|11100001>,37
9,0,|11001011>,37
9,0,|11001001>,32
9,0,|10101110>,27
9,0,|11101100>,43
9,0,|10100011>,12
9,0,|11110010>,46
9,0,|11100111>,46
9,0,|11011110>,40
9,0,|10111011>,28
9,0,|10110110>,21
9,0,|01101111>,1
9,0,|11100011>,45
9,0,|00000001>,16
9,0,|10011001>,19
9,0,|11000000>,24
9,0,|11100110>,38
9,0,|11010110>,37
9,0,|11101000>,45
9,0,|00010001>,9
9,0,|11000001>,28
9,0,|11011010>,44
9,0,|11001101>,34
9,0,|00101001>,7
9,0,|00000110>,17
9,0,|10001010>,9
9,0,|00001001>,22
9,0,|11011101>,35
9,0,|11101101>,50
9,0,|10110101>,20
9,0,|10001110>,8
9,0,|11100010>,45
9,0,|11000111>,31
9,0,|11110100>,51
9,0,|11111110>,50
9,0,|11100000>,44
9,0,|11011100>,36
9,0,|10011011>,15
9,0,|11001110>,39
9,0,|00001010>,11
9,0,|00000000>,18
9,0,|00110110>,5
9,0,|10101001>,10
9,0,|11100100>,43
9,0,|00001011>,14
9,0,|11010001>,29
9,0,|01101100>,3
9,0,|10111001>,31
9,0,|10010110>,14
9,0,|11111111>,41
9,0,|11011011>,40
9,0,|11010100>,35
9,0,|11110000>,53
9,0,|11001010>,25
9,0,|11001100>,33
9,0,|11010011>,28
9,0,|00001100>,16
9,0,|10010011>,9
9,0,|10101000>,13
9,0,|11111100>,62
9,0,|11101001>,42
9,0,|10110000>,23
9,0,|00000111>,15
9,0,|11001000>,26
9,0,|00101010>,4
9,0,|01111000>,4
9,0,|11011000>,42
9,0,|00110100>,3
9,0,|10101111>,17
9,0,|10110010>,29
9,0,|11010111>,35
9,0,|11110101>,45
9,0,|00100111>,3
9,0,|11110001>,63
9,0,|10011000>,17
9,0,|00011111>,9
9,0,|10111101>,22
9,0,|00000011>,16
9,0,|00111010>,2
9,0,|10100000>,10
9,0,|11011001>,39
9,0,|11110110>,52
9,0,|00111111>,3
9,0,|11110011>,42
9,0,|11100101>,44
9,0,|11111010>,49
9,0,|11000110>,25
9,0,|10111100>,28
9,0,|10110011>,25
9,0,|10001011>,9
9,0,|10100101>,13
9,0,|00000010>,18
9,0,|00101111>,4
9,0,|00001000>,11
9,0,|11000101>,37
9,0,|00110000>,3
9,0,|11110111>,50
9,0,|00001110>,19
9,0,|10000100>,6
9,0,|10011010>,19
9,0,|10111010>,31
9,0,|00011100>,9
9,0,|01100001>,1
9,0,|10111110>,26
9,0,|10101011>,8
9,0,|11000011>,23
9,0,|01111010>,2
9,0,|00001111>,16
9,0,|11101111>,54
9,0,|11000010>,32
9,0,|00010101>,7
9,0,|10110111>,25
9,0,|11001111>,26
9,0,|11010000>,30
9,0,|00001101>,7
9,0,|00000100>,17
9,0,|10000111>,3
9,0,|10010101>,11
9,0,|10100001>,10
9,0,|10001111>,9
9,0,|11101010>,53
9,0,|10000000>,7
9,0,|01000000>,1
9,0,|00010100>,14
9,0,|00011010>,10
9,0,|00101110>,6
9,0,|00100100>,7
9,0,|00101100>,7
9,0,|10111000>,22
9,0,|00111001>,4
9,0,|10010000>,9
9,0,|11111101>,47
9,0,|00010111>,9
9,0,|10001101>,9
9,0,|10111111>,28
9,0,|10110100>,16
9,0,|10101101>,24
9,0,|10101100>,17
9,0,|11101011>,55
9,0,|10101010>,18
9,0,|01101010>,2
9,0,|10100100>,16
9,0,|00011110>,6
9,0,|10010100>,11
9,0,|00010110>,6
9,0,|00101000>,8
9,0,|00100011>,9
9,0,|00011001>,9
9,0,|00011101>,7
9,0,|11000100>,28
9,0,|01100011>,1
9,0,|10010111>,7
9,0,|01111001>,3
9,0,|10100010>,17
9,0,|00000101>,15
9,0,|01001010>,1
9,0,|10001100>,9
9,0,|01110011>,1
9,0,|00011011>,11
9,0,|00110011>,4
9,0,|10011100>,15
9,0,|10011110>,8
9,0,|11010010>,13
9,0,|00110111>,3
9,0,|10100110>,17
9,0,|10011111>,17
9,0,|01101101>,4
9,0,|00111101>,1
9,0,|01000100>,1
9,0,|10010010>,9
9,0,|01101000>,3
9,0,|10011101>,9
9,0,|01001011>,1
9,0,|01100101>,1
9,0,|10000101>,7
9,0,|10001000>,7
9,0,|00110010>,2
9,0,|00110001>,3
9,0,|00010010>,8
9,0,|00010000>,9
9,0,|00111011>,3
9,0,|10100111>,14
9,0,|10000110>,5
9,0,|01110110>,3
9,0,|01111101>,3
9,0,|10001001>,7
9,0,|10010001>,11
9,0,|00010011>,12
9,0,|10000011>,5
9,0,|00100010>,9
9,0,|00111000>,2
9,0,|00101101>,7
9,0,|00100001>,4
9,0,|01110100>,1
9,0,|01000111>,1
9,0,|01111111>,6
9,0,|01111100>,2
9,0,|01000110>,2
9,0,|00110101>,4
9,0,|10000010>,3
9,0,|01000001>,2
9,0,|00111100>,3
9,0,|01111110>,6
9,0,|01110000>,3
9,0,|00011000>,4
9,0,|01000010>,1
9,0,|01110101>,1
9,0,|01110001>,2
9,0,|01110111>,3
9,0,|00101011>,3
9,0,|10000001>,2
9,0,|01111011>,2
9,1,|11101100>,46
9,1,|10110000>,30
9,1,|10001101>,14
9,1,|11110011>,48
9,1,|11001011>,34
9,1,|11010000>,37
9,1,|11010101>,44
9,1,|01111001>,1
9,1,|11110001>,45
9,1,|11111000>,57
9,1,|11000010>,21
9,1,|11110100>,47
9,1,|10010110>,11
9,1,|11000000>,30
9,1,|10010001>,11
9,1,|11000110>,38
9,1,|10111011>,17
9,1,|00000000>,16
9,1,|10101110>,20
9,1,|10100111>,14
9,1,|11010100>,41
9,1,|10110101>,26
9,1,|11101010>,43
9,1,|11100001>,53
9,1,|11011101>,36
9,1,|11111001>,54
9,1,|10111000>,26
9,1,|11011001>,52
9,1,|10111001>,26
9,1,|01111111>,5
9,1,|11100101>,41
9,1,|11110110>,40
9,1,|00011100>,13
9,1,|10011000>,10
9,1,|11101101>,44
9,1,|10110010>,21
9,1,|10110001>,14
9,1,|00101010>,5
9,1,|10101100>,18
9,1,|00010101>,11
9,1,|11010011>,33
9,1,|11111011>,50
9,1,|11001000>,46
9,1,|00100100>,11
9,1,|11010110>,35
9,1,|11100110>,40
9,1,|10111110>,25
9,1,|00000001>,19
9,1,|11011010>,40
9,1,|11011000>,39
9,1,|00000100>,16
9,1,|11101111>,52
9,1,|00010111>,12
9,1,|00001110>,11
9,1,|10011100>,13
9,1,|10010000>,12
9,1,|11011100>,35
9,1,|10110011>,23
9,1,|01111110>,5
9,1,|11001111>,31
9,1,|11001110>,28
9,1,|11101011>,42
9,1,|10010010>,10
9,1,|10001100>,10
9,1,|10011101>,9
9,1,|00100011>,8
9,1,|00101101>,7
9,1,|11101000>,37
9,1,|11000100>,30
9,1,|10011010>,7
9,1,|11011011>,49
9,1,|10101000>,13
9,1,|11010111>,34
9,1,|11100111>,47
9,1,|10101010>,27
9,1,|11110010>,48
9,1,|11111101>,44
9,1,|10011111>,7
9,1,|11101001>,41
9,1,|00010000>,11
9,1,|00001111>,12
9,1,|11111010>,59
9,1,|10110110>,28
9,1,|11010001>,33
9,1,|11001101>,29
9,1,|00100001>,8
9,1,|00011101>,7
9,1,|11100010>,47
9,1,|11111100>,49
9,1,|11101110>,53
9,1,|11110000>,41
9,1,|11000111>,32
9,1,|10011011>,12
9,1,|01000000>,2
9,1,|10000001>,9
9,1,|10100011>,16
9,1,|10111101>,30
9,1,|00000010>,17
9,1,|11111110>,50
9,1,|10100110>,19
9,1,|10001011>,10
9,1,|00001101>,17
9,1,|11100000>,44
9,1,|10101111>,23
9,1,|10010100>,9
9,1,|10111010>,28
9,1,|01000010>,4
9,1,|11001010>,28
9,1,|00010011>,8
9,1,|11110111>,45
9,1,|00010100>,9
9,1,|00000011>,19
9,1,|11000001>,24
9,1,|01100101>,1
9,1,|11010010>,41
9,1,|11001001>,34
9,1,|10100001>,14
9,1,|00100101>,6
9,1,|00000101>,16
9,1,|11100011>,51
9,1,|11100100>,26
9,1,|00001001>,9
9,1,|10000010>,5
9,1,|11000011>,31
9,1,|10011001>,14
9,1,|11111111>,48
9,1,|00001011>,18
9,1,|00011010>,10
9,1,|01111000>,2
9,1,|01000101>,2
9,1,|11110101>,42
9,1,|10100101>,19
9,1,|00110001>,2
9,1,|00001010>,13
9,1,|10111111>,16
9,1,|10101011>,16
9,1,|00011110>,11
9,1,|00100110>,4
9,1,|10010111>,16
9,1,|00001000>,14
9,1,|00010001>,8
9,1,|00011000>,9
9,1,|00111000>,1
9,1,|01111101>,4
9,1,|11011111>,32
9,1,|00101000>,4
9,1,|10001111>,9
9,1,|00110101>,3
9,1,|10100100>,12
9,1,|00000111>,19
9,1,|11000101>,25
9,1,|01000011>,3
9,1,|00010110>,5
9,1,|10111100>,18
9,1,|10100000>,14
9,1,|10001110>,8
9,1,|00000110>,21
9,1,|10101001>,10
9,1,|10110111>,13
9,1,|10101101>,19
9,1,|10110100>,22
9,1,|11001100>,27
9,1,|11011110>,44
9,1,|01110111>,4
9,1,|10000011>,6
9,1,|01101110>,3
9,1,|10010101>,10
9,1,|01101011>,2
9,1,|10000110>,7
9,1,|00101100>,3
9,1,|00100111>,4
9,1,|00001100>,13
9,1,|00010010>,8
9,1,|10001010>,6
9,1,|10000000>,8
9,1,|10100010>,12
9,1,|01110110>,3
9,1,|00100010>,5
9,1,|10011110>,13
9,1,|00110100>,3
9,1,|01110000>,2
9,1,|10000100>,5
9,1,|00011001>,10
9,1,|00101111>,7
9,1,|00011011>,12
9,1,|01111011>,5
9,1,|00111111>,1
9,1,|10000101>,5
9,1,|01101100>,3
9,1,|00110110>,1
9,1,|00011111>,6
9,1,|01010000>,1
9,1,|10010011>,6
9,1,|00110011>,2
9,1,|00101011>,5
9,1,|00110111>,2
9,1,|10001001>,5
9,1,|10001000>,6
9,1,|10000111>,11
9,1,|00110000>,3
9,1,|01101111>,1
9,1,|00110010>,3
9,1,|00101110>,4
9,1,|00101001>,3
9,1,|00111101>,2
9,1,|01000111>,3
9,1,|00100000>,4
9,1,|01110010>,3
9,1,|01111010>,2
9,1,|01000110>,2
9,1,|01000001>,2
9,1,|00111010>,2
9,1,|01101101>,1
9,1,|00111110>,1
9,1,|01110100>,2
9,1,|01111100>,1
9,1,|01110101>,1
9,1,|00111001>,1
9,1,|01101010>,1
9,2,|11110111>,60
9,2,|00000101>,12
9,2,|10101110>,15
9,2,|11101111>,53
9,2,|11001000>,25
9,2,|11101000>,48
9,2,|10110110>,22
9,2,|11000000>,33
9,2,|11110010>,54
9,2,|10111010>,25
9,2,|11111011>,57
9,2,|11110011>,44
9,2,|10101111>,28
9,2,|11011010>,23
9,2,|00111110>,3
9,2,|10111101>,28
9,2,|11000111>,26
9,2,|10110011>,26
9,2,|11110101>,45
9,2,|11110001>,49
9,2,|11000110>,33
9,2,|11001001>,34
9,2,|11111110>,59
9,2,|10110010>,24
9,2,|11010001>,34
9,2,|11011000>,39
9,2,|11010111>,37
9,2,|11011011>,34
9,2,|11000001>,23
9,2,|11011101>,46
9,2,|11110110>,38
9,2,|11001101>,38
9,2,|11011100>,36
9,2,|10010010>,11
9,2,|11001111>,45
9,2,|00100101>,6
9,2,|11010011>,36
9,2,|11111000>,41
9,2,|11000101>,31
9,2,|00000000>,7
9,2,|00110010>,5
9,2,|11101011>,45
9,2,|11100110>,40
9,2,|10111000>,27
9,2,|11110100>,52
9,2,|11010000>,27
9,2,|11011111>,44
9,2,|11001010>,30
9,2,|10101000>,14
9,2,|10010101>,17
9,2,|10111110>,28
9,2,|11100010>,38
9,2,|10001000>,13
9,2,|11101110>,61
9,2,|11110000>,46
9,2,|11111101>,34
9,2,|11010110>,42
9,2,|11111001>,46
9,2,|10111001>,29
9,2,|10100111>,18
9,2,|00011110>,6
9,2,|11100000>,35
9,2,|00000001>,11
9,2,|11010101>,40
9,2,|10110101>,22
9,2,|10101100>,20
9,2,|11101101>,40
9,2,|01110010>,2
9,2,|11101010>,38
9,2,|00001110>,13
9,2,|00100010>,10
9,2,|00111001>,3
9,2,|10010001>,10
9,2,|11011001>,36
9,2,|11011110>,32
9,2,|00001010>,14
9,2,|11010100>,25
9,2,|11100011>,34
9,2,|10001011>,9
9,2,|11101100>,39
9,2,|10110100>,25
9,2,|11100100>,41
9,2,|10100010>,24
9,2,|00101101>,6
9,2,|11111100>,43
9,2,|10000111>,6
9,2,|10111111>,25
9,2,|10000100>,3
9,2,|11111111>,73
9,2,|11001011>,29
9,2,|00010011>,10
9,2,|11001100>,35
9,2,|00000100>,23
9,2,|11100101>,52
9,2,|10101001>,14
9,2,|00001101>,23
9,2,|11100111>,48
9,2,|11111010>,37
9,2,|11000011>,23
9,2,|11001110>,34
9,2,|00000110>,21
9,2,|10110001>,21
9,2,|01111001>,8
9,2,|00011100>,7
9,2,|00101011>,5
9,2,|00001111>,5
9,2,|10000000>,6
9,2,|11101001>,44
9,2,|10010011>,14
9,2,|11000010>,25
9,2,|10101011>,13
9,2,|10011000>,10
9,2,|00001001>,16
9,2,|00010110>,11
9,2,|00000011>,12
9,2,|10100101>,20
9,2,|10011010>,12
9,2,|10001010>,11
9,2,|11010010>,42
9,2,|00000111>,8
9,2,|10101101>,17
9,2,|10100110>,15
9,2,|10010100>,10
9,2,|10111011>,14
9,2,|10101010>,18
9,2,|10000001>,10
9,2,|00010111>,7
9,2,|10100100>,15
9,2,|00110101>,6
9,2,|10011111>,18
9,2,|00100000>,7
9,2,|01101101>,2
9,2,|00010001>,14
9,2,|11000100>,32
9,2,|10010111>,14
9,2,|10001101>,3
9,2,|10011011>,17
9,2,|10110111>,21
9,2,|10111100>,36
9,2,|10110000>,22
9,2,|00101010>,4
9,2,|01111111>,4
9,2,|01000110>,3
9,2,|10011110>,9
9,2,|10000101>,5
9,2,|00110001>,5
9,2,|00011101>,9
9,2,|10100011>,17
9,2,|11100001>,43
9,2,|10001001>,9
9,2,|00010010>,13
9,2,|00100110>,8
9,2,|00001011>,20
9,2,|00011000>,9
9,2,|00100100>,9
9,2,|00101001>,4
9,2,|10000110>,9
9,2,|01110110>,3
9,2,|00010100>,12
9,2,|10001110>,9
9,2,|01001000>,1
9,2,|00100011>,9
9,2,|10010110>,15
9,2,|00110111>,3
9,2,|10011001>,11
9,2,|00011010>,7
9,2,|00010000>,12
9,2,|01110100>,3
9,2,|10011100>,8
9,2,|00010101>,9
9,2,|00100111>,7
9,2,|00011111>,10
9,2,|01110111>,2
9,2,|10100001>,8
9,2,|00111010>,1
9,2,|00011001>,10
9,2,|00001100>,11
9,2,|01111101>,3
9,2,|10001111>,6
9,2,|10011101>,18
9,2,|01000011>,2
9,2,|01101111>,3
9,2,|00000010>,8
9,2,|01001011>,1
9,2,|00110000>,2
9,2,|00101000>,8
9,2,|00110011>,4
9,2,|00111011>,2
9,2,|00101110>,3
9,2,|01000001>,2
9,2,|01111011>,4
9,2,|10000010>,5
9,2,|00110100>,5
9,2,|00001000>,13
9,2,|01110000>,1
9,2,|00101100>,4
9,2,|01001100>,1
9,2,|10010000>,8
9,2,|00111000>,3
9,2,|01111110>,3
9,2,|01110011>,2
9,2,|00011011>,5
9,2,|10100000>,8
9,2,|01111100>,6
9,2,|00100001>,5
9,2,|01111010>,3
9,2,|01101001>,1
9,2,|01110001>,1
9,2,|10000011>,3
9,2,|01101010>,1
9,2,|01001110>,1
9,2,|01111000>,2
9,2,|01101011>,2
9,2,|01101110>,2
9,2,|01001101>,1
9,2,|10001100>,3
9,2,|01100110>,1
9,2,|00101111>,1
9,2,|01000100>,1
9,2,|01000111>,1
9,3,|00111101>,1
9,3,|10110111>,25
9,3,|11010101>,40
9,3,|10110101>,23
9,3,|11110000>,37
9,3,|00010110>,10
9,3,|11011000>,46
9,3,|11101111>,52
9,3,|11111000>,42
9,3,|11100110>,54
9,3,|11110011>,45
9,3,|00000101>,18
9,3,|11110111>,53
9,3,|11111011>,64
9,3,|11000000>,30
9,3,|00100100>,11
9,3,|11011001>,36
9,3,|10100110>,22
9,3,|11111010>,56
9,3,|11101011>,42
9,3,|11100000>,48
9,3,|11110001>,54
9,3,|11000010>,26
9,3,|11001010>,24
9,3,|11011101>,42
9,3,|11000111>,34
9,3,|11110010>,53
9,3,|11001110>,39
9,3,|11111001>,48
9,3,|11010110>,31
9,3,|01000111>,2
9,3,|11111111>,45
9,3,|11100001>,39
9,3,|10111001>,24
9,3,|11001111>,33
9,3,|00010111>,9
9,3,|00011101>,10
9,3,|11111100>,56
9,3,|10100000>,19
9,3,|11101010>,42
9,3,|11000100>,32
9,3,|11100010>,42
9,3,|11101101>,46
9,3,|11101001>,43
9,3,|10001111>,8
9,3,|11011011>,40
9,3,|10101000>,20
9,3,|11010001>,46
9,3,|11010011>,37
9,3,|10100101>,17
9,3,|11110101>,41
9,3,|10111110>,33
9,3,|11001000>,30
9,3,|10110000>,14
9,3,|00011001>,10
9,3,|10100100>,16
9,3,|11100101>,40
9,3,|11000101>,29
9,3,|10110110>,31
9,3,|11010100>,36
9,3,|00100101>,7
9,3,|11011010>,40
9,3,|11000011>,30
9,3,|11001011>,32
9,3,|11000001>,20
9,3,|10010010>,10
9,3,|10011011>,7
9,3,|10010011>,10
9,3,|11111101>,49
9,3,|00110001>,5
9,3,|11111110>,48
9,3,|11101100>,33
9,3,|11011100>,47
9,3,|00011100>,8
9,3,|10011110>,12
9,3,|11100111>,53
9,3,|10000001>,5
9,3,|01111001>,4
9,3,|10101010>,15
9,3,|10101100>,17
9,3,|10100001>,16
9,3,|00101000>,9
9,3,|00001010>,15
9,3,|10110100>,19
9,3,|11011111>,40
9,3,|00110101>,1
9,3,|11110110>,39
9,3,|01111111>,4
9,3,|10111100>,18
9,3,|00101100>,3
9,3,|10010111>,12
9,3,|10011111>,10
9,3,|11010111>,35
9,3,|00100000>,11
9,3,|10101111>,24
9,3,|00000110>,11
9,3,|10101101>,27
9,3,|11101000>,55
9,3,|11110100>,39
9,3,|10011010>,13
9,3,|00001001>,17
9,3,|00011011>,8
9,3,|00010000>,8
9,3,|11010010>,39
9,3,|00001011>,16
9,3,|10100111>,17
9,3,|10111010>,20
9,3,|10100011>,16
9,3,|11001001>,31
9,3,|00100010>,7
9,3,|10111011>,21
9,3,|00000111>,12
9,3,|00010010>,12
9,3,|11100100>,37
9,3,|11001101>,36
9,3,|10101001>,18
9,3,|11001100>,39
9,3,|10011000>,12
9,3,|11000110>,31
9,3,|10110001>,23
9,3,|10010000>,4
9,3,|00000100>,16
9,3,|00110010>,5
9,3,|10011101>,21
9,3,|00001110>,18
9,3,|10111000>,15
9,3,|00001000>,18
9,3,|10000101>,4
9,3,|00001100>,12
9,3,|10111111>,32
9,3,|10000000>,5
9,3,|11011110>,36
9,3,|00100110>,5
9,3,|00000011>,17
9,3,|10001110>,8
9,3,|10101011>,21
9,3,|00010101>,17
9,3,|11010000>,35
9,3,|10110010>,26
9,3,|01001110>,1
9,3,|10010101>,12
9,3,|00111100>,3
9,3,|11101110>,48
9,3,|00111110>,1
9,3,|00101110>,6
9,3,|01111101>,3
9,3,|00000000>,16
9,3,|01101100>,2
9,3,|00101001>,5
9,3,|00011000>,10
9,3,|00110110>,3
9,3,|00010100>,10
9,3,|10001010>,9
9,3,|01111100>,2
9,3,|10110011>,19
9,3,|00001111>,13
9,3,|10010001>,9
9,3,|10001101>,9
9,3,|10001000>,6
9,3,|11100011>,34
9,3,|00000010>,16
9,3,|00100111>,3
9,3,|01110000>,3
9,3,|01000101>,1
9,3,|00001101>,10
9,3,|01000110>,1
9,3,|00100011>,8
9,3,|00101101>,5
9,3,|10000010>,6
9,3,|10011001>,10
9,3,|10111101>,20
9,3,|00000001>,16
9,3,|00110100>,5
9,3,|00100001>,3
9,3,|01111110>,6
9,3,|10001100>,8
9,3,|01111011>,8
9,3,|00010011>,6
9,3,|10011100>,6
9,3,|01100101>,1
9,3,|01000011>,2
9,3,|10010100>,6
9,3,|01101101>,2
9,3,|10100010>,5
9,3,|10000011>,3
9,3,|10000100>,6
9,3,|10010110>,8
9,3,|01000001>,1
9,3,|00011111>,4
9,3,|10001011>,6
9,3,|01110111>,2
9,3,|00110011>,3
9,3,|01110110>,4
9,3,|00011110>,7
9,3,|01111010>,5
9,3,|01111000>,3
9,3,|00101011>,5
9,3,|00011010>,6
9,3,|00010001>,8
9,3,|10000111>,3
9,3,|01110010>,1
9,3,|10101110>,15
9,3,|10001001>,5
9,3,|01100100>,1
9,3,|01000010>,1
9,3,|00111000>,5
9,3,|01101111>,2
9,3,|01101010>,1
9,3,|01001011>,1
9,3,|01000000>,1
9,3,|01110100>,1
9,3,|00110000>,3
9,3,|00111010>,3
9,3,|00101010>,3
9,3,|01100111>,1
9,3,|00111111>,1
9,3,|10000110>,7
9,3,|00101111>,3
9,3,|01001100>,1
9,3,|00111001>,1
9,3,|01100110>,1
9,3,|00111011>,2
9,4,|11101110>,46
9,4,|00000011>,19
9,4,|11100000>,36
9,4,|00101111>,6
9,4,|11110110>,56
9,4,|11101001>,48
9,4,|10010100>,10
9,4,|10111110>,28
9,4,|11111111>,40
9,4,|11001011>,29
9,4,|11011001>,36
9,4,|10110100>,18
9,4,|11111100>,46
9,4,|11101010>,56
9,4,|11110011>,47
9,4,|11100011>,46
9,4,|10011000>,20
9,4,|10001100>,13
9,4,|11010000>,35
9,4,|10100001>,14
9,4,|00001010>,16
9,4,|11011101>,48
9,4,|10011101>,14
9,4,|11011111>,40
9,4,|11111110>,60
9,4,|10001011>,8
9,4,|11001001>,37
9,4,|10101101>,15
9,4,|00011000>,6
9,4,|11001010>,30
9,4,|11011000>,31
9,4,|10010011>,8
9,4,|11111011>,37
9,4,|10100010>,22
9,4,|11010010>,36
9,4,|11000100>,33
9,4,|11001101>,33
9,4,|10111111>,30
9,4,|11000111>,22
9,4,|11011110>,47
9,4,|10010010>,17
9,4,|11111001>,41
9,4,|11110111>,56
9,4,|11111000>,51
9,4,|11101111>,34
9,4,|00010100>,12
9,4,|11110100>,52
9,4,|11101101>,46
9,4,|11100010>,47
9,4,|11010100>,39
9,4,|00001110>,10
9,4,|11010110>,35
9,4,|11101000>,45
9,4,|11100100>,44
9,4,|00001011>,15
9,4,|10011110>,16
9,4,|10111101>,25
9,4,|10010110>,13
9,4,|10110110>,16
9,4,|10101010>,17
9,4,|11110101>,48
9,4,|11000001>,33
9,4,|00100011>,3
9,4,|11011010>,39
9,4,|11001100>,40
9,4,|10110101>,19
9,4,|11100110>,43
9,4,|11100101>,37
9,4,|11101011>,48
9,4,|11000011>,31
9,4,|11010111>,30
9,4,|11011100>,52
9,4,|10111001>,27
9,4,|11000101>,42
9,4,|00001111>,9
9,4,|01111000>,3
9,4,|01110110>,4
9,4,|11001111>,37
9,4,|11101100>,43
9,4,|11010101>,33
9,4,|10110011>,20
9,4,|00110001>,3
9,4,|11100001>,42
9,4,|11111010>,44
9,4,|00101001>,5
9,4,|11010001>,43
9,4,|11000000>,35
9,4,|11111101>,43
9,4,|00011100>,8
9,4,|00011001>,9
9,4,|10111100>,25
9,4,|10111000>,26
9,4,|11100111>,47
9,4,|11110000>,43
9,4,|10101110>,17
9,4,|10110111>,21
9,4,|11011011>,38
9,4,|11010011>,42
9,4,|00010101>,15
9,4,|00111101>,3
9,4,|10001111>,14
9,4,|11000010>,40
9,4,|00101010>,6
9,4,|00000111>,11
9,4,|11001000>,31
9,4,|00101100>,7
9,4,|01111111>,4
9,4,|10110001>,17
9,4,|10111011>,30
9,4,|11110010>,41
9,4,|10010111>,8
9,4,|10000100>,7
9,4,|01101111>,2
9,4,|00111100>,2
9,4,|10011011>,15
9,4,|01110011>,1
9,4,|10100100>,14
9,4,|10110010>,21
9,4,|00100000>,8
9,4,|10000001>,7
9,4,|11001110>,24
9,4,|11000110>,26
9,4,|10101000>,19
9,4,|10001000>,3
9,4,|10010000>,10
9,4,|11110001>,43
9,4,|00001001>,17
9,4,|00011111>,6
9,4,|10101100>,8
9,4,|00110000>,2
9,4,|10110000>,19
9,4,|00011101>,7
9,4,|10101001>,24
9,4,|10001010>,10
9,4,|01111110>,5
9,4,|00101011>,3
9,4,|00001100>,14
9,4,|00100101>,8
9,4,|01111001>,3
9,4,|00110100>,5
9,4,|00101110>,5
9,4,|10111010>,24
9,4,|10001110>,6
9,4,|10000101>,8
9,4,|10000111>,5
9,4,|10000000>,4
9,4,|10011111>,17
9,4,|10010001>,4
9,4,|00101101>,3
9,4,|10011001>,13
9,4,|00001000>,15
9,4,|00110110>,3
9,4,|10000011>,5
9,4,|00001101>,14
9,4,|00111111>,2
9,4,|10101011>,24
9,4,|00000110>,14
9,4,|00100111>,4
9,4,|00000000>,13
9,4,|00000101>,15
9,4,|00010011>,12
9,4,|00111010>,4
9,4,|00011011>,5
9,4,|01101100>,2
9,4,|00000010>,18
9,4,|10101111>,15
9,4,|00100110>,7
9,4,|10100011>,18
9,4,|10011010>,9
9,4,|10001101>,7
9,4,|00100001>,5
9,4,|01001100>,1
9,4,|01110100>,1
9,4,|10100111>,16
9,4,|00010110>,7
9,4,|01101001>,2
9,4,|00011110>,6
9,4,|10011100>,10
9,4,|10100110>,6
9,4,|00010010>,11
9,4,|00101000>,6
9,4,|00011010>,11
9,4,|00000100>,20
9,4,|00100100>,6
9,4,|00010001>,5
9,4,|10010101>,13
9,4,|01100000>,1
9,4,|10000110>,2
9,4,|10001001>,4
9,4,|01101010>,3
9,4,|01000001>,1
9,4,|00110010>,4
9,4,|10100000>,13
9,4,|00110011>,3
9,4,|00000001>,12
9,4,|10100101>,17
9,4,|01110101>,5
9,4,|01111011>,4
9,4,|00110101>,4
9,4,|01000100>,1
9,4,|01110111>,2
9,4,|01110001>,3
9,4,|00010000>,8
9,4,|01011101>,1
9,4,|01001110>,1
9,4,|01001000>,1
9,4,|01111100>,6
9,4,|00111011>,3
9,4,|01000011>,3
9,4,|00111001>,3
9,4,|10000010>,2
9,4,|00010111>,4
9,4,|01001010>,1
9,4,|01111101>,3
9,4,|01101101>,2
9,4,|01110010>,1
9,4,|01101000>,1
9,4,|01000010>,1
9,4,|01000000>,1
9,4,|01110000>,1
9,4,|01001111>,1
9,4,|01101110>,1
9,4,|00100010>,3
9,4,|01011010>,1
9,4,|00111000>,1
9,4,|01100100>,1
9,5,|11011010>,27
9,5,|11011111>,44
9,5,|11110100>,44
9,5,|11010011>,39
9,5,|00101011>,6
9,5,|11110110>,54
9,5,|11001011>,32
9,5,|11010001>,30
9,5,|11011100>,46
9,5,|11111000>,49
9,5,|11110101>,56
9,5,|10101001>,24
9,5,|11100100>,47
9,5,|11101001>,34
9,5,|11000010>,23
9,5,|11010111>,47
9,5,|00010101>,10
9,5,|11100111>,60
9,5,|00000110>,10
9,5,|01011011>,1
9,5,|00001000>,12
9,5,|11101100>,53
9,5,|11001001>,28
9,5,|10100010>,19
9,5,|11110011>,39
9,5,|11011000>,34
9,5,|11100011>,33
9,5,|11111010>,46
9,5,|10011110>,16
9,5,|00010010>,14
9,5,|11111100>,61
9,5,|11111111>,58
9,5,|10111101>,20
9,5,|11100010>,45
9,5,|10110100>,25
9,5,|11000001>,32
9,5,|10011101>,16
9,5,|11001010>,28
9,5,|10101110>,24
9,5,|11101011>,43
9,5,|11000110>,32
9,5,|11010000>,30
9,5,|11101101>,38
9,5,|10100100>,18
9,5,|11101000>,48
9,5,|11111011>,64
9,5,|11111101>,54
9,5,|10101101>,26
9,5,|11001100>,31
9,5,|10100000>,10
9,5,|10001111>,9
9,5,|10111001>,25
9,5,|00001101>,15
9,5,|01111100>,4
9,5,|10110111>,19
9,5,|11000100>,31
9,5,|10000110>,4
9,5,|11011011>,43
9,5,|00000100>,14
9,5,|10111111>,23
9,5,|10110001>,17
9,5,|11011001>,37
9,5,|11100000>,35
9,5,|11011110>,38
9,5,|11001110>,32
9,5,|11111001>,42
9,5,|10100110>,15
9,5,|10001001>,5
9,5,|11001111>,43
9,5,|11000101>,31
9,5,|11101111>,49
9,5,|10001110>,11
9,5,|11010010>,27
9,5,|00000101>,17
9,5,|10110110>,29
9,5,|11010100>,41
9,5,|10111000>,25
9,5,|10101111>,22
9,5,|00010001>,7
9,5,|11000111>,28
9,5,|10101010>,9
9,5,|10011011>,15
9,5,|10001010>,5
9,5,|00100101>,8
9,5,|11110010>,47
9,5,|11101110>,46
9,5,|11100101>,47
9,5,|11001000>,36
9,5,|00110001>,3
9,5,|00010000>,14
9,5,|10010010>,14
9,5,|01110110>,4
9,5,|11110000>,46
9,5,|10111110>,28
9,5,|10000010>,9
9,5,|11010110>,36
9,5,|00010111>,11
9,5,|10111010>,24
9,5,|11111110>,44
9,5,|10100001>,15
9,5,|00000000>,15
9,5,|10001101>,12
9,5,|00000111>,17
9,5,|10110101>,19
9,5,|01101110>,2
9,5,|11001101>,28
9,5,|11100110>,49
9,5,|10110010>,23
9,5,|00000011>,18
9,5,|11110001>,51
9,5,|00101000>,10
9,5,|11110111>,46
9,5,|10011100>,14
9,5,|10000000>,4
9,5,|10011010>,18
9,5,|10011001>,12
9,5,|10010101>,8
9,5,|10100011>,16
9,5,|00001001>,15
9,5,|11011101>,39
9,5,|10101100>,9
9,5,|00011000>,11
9,5,|00001100>,10
9,5,|01111101>,5
9,5,|11100001>,43
9,5,|00110000>,4
9,5,|11000011>,30
9,5,|10100101>,21
9,5,|11010101>,43
9,5,|10001011>,7
9,5,|10111100>,30
9,5,|10011111>,11
9,5,|10010000>,7
9,5,|10111011>,22
9,5,|00100010>,10
9,5,|00000010>,15
9,5,|00110100>,1
9,5,|00001111>,9
9,5,|00111000>,1
9,5,|10010100>,14
9,5,|10010001>,9
9,5,|10110011>,19
9,5,|10101000>,16
9,5,|10110000>,20
9,5,|00101001>,7
9,5,|10011000>,15
9,5,|00110101>,3
9,5,|00100001>,5
9,5,|10101011>,18
9,5,|00000001>,13
9,5,|00111001>,1
9,5,|00001110>,8
9,5,|00011001>,12
9,5,|00111111>,4
9,5,|10100111>,21
9,5,|00011100>,11
9,5,|00101100>,2
9,5,|00010100>,8
9,5,|11101010>,37
9,5,|10001000>,3
9,5,|00100011>,7
9,5,|00101110>,2
9,5,|00001011>,15
9,5,|01101111>,2
9,5,|10000101>,9
9,5,|00111101>,2
9,5,|01111000>,8
9,5,|00101111>,7
9,5,|10010011>,14
9,5,|01100110>,2
9,5,|10010111>,9
9,5,|00011110>,5
9,5,|00011010>,9
9,5,|00100100>,4
9,5,|01111111>,2
9,5,|00110111>,4
9,5,|00111100>,1
9,5,|00011101>,3
9,5,|10000111>,5
9,5,|00100111>,3
9,5,|01110101>,2
9,5,|00110110>,2
9,5,|00101101>,4
9,5,|01000011>,1
9,5,|11000000>,23
9,5,|10001100>,4
9,5,|00010110>,11
9,5,|00011011>,10
9,5,|00011111>,8
9,5,|00001010>,13
9,5,|00101010>,4
9,5,|01111011>,2
9,5,|01110100>,3
9,5,|10010110>,10
9,5,|10000011>,3
9,5,|00110010>,2
9,5,|00010011>,3
9,5,|00110011>,1
9,5,|10000100>,4
9,5,|01111110>,5
9,5,|01101100>,1
9,5,|10000001>,5
9,5,|01100001>,1
9,5,|01111010>,2
9,5,|00111011>,2
9,5,|01000001>,2
9,5,|00100110>,9
9,5,|00100000>,4
9,5,|01110000>,1
9,5,|00111010>,2
9,5,|01000110>,1
9,5,|01100111>,1
9,5,|01000111>,1
9,5,|01110011>,1
9,5,|01110001>,1
9,5,|01111001>,2
9,5,|01000100>,1
9,5,|01110010>,1
9,6,|11000010>,30
9,6,|10111110>,25
9,6,|11101101>,33
9,6,|11101110>,56
9,6,|00000101>,13
9,6,|11111000>,48
9,6,|00000001>,15
9,6,|11110011>,42
9,6,|11011000>,41
9,6,|11110000>,51
9,6,|01111100>,1
9,6,|00100110>,11
9,6,|11011100>,36
9,6,|11111011>,47
9,6,|00010000>,13
9,6,|11110010>,58
9,6,|11000111>,25
9,6,|11100100>,48
9,6,|10101000>,22
9,6,|10100101>,21
9,6,|10111001>,32
9,6,|10101010>,26
9,6,|10110010>,30
9,6,|11011001>,44
9,6,|11100010>,42
9,6,|11111101>,54
9,6,|10101110>,19
9,6,|11001111>,36
9,6,|00001001>,14
9,6,|11010010>,27
9,6,|10110111>,24
9,6,|10011001>,8
9,6,|11100110>,40
9,6,|11101000>,42
9,6,|00001000>,9
9,6,|11001010>,30
9,6,|11111001>,41
9,6,|10011110>,18
9,6,|01101001>,4
9,6,|11110110>,57
9,6,|11110111>,57
9,6,|10010110>,13
9,6,|11101111>,55
9,6,|11111111>,58
9,6,|11001100>,30
9,6,|10101101>,21
9,6,|11011101>,53
9,6,|11100001>,41
9,6,|00110111>,2
9,6,|01111000>,3
9,6,|11011110>,35
9,6,|11010111>,44
9,6,|10111100>,29
9,6,|01111001>,6
9,6,|11001101>,39
9,6,|11000011>,31
9,6,|11010000>,26
9,6,|10010010>,5
9,6,|11100111>,49
9,6,|10101100>,16
9,6,|11010110>,34
9,6,|11001001>,29
9,6,|11110101>,35
9,6,|11000001>,31
9,6,|11111100>,37
9,6,|11011111>,45
9,6,|00000111>,10
9,6,|11101001>,38
9,6,|00000100>,11
9,6,|10001110>,14
9,6,|10100001>,16
9,6,|10100010>,23
9,6,|10000100>,4
9,6,|11111010>,53
9,6,|00001010>,21
9,6,|00000110>,11
9,6,|11100000>,46
9,6,|11010101>,27
9,6,|00100001>,9
9,6,|11110100>,54
9,6,|11010001>,38
9,6,|10110100>,23
9,6,|11101011>,38
9,6,|00011000>,11
9,6,|10100111>,20
9,6,|10110011>,39
9,6,|10110110>,21
9,6,|10011000>,10
9,6,|00100100>,7
9,6,|10010011>,11
9,6,|10111111>,30
9,6,|11000000>,29
9,6,|10000111>,9
9,6,|01111101>,4
9,6,|10001100>,14
9,6,|11011010>,33
9,6,|00001100>,13
9,6,|10010111>,15
9,6,|00100111>,4
9,6,|10011101>,12
9,6,|10100000>,14
9,6,|00100010>,3
9,6,|10011111>,17
9,6,|10101111>,22
9,6,|11001000>,23
9,6,|10111000>,27
9,6,|00100011>,7
9,6,|10111101>,30
9,6,|11111110>,52
9,6,|00100101>,6
9,6,|10000001>,5
9,6,|10001010>,7
9,6,|01000001>,1
9,6,|11011011>,41
9,6,|11000110>,33
9,6,|11001110>,36
9,6,|11000101>,28
9,6,|00011010>,9
9,6,|11000100>,24
9,6,|00000011>,8
9,6,|10001001>,7
9,6,|00000010>,18
9,6,|11100011>,38
9,6,|11001011>,24
9,6,|00110100>,6
9,6,|00010010>,10
9,6,|11100101>,45
9,6,|10110101>,25
9,6,|11110001>,42
9,6,|11010100>,37
9,6,|00111100>,1
9,6,|10111011>,28
9,6,|10000101>,8
9,6,|00010100>,13
9,6,|00001111>,4
9,6,|00001101>,12
9,6,|10000110>,12
9,6,|00010011>,8
9,6,|00101010>,7
9,6,|00001110>,12
9,6,|10010001>,8
9,6,|00000000>,15
9,6,|00011100>,5
9,6,|10111010>,32
9,6,|10110001>,16
9,6,|11101010>,43
9,6,|01111111>,3
9,6,|00010110>,11
9,6,|11101100>,40
9,6,|10010100>,9
9,6,|10001101>,5
9,6,|00011110>,3
9,6,|00101000>,9
9,6,|10100011>,10
9,6,|10001011>,4
9,6,|10001111>,5
9,6,|11010011>,30
9,6,|01100101>,2
9,6,|10100100>,13
9,6,|10100110>,16
9,6,|01100100>,1
9,6,|00101101>,5
9,6,|00010101>,15
9,6,|10011100>,12
9,6,|01101100>,4
9,6,|00001011>,8
9,6,|10101001>,22
9,6,|10000000>,2
9,6,|00101110>,6
9,6,|10010101>,12
9,6,|10010000>,9
9,6,|01111110>,2
9,6,|01111011>,4
9,6,|00011101>,4
9,6,|01000110>,4
9,6,|00011001>,9
9,6,|00101111>,3
9,6,|01110101>,1
9,6,|10011010>,14
9,6,|00110110>,4
9,6,|10001000>,5
9,6,|10000010>,5
9,6,|10110000>,10
9,6,|00010111>,7
9,6,|00110011>,6
9,6,|10000011>,7
9,6,|01000010>,2
9,6,|00101011>,3
9,6,|01110100>,3
9,6,|01110111>,3
9,6,|00010001>,9
9,6,|00111010>,1
9,6,|00111101>,2
9,6,|00110101>,2
9,6,|10101011>,16
9,6,|01110110>,2
9,6,|00101100>,2
9,6,|01101000>,2
9,6,|01101110>,3
9,6,|00111000>,2
9,6,|01000100>,1
9,6,|00110000>,5
9,6,|01110011>,1
9,6,|00011111>,6
9,6,|10011011>,5
9,6,|00111001>,2
9,6,|01110000>,2
9,6,|01000011>,1
9,6,|00011011>,8
9,6,|00101001>,4
9,6,|01100110>,1
9,6,|00111111>,2
9,6,|01110010>,3
9,6,|00100000>,3
9,6,|01101101>,2
9,6,|00111110>,3
9,6,|01100111>,1
9,6,|01111010>,2
9,6,|00110010>,1
9,6,|00110001>,1
9,6,|01000000>,2
9,6,|01101010>,2
9,6,|01101011>,1
9,7,|11101111>,45
9,7,|11111001>,60
9,7,|10100010>,19
9,7,|11010110>,34
9,7,|11010101>,39
9,7,|11011111>,39
9,7,|11100111>,46
9,7,|10111000>,24
9,7,|11101100>,45
9,7,|11011000>,35
9,7,|11000001>,28
9,7,|10110110>,20
9,7,|11000101>,29
9,7,|01110010>,1
9,7,|11101101>,42
9,7,|10100001>,12
9,7,|11110110>,54
9,7,|10110010>,35
9,7,|11111101>,47
9,7,|10010101>,19
9,7,|11100100>,42
9,7,|10010111>,10
9,7,|00010011>,8
9,7,|10011100>,15
9,7,|11001100>,28
9,7,|11100110>,43
9,7,|11110010>,47
9,7,|10100000>,19
9,7,|00000100>,13
9,7,|11110100>,54
9,7,|10110001>,18
9,7,|10010110>,13
9,7,|11001110>,34
9,7,|11010100>,40
9,7,|11101000>,47
9,7,|11010011>,39
9,7,|10101001>,17
9,7,|10100111>,16
9,7,|10111101>,25
9,7,|11011101>,31
9,7,|11101010>,45
9,7,|11111010>,49
9,7,|01110011>,3
9,7,|11110000>,48
9,7,|11101110>,39
9,7,|11000100>,27
9,7,|00010110>,18
9,7,|00110001>,9
9,7,|10111010>,26
9,7,|11010010>,38
9,7,|00000101>,14
9,7,|00100101>,4
9,7,|10110000>,22
9,7,|11100010>,37
9,7,|10000011>,3
9,7,|10101110>,32
9,7,|10101101>,22
9,7,|11100011>,43
9,7,|10001011>,13
9,7,|11111011>,46
9,7,|00000001>,24
9,7,|11111111>,51
9,7,|00111100>,6
9,7,|11011100>,49
9,7,|11000111>,34
9,7,|11011011>,36
9,7,|11110001>,42
9,7,|11110101>,42
9,7,|00011111>,12
9,7,|10101000>,20
9,7,|00010010>,14
9,7,|00011100>,11
9,7,|00101010>,5
9,7,|11010000>,19
9,7,|00000000>,10
9,7,|11010111>,40
9,7,|11111110>,54
9,7,|11011001>,43
9,7,|10110100>,26
9,7,|11110011>,63
9,7,|00001010>,14
9,7,|00000111>,18
9,7,|10000110>,6
9,7,|10011110>,13
9,7,|11001111>,25
9,7,|11110111>,42
9,7,|11111100>,49
9,7,|00001111>,12
9,7,|10100110>,15
9,7,|11100001>,40
9,7,|10111100>,23
9,7,|00100100>,5
9,7,|10000010>,5
9,7,|10111001>,26
9,7,|00100111>,5
9,7,|00101110>,4
9,7,|10110111>,29
9,7,|00001011>,10
9,7,|10111011>,30
9,7,|11010001>,27
9,7,|11100000>,41
9,7,|10001101>,11
9,7,|00011010>,7
9,7,|11000011>,28
9,7,|11001011>,40
9,7,|11000000>,27
9,7,|11101001>,34
9,7,|11000110>,31
9,7,|10100101>,24
9,7,|00001001>,14
9,7,|10010010>,17
9,7,|10111111>,22
9,7,|11111000>,51
9,7,|10001001>,11
9,7,|00001000>,9
9,7,|10110011>,19
9,7,|11011110>,35
9,7,|00000010>,14
9,7,|10110101>,13
9,7,|11001101>,34
9,7,|11000010>,17
9,7,|10011000>,7
9,7,|01110000>,3
9,7,|11001001>,30
9,7,|00010111>,12
9,7,|01111111>,7
9,7,|01110110>,5
9,7,|01111010>,11
9,7,|10011010>,11
9,7,|00100010>,7
9,7,|00100000>,11
9,7,|01111101>,4
9,7,|10000111>,9
9,7,|10100100>,15
9,7,|00001100>,15
9,7,|00011000>,14
9,7,|00100011>,11
9,7,|11001010>,26
9,7,|10000100>,8
9,7,|00000011>,24
9,7,|10011011>,8
9,7,|00010101>,10
9,7,|10001000>,3
9,7,|11011010>,49
9,7,|10011111>,8
9,7,|11100101>,31
9,7,|10010100>,8
9,7,|10001010>,9
9,7,|00000110>,13
9,7,|00010001>,7
9,7,|00110111>,2
9,7,|10010001>,6
9,7,|10000001>,4
9,7,|10101100>,27
9,7,|10101111>,19
9,7,|10001111>,10
9,7,|00011001>,8
9,7,|10111110>,23
9,7,|01101110>,1
9,7,|10101011>,22
9,7,|00100001>,9
9,7,|00110000>,2
9,7,|10001100>,4
9,7,|00111001>,5
9,7,|10101010>,10
9,7,|00101001>,5
9,7,|00001110>,10
9,7,|10000000>,5
9,7,|11001000>,34
9,7,|11101011>,34
9,7,|10010011>,10
9,7,|01111001>,2
9,7,|10011001>,8
9,7,|10100011>,13
9,7,|00101101>,2
9,7,|10001110>,7
9,7,|00111011>,3
9,7,|00001101>,12
9,7,|10011101>,14
9,7,|10000101>,6
9,7,|00011011>,10
9,7,|00010000>,14
9,7,|00110110>,2
9,7,|00101100>,6
9,7,|01001101>,1
9,7,|01111000>,3
9,7,|00111111>,1
9,7,|01101001>,2
9,7,|10010000>,8
9,7,|00110101>,2
9,7,|00101011>,4
9,7,|01111011>,2
9,7,|00111000>,8
9,7,|00111101>,3
9,7,|01110101>,3
9,7,|01101011>,1
9,7,|01101000>,3
9,7,|01111100>,6
9,7,|01100101>,1
9,7,|00111110>,1
9,7,|00010100>,5
9,7,|01000001>,2
9,7,|00011110>,4
9,7,|00110010>,3
9,7,|00111010>,2
9,7,|01010010>,1
9,7,|00101111>,3
9,7,|00100110>,8
9,7,|00101000>,3
9,7,|01000111>,1
9,7,|00110011>,2
9,7,|01111110>,5
9,7,|01100011>,1
9,7,|01000100>,2
9,7,|01101101>,1
9,7,|01110100>,3
9,7,|00110100>,1
9,7,|00011101>,2
9,7,|01000010>,1
9,7,|01101111>,2
9,7,|01110111>,2
9,8,|00010010>,7
9,8,|11000111>,29
9,8,|10110000>,20
9,8,|10111101>,27
9,8,|11010000>,27
9,8,|00100001>,4
9,8,|11101011>,30
9,8,|10101001>,20
9,8,|11010101>,51
9,8,|00011011>,6
9,8,|11110011>,58
9,8,|11001101>,32
9,8,|11110101>,46
9,8,|11111011>,53
9,8,|10111001>,25
9,8,|11000101>,30
9,8,|11101110>,51
9,8,|10110111>,23
9,8,|11100101>,38
9,8,|11111010>,55
9,8,|10100011>,23
9,8,|11000011>,34
9,8,|11000110>,33
9,8,|11100111>,53
9,8,|10100100>,15
9,8,|11100100>,44
9,8,|11111000>,54
9,8,|00001011>,13
9,8,|01111000>,3
9,8,|11111101>,46
9,8,|10011101>,17
9,8,|11110100>,46
9,8,|11011100>,35
9,8,|00000000>,17
9,8,|11111111>,67
9,8,|11101101>,34
9,8,|00001111>,13
9,8,|10010111>,9
9,8,|11011101>,34
9,8,|00001100>,9
9,8,|11011001>,33
9,8,|11101111>,40
9,8,|00010111>,6
9,8,|11100000>,41
9,8,|10011110>,17
9,8,|10001110>,10
9,8,|00100000>,7
9,8,|10000111>,6
9,8,|11001110>,31
9,8,|11101001>,61
9,8,|10111000>,25
9,8,|10110011>,26
9,8,|11101100>,48
9,8,|10110101>,28
9,8,|11000010>,25
9,8,|11010011>,34
9,8,|10101100>,17
9,8,|11011011>,41
9,8,|11000100>,34
9,8,|10011111>,12
9,8,|00101001>,5
9,8,|11110001>,42
9,8,|00011101>,8
9,8,|11011110>,41
9,8,|10100110>,19
9,8,|11001000>,40
9,8,|00011100>,7
9,8,|11001011>,30
9,8,|00001110>,14
9,8,|11110111>,37
9,8,|11000000>,24
9,8,|10100001>,10
9,8,|10111100>,26
9,8,|11010001>,41
9,8,|00010000>,12
9,8,|11011111>,39
9,8,|11110110>,42
9,8,|11101000>,29
9,8,|11100010>,46
9,8,|00000101>,10
9,8,|10000011>,4
9,8,|10110100>,18
9,8,|00000111>,12
9,8,|10010000>,7
9,8,|00101110>,7
9,8,|10101000>,16
9,8,|00000110>,14
9,8,|10111011>,28
9,8,|10111010>,25
9,8,|11010110>,37
9,8,|11100110>,41
9,8,|10100111>,11
9,8,|11101010>,34
9,8,|10111111>,28
9,8,|00100011>,13
9,8,|00000001>,18
9,8,|00001010>,14
9,8,|00010110>,16
9,8,|11100001>,48
9,8,|10110001>,20
9,8,|00000010>,19
9,8,|11111110>,45
9,8,|10001011>,7
9,8,|01110011>,6
9,8,|00111001>,2
9,8,|00011110>,7
9,8,|00100111>,12
9,8,|00101111>,4
9,8,|11110010>,56
9,8,|10001001>,6
9,8,|00000011>,16
9,8,|11001111>,37
9,8,|00101011>,9
9,8,|00110010>,7
9,8,|11100011>,39
9,8,|01111110>,8
9,8,|10101101>,23
9,8,|10010110>,10
9,8,|11001010>,31
9,8,|11001100>,29
9,8,|10110010>,20
9,8,|10000110>,7
9,8,|10111110>,32
9,8,|00011001>,9
9,8,|11011000>,35
9,8,|11001001>,32
9,8,|10100101>,16
9,8,|01110101>,3
9,8,|11111001>,47
9,8,|11000001>,30
9,8,|00010001>,21
9,8,|11010010>,34
9,8,|10011011>,12
9,8,|10010101>,11
9,8,|00001000>,17
9,8,|10001100>,10
9,8,|11010100>,31
9,8,|10001101>,8
9,8,|10101111>,20
9,8,|10010100>,5
9,8,|11111100>,51
9,8,|10110110>,18
9,8,|01110111>,3
9,8,|11011010>,41
9,8,|10100010>,15
9,8,|11010111>,39
9,8,|10011001>,16
9,8,|00001001>,10
9,8,|10011100>,14
9,8,|01101110>,3
9,8,|00010100>,8
9,8,|10001010>,8
9,8,|01000001>,1
9,8,|10000000>,7
9,8,|00100110>,3
9,8,|00110100>,3
9,8,|00010101>,10
9,8,|00101100>,5
9,8,|00000100>,13
9,8,|11110000>,38
9,8,|10011000>,11
9,8,|01111011>,6
9,8,|00100100>,10
9,8,|00001101>,9
9,8,|10101010>,13
9,8,|00011111>,5
9,8,|00111100>,3
9,8,|00110110>,3
9,8,|00110001>,5
9,8,|10101110>,17
9,8,|01110000>,3
9,8,|10011010>,14
9,8,|10000001>,4
9,8,|01101001>,1
9,8,|00011000>,10
9,8,|10010010>,12
9,8,|00101010>,7
9,8,|01101011>,3
9,8,|00010011>,15
9,8,|10010011>,9
9,8,|00111110>,1
9,8,|01111100>,6
9,8,|01000010>,3
9,8,|10000101>,10
9,8,|10010001>,7
9,8,|00100010>,4
9,8,|00110011>,2
9,8,|10100000>,12
9,8,|01000110>,1
9,8,|00111000>,3
9,8,|00101000>,5
9,8,|10000010>,4
9,8,|01001001>,1
9,8,|10101011>,18
9,8,|01110100>,3
9,8,|10000100>,7
9,8,|00011010>,8
9,8,|01101100>,2
9,8,|01101010>,1
9,8,|00110101>,3
9,8,|00111101>,2
9,8,|01000000>,1
9,8,|01000101>,3
9,8,|10001111>,7
9,8,|10001000>,4
9,8,|01110110>,4
9,8,|00100101>,2
9,8,|01001000>,1
9,8,|00110111>,3
9,8,|01111111>,3
9,8,|01110010>,2
9,8,|01111101>,2
9,8,|00111010>,1
9,8,|01100110>,1
9,8,|01111001>,1
9,8,|01101101>,1
9,8,|00101101>,2
9,8,|01111010>,2
9,8,|00110000>,2
9,8,|00111111>,2
9,8,|01100001>,1
9,8,|00111011>,1
9,8,|01011010>,1
9,8,|01110001>,1
9,9,|10001001>,3
9,9,|11111100>,46
9,9,|11100100>,54
9,9,|11011100>,41
9,9,|11101000>,42
9,9,|00110110>,6
9,9,|10011001>,14
9,9,|11100001>,45
9,9,|11110110>,44
9,9,|11111101>,51
9,9,|11110010>,29
9,9,|10101001>,25
9,9,|11011000>,30
9,9,|11011011>,50
9,9,|11010011>,49
9,9,|01111110>,6
9,9,|11010110>,36
9,9,|10011100>,16
9,9,|00001010>,15
9,9,|10111010>,28
9,9,|11101010>,44
9,9,|10110110>,25
9,9,|10101010>,16
9,9,|11111001>,44
9,9,|11000111>,31
9,9,|00100110>,8
9,9,|11101101>,55
9,9,|11110001>,44
9,9,|11101110>,44
9,9,|10111100>,27
9,9,|10101101>,21
9,9,|11111000>,43
9,9,|11001100>,38
9,9,|11000110>,30
9,9,|10111001>,24
9,9,|11000010>,31
9,9,|11100000>,43
9,9,|11100111>,46
9,9,|10011000>,12
9,9,|00000101>,14
9,9,|00100010>,9
9,9,|11110101>,49
9,9,|11111010>,44
9,9,|00000011>,22
9,9,|00010110>,11
9,9,|11101011>,39
9,9,|10101000>,15
9,9,|11101111>,41
9,9,|11101001>,47
9,9,|10101011>,18
9,9,|11000100>,27
9,9,|11100011>,45
9,9,|10110011>,26
9,9,|00001100>,12
9,9,|11100010>,38
9,9,|11110100>,47
9,9,|11001001>,29
9,9,|10110111>,24
9,9,|11011010>,35
9,9,|00000000>,15
9,9,|01101001>,3
9,9,|11001110>,29
9,9,|11111011>,48
9,9,|11100101>,41
9,9,|11101100>,45
9,9,|01000011>,3
9,9,|00111011>,2
9,9,|00000001>,13
9,9,|10101110>,17
9,9,|00000110>,17
9,9,|11111110>,50
9,9,|11011111>,32
9,9,|00101111>,5
9,9,|11011001>,47
9,9,|00001000>,17
9,9,|11010010>,26
9,9,|10100111>,21
9,9,|00001111>,16
9,9,|00011100>,7
9,9,|10100010>,16
9,9,|11110000>,38
9,9,|11111111>,53
9,9,|10011110>,16
9,9,|11010000>,25
9,9,|11000000>,25
9,9,|00111110>,3
9,9,|11001011>,29
9,9,|10111111>,43
9,9,|10110101>,29
9,9,|00001101>,12
9,9,|11001000>,33
9,9,|11001111>,28
9,9,|10111011>,29
9,9,|10010011>,12
9,9,|11110011>,54
9,9,|11000101>,25
9,9,|00110111>,6
9,9,|11110111>,54
9,9,|10011101>,10
9,9,|00010000>,11
9,9,|00001001>,9
9,9,|11010001>,29
9,9,|10001011>,7
9,9,|10001100>,3
9,9,|11010100>,48
9,9,|11100110>,38
9,9,|00101010>,7
9,9,|00011111>,8
9,9,|11011110>,51
9,9,|10000111>,6
9,9,|00010010>,10
9,9,|10101100>,20
9,9,|10001101>,6
9,9,|10001110>,12
9,9,|00101001>,6
9,9,|10000100>,8
9,9,|00011110>,4
9,9,|10110001>,24
9,9,|10011010>,7
9,9,|00000111>,12
9,9,|11001101>,40
9,9,|00011101>,5
9,9,|10010111>,14
9,9,|11000011>,35
9,9,|00101011>,5
9,9,|00101000>,12
9,9,|10100011>,15
9,9,|10110010>,23
9,9,|10000101>,6
9,9,|10100001>,14
9,9,|10010000>,10
9,9,|00001011>,9
9,9,|10110100>,23
9,9,|10110000>,29
9,9,|11011101>,33
9,9,|11010111>,38
9,9,|10111101>,33
9,9,|10101111>,18
9,9,|11000001>,30
9,9,|10111110>,16
9,9,|01101101>,1
9,9,|10010101>,16
9,9,|10100110>,18
9,9,|00110011>,4
9,9,|00100101>,6
9,9,|00010011>,10
9,9,|10100000>,19
9,9,|00100011>,6
9,9,|10011011>,9
9,9,|10000000>,5
9,9,|00010111>,11
9,9,|01000000>,1
9,9,|00011011>,6
9,9,|00000100>,15
9,9,|01110100>,4
9,9,|00010001>,12
9,9,|00010100>,8
9,9,|00110000>,7
9,9,|11001010>,36
9,9,|10001010>,12
9,9,|00101100>,6
9,9,|00000010>,17
9,9,|00001110>,8
9,9,|00100000>,4
9,9,|11010101>,30
9,9,|00111101>,2
9,9,|00100001>,7
9,9,|00100111>,8
9,9,|10000010>,10
9,9,|10010110>,8
9,9,|10011111>,9
9,9,|01111000>,2
9,9,|10010100>,12
9,9,|00110100>,4
9,9,|10010001>,9
9,9,|10000001>,5
9,9,|00010101>,8
9,9,|01111100>,4
9,9,|00111001>,3
9,9,|01101011>,2
9,9,|00111000>,3
9,9,|01000110>,2
9,9,|00011000>,10
9,9,|01000100>,1
9,9,|10100100>,15
9,9,|10000011>,5
9,9,|01111001>,1
9,9,|01111010>,2
9,9,|00011001>,7
9,9,|10111000>,11
9,9,|00011010>,15
9,9,|10010010>,11
9,9,|10100101>,14
9,9,|01101100>,3
9,9,|10001111>,7
9,9,|01110110>,3
9,9,|01110101>,1
9,9,|00101110>,3
9,9,|01001101>,1
9,9,|01111011>,3
9,9,|10000110>,5
9,9,|01111101>,3
9,9,|00100100>,1
9,9,|01110011>,3
9,9,|01101110>,1
9,9,|01110111>,1
9,9,|01111111>,2
9,9,|10001000>,6
9,9,|01100110>,1
9,9,|00111111>,1
9,9,|01000001>,1
9,9,|01110001>,1
9,9,|00111100>,1
9,9,|00110010>,3
9,9,|00110001>,1
9,9,|00101101>,2
9,9,|00110101>,1
9,9,|00111010>,1
9,9,|01110000>,1
9,9,|01100011>,1
9,9,|01000010>,1
9,10,|01000111>,1
9,10,|11000001>,29
9,10,|11011110>,49
9,10,|11111001>,47
9,10,|10110000>,26
9,10,|10111111>,28
9,10,|11110010>,50
9,10,|11001010>,41
9,10,|11111000>,49
9,10,|10100111>,18
9,10,|11111101>,47
9,10,|10111100>,28
9,10,|10100100>,15
9,10,|11001101>,32
9,10,|11100011>,52
9,10,|10111011>,17
9,10,|10110100>,21
9,10,|11100010>,41
9,10,|11111110>,45
9,10,|10111001>,33
9,10,|11000110>,26
9,10,|10001011>,7
9,10,|11000011>,29
9,10,|00011101>,10
9,10,|11101111>,41
9,10,|11000111>,20
9,10,|11101010>,44
9,10,|11011000>,44
9,10,|11101100>,52
9,10,|11001011>,29
9,10,|11011111>,39
9,10,|11110000>,45
9,10,|10101000>,22
9,10,|10010110>,15
9,10,|00000111>,12
9,10,|11100101>,52
9,10,|11001001>,29
9,10,|10110001>,20
9,10,|11010111>,48
9,10,|11110011>,50
9,10,|00101101>,12
9,10,|11111010>,40
9,10,|10011000>,13
9,10,|11010010>,40
9,10,|10110011>,21
9,10,|11101101>,52
9,10,|10101001>,23
9,10,|10000111>,8
9,10,|10011110>,15
9,10,|11011101>,33
9,10,|11011001>,33
9,10,|10101100>,21
9,10,|11100100>,46
9,10,|11000010>,33
9,10,|10110110>,20
9,10,|10100001>,21
9,10,|11110100>,33
9,10,|00001000>,10
9,10,|10101010>,19
9,10,|11001110>,27
9,10,|10101110>,17
9,10,|11101001>,46
9,10,|11111100>,49
9,10,|11000100>,47
9,10,|00001010>,13
9,10,|11100111>,50
9,10,|11001100>,34
9,10,|10011011>,12
9,10,|11110111>,53
9,10,|11111111>,45
9,10,|00000001>,19
9,10,|10111101>,32
9,10,|10100010>,14
9,10,|10110111>,30
9,10,|11011100>,33
9,10,|00010000>,12
9,10,|00101010>,2
9,10,|11010110>,31
9,10,|10011100>,13
9,10,|11101110>,46
9,10,|10101101>,16
9,10,|11100001>,49
9,10,|10001111>,7
9,10,|11010101>,30
9,10,|11110110>,41
9,10,|11010000>,42
9,10,|10100000>,13
9,10,|10101111>,20
9,10,|00011111>,8
9,10,|00001011>,13
9,10,|11011011>,34
9,10,|11110001>,45
9,10,|11010001>,37
9,10,|00111101>,2
9,10,|00000000>,20
9,10,|00011001>,7
9,10,|10010010>,11
9,10,|11000000>,23
9,10,|10001100>,9
9,10,|00010010>,12
9,10,|11010100>,36
9,10,|11100110>,41
9,10,|10010101>,12
9,10,|00100001>,9
9,10,|11001111>,26
9,10,|00001001>,14
9,10,|11111011>,48
9,10,|01111011>,5
9,10,|11010011>,47
9,10,|01111010>,3
9,10,|11000101>,19
9,10,|10011010>,16
9,10,|00010100>,14
9,10,|11101000>,42
9,10,|00011010>,11
9,10,|10110010>,30
9,10,|11101011>,35
9,10,|10111010>,36
9,10,|10111000>,27
9,10,|00010101>,8
9,10,|11110101>,41
9,10,|10001101>,14
9,10,|00001100>,9
9,10,|10000100>,6
9,10,|00000010>,14
9,10,|11011010>,45
9,10,|00001110>,7
9,10,|10011101>,10
9,10,|10000001>,6
9,10,|10100101>,25
9,10,|00111000>,4
9,10,|10101011>,16
9,10,|00101100>,3
9,10,|10000110>,8
9,10,|01000101>,2
9,10,|10110101>,22
9,10,|01111110>,4
9,10,|00010110>,11
9,10,|01101011>,3
9,10,|00000011>,14
9,10,|00010011>,12
9,10,|00011100>,13
9,10,|10010011>,13
9,10,|00100101>,9
9,10,|00000101>,20
9,10,|00011000>,7
9,10,|00000110>,5
9,10,|00000100>,17
9,10,|10011001>,12
9,10,|00100000>,7
9,10,|10000010>,8
9,10,|10100011>,16
9,10,|10001110>,5
9,10,|00100100>,11
9,10,|11100000>,31
9,10,|01010000>,1
9,10,|00001111>,14
9,10,|10010100>,10
9,10,|01111111>,3
9,10,|01110001>,1
9,10,|10100110>,15
9,10,|10000101>,6
9,10,|00110110>,1
9,10,|11001000>,20
9,10,|01111000>,3
9,10,|00110010>,1
9,10,|00110011>,3
9,10,|00010001>,14
9,10,|00010111>,14
9,10,|01111101>,4
9,10,|01001000>,2
9,10,|10011111>,9
9,10,|01110111>,1
9,10,|00101000>,5
9,10,|00111011>,2
9,10,|00001101>,6
9,10,|01000000>,2
9,10,|01101110>,4
9,10,|00100011>,6
9,10,|01101001>,1
9,10,|00110001>,10
9,10,|10001001>,7
9,10,|10111110>,19
9,10,|00100010>,9
9,10,|01000100>,2
9,10,|00100111>,4
9,10,|10010000>,5
9,10,|00111001>,3
9,10,|01110100>,5
9,10,|00011110>,2
9,10,|10010111>,9
9,10,|00100110>,3
9,10,|01110101>,1
9,10,|10000000>,5
9,10,|10010001>,6
9,10,|01001010>,1
9,10,|00111010>,1
9,10,|10000011>,10
9,10,|00101111>,4
9,10,|00110100>,2
9,10,|00101011>,5
9,10,|00101110>,4
9,10,|00101001>,4
9,10,|10001010>,4
9,10,|10001000>,2
9,10,|01101010>,1
9,10,|01000110>,1
9,10,|00111100>,2
9,10,|01111001>,3
9,10,|01001111>,1
9,10,|00110000>,3
9,10,|00111110>,3
9,10,|01110010>,3
9,10,|01010010>,1
9,10,|00110101>,3
9,10,|01101111>,1
9,10,|01000001>,1
9,10,|00110111>,2
9,10,|01100100>,1
9,10,|01001011>,1
9,10,|01111100>,1
9,10,|01110000>,1
9,10,|01101000>,1
9,10,|01000010>,1
9,10,|01110011>,1
9,11,|10100100>,14
9,11,|11011100>,43
9,11,|11101110>,41
9,11,|11101001>,59
9,11,|11010110>,41
9,11,|11110110>,50
9,11,|10111001>,31
9,11,|11111010>,52
9,11,|00010101>,11
9,11,|11000001>,22
9,11,|11010101>,29
9,11,|11011101>,42
9,11,|10001110>,9
9,11,|11011110>,37
9,11,|10111000>,28
9,11,|11110000>,48
9,11,|00101110>,5
9,11,|11011010>,42
9,11,|10110111>,30
9,11,|01101110>,4
9,11,|00101001>,5
9,11,|11010000>,34
9,11,|11001001>,30
9,11,|11110111>,56
9,11,|11100011>,40
9,11,|11110001>,52
9,11,|00001111>,11
9,11,|11101111>,38
9,11,|11111000>,38
9,11,|00010000>,13
9,11,|11001100>,36
9,11,|10111101>,23
9,11,|11110101>,42
9,11,|10101100>,24
9,11,|11010111>,39
9,11,|11001011>,41
9,11,|11111111>,38
9,11,|00001100>,16
9,11,|11101010>,50
9,11,|11011000>,34
9,11,|10011000>,14
9,11,|11100001>,49
9,11,|10010111>,16
9,11,|10111111>,31
9,11,|10001101>,11
9,11,|10110000>,22
9,11,|10000101>,6
9,11,|11011111>,40
9,11,|10001011>,9
9,11,|00011101>,10
9,11,|11001010>,33
9,11,|10101111>,25
9,11,|11010100>,42
9,11,|11000010>,21
9,11,|11000101>,32
9,11,|11111101>,39
9,11,|11100000>,32
9,11,|11101011>,50
9,11,|10000001>,5
9,11,|11101100>,52
9,11,|11010001>,34
9,11,|01110011>,4
9,11,|11001101>,44
9,11,|10011100>,13
9,11,|10001100>,10
9,11,|10001111>,6
9,11,|10101010>,14
9,11,|00001010>,13
9,11,|10101001>,16
9,11,|00000111>,14
9,11,|00101011>,5
9,11,|10111010>,21
9,11,|11010011>,36
9,11,|10111011>,27
9,11,|10100111>,21
9,11,|11100111>,42
9,11,|11111110>,46
9,11,|00010010>,13
9,11,|10011011>,14
9,11,|11011001>,44
9,11,|11100100>,50
9,11,|10010101>,17
9,11,|00000011>,17
9,11,|10011110>,11
9,11,|11110100>,49
9,11,|11111001>,40
9,11,|11111011>,45
9,11,|00011010>,10
9,11,|11010010>,34
9,11,|00100100>,8
9,11,|11110010>,46
9,11,|00100101>,9
9,11,|01110111>,4
9,11,|10010011>,11
9,11,|11000011>,24
9,11,|11101000>,40
9,11,|00110111>,5
9,11,|00001001>,17
9,11,|00010111>,9
9,11,|10000011>,8
9,11,|11000110>,31
9,11,|00100110>,7
9,11,|10010001>,13
9,11,|11100101>,27
9,11,|10111100>,28
9,11,|11101101>,46
9,11,|10000010>,5
9,11,|11000111>,33
9,11,|00110101>,4
9,11,|11001000>,33
9,11,|10000111>,3
9,11,|00000110>,19
9,11,|11000000>,34
9,11,|10100001>,16
9,11,|11100010>,31
9,11,|10110001>,26
9,11,|10000110>,12
9,11,|10110101>,12
9,11,|11011011>,34
9,11,|00000100>,14
9,11,|10100000>,19
9,11,|11001110>,21
9,11,|01111101>,1
9,11,|10111110>,25
9,11,|00000101>,21
9,11,|10101101>,15
9,11,|11001111>,40
9,11,|00000001>,15
9,11,|10101000>,11
9,11,|11100110>,39
9,11,|00001000>,17
9,11,|00101100>,3
9,11,|10100010>,7
9,11,|10010000>,11
9,11,|00010100>,14
9,11,|11111100>,58
9,11,|10110100>,21
9,11,|00011011>,12
9,11,|10011001>,18
9,11,|00001110>,13
9,11,|10110110>,16
9,11,|00100011>,10
9,11,|11110011>,53
9,11,|00110001>,7
9,11,|00111011>,4
9,11,|10000000>,6
9,11,|00110010>,4
9,11,|00101000>,6
9,11,|00011000>,11
9,11,|10110010>,20
9,11,|01110001>,1
9,11,|00001011>,14
9,11,|10100110>,14
9,11,|00110110>,3
9,11,|01111100>,3
9,11,|10011111>,10
9,11,|00010001>,10
9,11,|10100011>,12
9,11,|10011010>,11
9,11,|11000100>,32
9,11,|00100000>,9
9,11,|10110011>,18
9,11,|10100101>,16
9,11,|00110000>,2
9,11,|00001101>,9
9,11,|10010110>,11
9,11,|10101110>,20
9,11,|10010010>,12
9,11,|00011110>,10
9,11,|00100001>,7
9,11,|00110100>,3
9,11,|01111010>,5
9,11,|10101011>,17
9,11,|00101010>,6
9,11,|10000100>,4
9,11,|01000111>,2
9,11,|01000110>,1
9,11,|10011101>,15
9,11,|10010100>,8
9,11,|01111110>,5
9,11,|10001010>,6
9,11,|00101101>,4
9,11,|00011001>,8
9,11,|01110100>,3
9,11,|00000010>,13
9,11,|01000100>,1
9,11,|01110110>,2
9,11,|10001001>,3
9,11,|00011100>,7
9,11,|00010110>,7
9,11,|00010011>,10
9,11,|00101111>,3
9,11,|00100010>,10
9,11,|00100111>,2
9,11,|00111010>,3
9,11,|01101101>,2
9,11,|01000000>,2
9,11,|01000010>,3
9,11,|01111000>,1
9,11,|00111001>,2
9,11,|00000000>,10
9,11,|00111100>,1
9,11,|01000001>,3
9,11,|01101001>,1
9,11,|00111000>,2
9,11,|01101100>,2
9,11,|00110011>,2
9,11,|01111001>,1
9,11,|00011111>,3
9,11,|01101000>,1
9,11,|01110000>,1
9,11,|01110101>,2
9,11,|01000011>,2
9,11,|01101111>,1
9,11,|01110010>,1
9,11,|01111011>,3
9,11,|01001111>,1
9,11,|00111101>,1
9,11,|10001000>,2
9,12,|11011110>,35
9,12,|10111110>,23
9,12,|10000101>,8
9,12,|11010100>,39
9,12,|10101000>,16
9,12,|00110110>,3
9,12,|11000000>,31
9,12,|00011011>,9
9,12,|00001101>,16
9,12,|11001111>,45
9,12,|10101111>,23
9,12,|00010110>,9
9,12,|10101101>,24
9,12,|10000100>,5
9,12,|11111111>,53
9,12,|10100010>,10
9,12,|11101011>,45
9,12,|11110100>,41
9,12,|10110001>,13
9,12,|11001100>,24
9,12,|10110011>,23
9,12,|11100100>,45
9,12,|11111000>,53
9,12,|10010100>,10
9,12,|11010000>,38
9,12,|11011000>,47
9,12,|10111101>,34
9,12,|11000101>,30
9,12,|00100001>,13
9,12,|00000111>,16
9,12,|10010101>,7
9,12,|11011101>,37
9,12,|11101001>,36
9,12,|00000001>,12
9,12,|11000100>,29
9,12,|11110000>,58
9,12,|11110111>,51
9,12,|11001011>,30
9,12,|10111100>,36
9,12,|10111010>,28
9,12,|10110000>,14
9,12,|11110001>,52
9,12,|11100101>,48
9,12,|11000110>,33
9,12,|11111001>,47
9,12,|10101001>,16
9,12,|11010001>,37
9,12,|00010111>,13
9,12,|11011100>,42
9,12,|10011110>,19
9,12,|00010101>,15
9,12,|11101100>,55
9,12,|11100110>,46
9,12,|10000010>,5
9,12,|10111011>,18
9,12,|11101000>,42
9,12,|00101010>,4
9,12,|11101010>,43
9,12,|11111010>,45
9,12,|11010101>,37
9,12,|11111011>,52
9,12,|10010001>,13
9,12,|00011111>,7
9,12,|00000010>,25
9,12,|11001001>,25
9,12,|11111101>,43
9,12,|11101101>,37
9,12,|11110010>,41
9,12,|11100111>,39
9,12,|10100110>,20
9,12,|00010001>,8
9,12,|10011111>,10
9,12,|10100001>,17
9,12,|10111001>,22
9,12,|10101100>,20
9,12,|10101010>,26
9,12,|00001100>,11
9,12,|11110110>,44
9,12,|10100011>,27
9,12,|10001011>,5
9,12,|10001100>,5
9,12,|11111110>,62
9,12,|10101110>,18
9,12,|11110011>,46
9,12,|11001101>,27
9,12,|10011001>,14
9,12,|11110101>,60
9,12,|10011101>,10
9,12,|11011111>,47
9,12,|00010010>,10
9,12,|00000101>,13
9,12,|11101110>,37
9,12,|00000011>,16
9,12,|10100101>,11
9,12,|00001001>,21
9,12,|11001000>,37
9,12,|11010010>,37
9,12,|11001010>,31
9,12,|11100010>,43
9,12,|00000110>,13
9,12,|11100001>,40
9,12,|00101110>,9
9,12,|10110100>,12
9,12,|11101111>,56
9,12,|11100000>,52
9,12,|11011010>,38
9,12,|00011010>,6
9,12,|00001111>,14
9,12,|10101011>,12
9,12,|11011001>,39
9,12,|10011011>,15
9,12,|00001110>,9
9,12,|11000010>,29
9,12,|00011100>,5
9,12,|00011001>,10
9,12,|11010011>,28
9,12,|10100100>,21
9,12,|00000100>,14
9,12,|10110111>,28
9,12,|10110110>,25
9,12,|10010111>,17
9,12,|10111111>,31
9,12,|10001101>,5
9,12,|10111000>,28
9,12,|11000011>,41
9,12,|01100000>,2
9,12,|10000111>,5
9,12,|00100000>,9
9,12,|00110111>,5
9,12,|11100011>,34
9,12,|00100011>,12
9,12,|11010110>,23
9,12,|11001110>,41
9,12,|00100010>,8
9,12,|10001001>,7
9,12,|10010110>,8
9,12,|10011000>,12
9,12,|10110101>,13
9,12,|11010111>,30
9,12,|11011011>,32
9,12,|01001111>,1
9,12,|10100111>,17
9,12,|00001010>,9
9,12,|10011100>,9
9,12,|01110001>,3
9,12,|00110011>,4
9,12,|00000000>,10
9,12,|11000111>,29
9,12,|10001010>,5
9,12,|00101001>,3
9,12,|00100111>,8
9,12,|10011010>,6
9,12,|01101000>,2
9,12,|11111100>,53
9,12,|00101011>,4
9,12,|00100110>,7
9,12,|11000001>,29
9,12,|00010011>,11
9,12,|10100000>,10
9,12,|01110011>,2
9,12,|01110100>,4
9,12,|10110010>,16
9,12,|10001000>,5
9,12,|00011000>,9
9,12,|01000100>,2
9,12,|10010000>,14
9,12,|00001000>,14
9,12,|10000011>,4
9,12,|00011101>,15
9,12,|10001110>,6
9,12,|00001011>,9
9,12,|00110001>,5
9,12,|00101101>,6
9,12,|00010100>,9
9,12,|01001001>,2
9,12,|01111111>,7
9,12,|00010000>,10
9,12,|00100100>,8
9,12,|00100101>,6
9,12,|00101000>,6
9,12,|00110010>,2
9,12,|00111010>,4
9,12,|10000110>,4
9,12,|10001111>,9
9,12,|00101100>,3
9,12,|01111101>,7
9,12,|01110110>,3
9,12,|00111101>,1
9,12,|01101100>,4
9,12,|01111110>,5
9,12,|10000001>,4
9,12,|10010010>,6
9,12,|01000001>,2
9,12,|00011110>,4
9,12,|01111001>,4
9,12,|00111110>,2
9,12,|01001010>,1
9,12,|01101111>,1
9,12,|10010011>,8
9,12,|00110000>,2
9,12,|01111100>,1
9,12,|00110101>,3
9,12,|01001000>,1
9,12,|01101110>,4
9,12,|01101010>,1
9,12,|00111100>,3
9,12,|00111000>,2
9,12,|01101101>,2
9,12,|10000000>,2
9,12,|01000101>,1
9,12,|00110100>,1
9,12,|01100100>,1
9,12,|01110101>,1
9,12,|01000000>,1
9,12,|01111011>,1
9,12,|01111010>,1
9,12,|01111000>,2
9,12,|01110000>,1
9,12,|01000010>,1
9,13,|10001100>,8
9,13,|11110001>,51
9,13,|00000100>,16
9,13,|11110010>,44
9,13,|11101011>,35
9,13,|11111000>,49
9,13,|11110101>,53
9,13,|11000011>,36
9,13,|10011011>,12
9,13,|11011010>,42
9,13,|10111001>,18
9,13,|11110111>,53
9,13,|11001111>,38
9,13,|11110110>,46
9,13,|11011011>,47
9,13,|11001100>,35
9,13,|11110100>,61
9,13,|11111001>,49
9,13,|11000110>,32
9,13,|11000111>,41
9,13,|11110000>,48
9,13,|10010010>,12
9,13,|11010110>,37
9,13,|11101110>,51
9,13,|11111100>,48
9,13,|10110011>,24
9,13,|10011010>,15
9,13,|11010000>,32
9,13,|10111010>,39
9,13,|11111010>,46
9,13,|11001110>,31
9,13,|01111100>,1
9,13,|11010111>,54
9,13,|11101000>,35
9,13,|10110101>,19
9,13,|11100001>,50
9,13,|11100101>,48
9,13,|00010000>,14
9,13,|11001101>,41
9,13,|10111110>,23
9,13,|11010101>,38
9,13,|11100100>,46
9,13,|11001000>,27
9,13,|00000011>,17
9,13,|11101100>,48
9,13,|10100001>,15
9,13,|11100010>,34
9,13,|11100111>,37
9,13,|10110001>,28
9,13,|11100110>,42
9,13,|00001001>,8
9,13,|11010010>,38
9,13,|11000100>,28
9,13,|11101001>,54
9,13,|10101111>,18
9,13,|10111011>,29
9,13,|11111101>,48
9,13,|01100101>,2
9,13,|11011110>,33
9,13,|10010000>,8
9,13,|11011001>,33
9,13,|10101001>,26
9,13,|11100000>,40
9,13,|10101100>,19
9,13,|11011101>,48
9,13,|00100100>,13
9,13,|00000000>,14
9,13,|00010001>,17
9,13,|00000111>,9
9,13,|11101101>,34
9,13,|00111110>,7
9,13,|10011100>,7
9,13,|00010111>,8
9,13,|11000000>,32
9,13,|10011101>,21
9,13,|10110111>,21
9,13,|10011001>,9
9,13,|10100100>,19
9,13,|11111011>,41
9,13,|01101110>,3
9,13,|11011000>,43
9,13,|10101101>,21
9,13,|11110011>,43
9,13,|00011010>,7
9,13,|10101011>,24
9,13,|11101111>,42
9,13,|10101110>,27
9,13,|10111000>,24
9,13,|11100011>,37
9,13,|11111110>,46
9,13,|11000101>,33
9,13,|00001111>,9
9,13,|00010110>,12
9,13,|11000010>,22
9,13,|10000100>,7
9,13,|10110100>,23
9,13,|00101001>,5
9,13,|10101000>,17
9,13,|11001001>,21
9,13,|10001011>,10
9,13,|10011111>,12
9,13,|00000101>,8
9,13,|10001101>,17
9,13,|01101011>,1
9,13,|11111111>,40
9,13,|00001011>,8
9,13,|00010011>,7
9,13,|00100011>,9
9,13,|00100000>,8
9,13,|11001010>,30
9,13,|00000110>,18
9,13,|00001010>,13
9,13,|10100111>,25
9,13,|10111100>,23
9,13,|11101010>,44
9,13,|11010100>,27
9,13,|01111111>,4
9,13,|10110110>,20
9,13,|11000001>,27
9,13,|00011000>,6
9,13,|01111101>,6
9,13,|10010111>,12
9,13,|10000101>,9
9,13,|00100110>,4
9,13,|00010100>,9
9,13,|11011111>,38
9,13,|10111101>,29
9,13,|11010011>,32
9,13,|00110110>,1
9,13,|00001110>,11
9,13,|00101111>,4
9,13,|00011100>,7
9,13,|11001011>,31
9,13,|10001110>,12
9,13,|00111111>,2
9,13,|11010001>,42
9,13,|10100000>,17
9,13,|00001000>,15
9,13,|11011100>,43
9,13,|01111011>,3
9,13,|10111111>,31
9,13,|00011101>,6
9,13,|10011110>,12
9,13,|10110000>,18
9,13,|01111010>,3
9,13,|01101010>,2
9,13,|10110010>,13
9,13,|00011110>,4
9,13,|00101110>,4
9,13,|10011000>,15
9,13,|00101000>,9
9,13,|00000010>,11
9,13,|10101010>,15
9,13,|10001000>,9
9,13,|01111000>,3
9,13,|00011011>,6
9,13,|00101010>,8
9,13,|00011111>,7
9,13,|10100011>,22
9,13,|10100101>,20
9,13,|01001000>,1
9,13,|00111001>,4
9,13,|10010001>,6
9,13,|00100001>,7
9,13,|10001010>,5
9,13,|10100110>,13
9,13,|00001101>,11
9,13,|00011001>,9
9,13,|10010100>,8
9,13,|10100010>,14
9,13,|10000110>,5
9,13,|01110011>,2
9,13,|01101101>,3
9,13,|00001100>,12
9,13,|01110010>,1
9,13,|01111110>,3
9,13,|10000011>,3
9,13,|00101100>,4
9,13,|10001001>,6
9,13,|00100010>,4
9,13,|10000001>,8
9,13,|10010011>,12
9,13,|00000001>,16
9,13,|10000111>,7
9,13,|01000001>,2
9,13,|10000010>,5
9,13,|00101101>,5
9,13,|10001111>,8
9,13,|00111000>,1
9,13,|00101011>,1
9,13,|00110000>,1
9,13,|01101100>,2
9,13,|00010101>,9
9,13,|01110001>,1
9,13,|01110111>,2
9,13,|10010101>,8
9,13,|10010110>,14
9,13,|01110110>,3
9,13,|00111010>,2
9,13,|00010010>,5
9,13,|10000000>,5
9,13,|00110010>,4
9,13,|00110100>,3
9,13,|00110001>,2
9,13,|00100101>,3
9,13,|01101111>,2
9,13,|00110101>,2
9,13,|00111100>,3
9,13,|01100000>,1
9,13,|01111001>,4
9,13,|01000011>,1
9,13,|01000000>,1
9,13,|00100111>,4
9,13,|01011011>,1
9,13,|01000101>,1
9,13,|01110101>,3
9,13,|00110011>,2
9,13,|00111101>,1
9,13,|01110100>,2
9,14,|11111101>,48
9,14,|10000001>,4
9,14,|10011010>,17
9,14,|11011100>,39
9,14,|00001010>,22
9,14,|10111000>,19
9,14,|11011000>,42
9,14,|00001101>,14
9,14,|11110011>,41
9,14,|11101100>,52
9,14,|11011011>,38
9,14,|11111001>,42
9,14,|11101010>,47
9,14,|11100100>,42
9,14,|11111010>,45
9,14,|10101100>,15
9,14,|11101111>,62
9,14,|11111000>,57
9,14,|11010000>,41
9,14,|11010100>,37
9,14,|10100010>,19
9,14,|11110110>,46
9,14,|10100100>,21
9,14,|00101110>,2
9,14,|10111100>,18
9,14,|10110111>,18
9,14,|11000001>,19
9,14,|11110100>,58
9,14,|11001111>,34
9,14,|11000101>,28
9,14,|11001011>,35
9,14,|10100011>,17
9,14,|00001110>,12
9,14,|11110010>,40
9,14,|00100101>,6
9,14,|10101110>,27
9,14,|01000010>,2
9,14,|10111110>,24
9,14,|11100011>,53
9,14,|00101010>,8
9,14,|10011101>,14
9,14,|10111010>,27
9,14,|11110111>,46
9,14,|11001000>,36
9,14,|11000000>,26
9,14,|11010010>,41
9,14,|10011000>,11
9,14,|11001100>,42
9,14,|11011001>,31
9,14,|10010011>,15
9,14,|10101001>,25
9,14,|11010110>,38
9,14,|11111011>,46
9,14,|11100001>,43
9,14,|10011110>,15
9,14,|11000111>,38
9,14,|11101000>,40
9,14,|00001011>,11
9,14,|00001000>,14
9,14,|10111111>,24
9,14,|11100010>,40
9,14,|10011111>,18
9,14,|00001001>,15
9,14,|01111111>,3
9,14,|11011010>,37
9,14,|10110100>,21
9,14,|11111110>,49
9,14,|10110000>,21
9,14,|11111111>,38
9,14,|00110011>,2
9,14,|11011101>,34
9,14,|10100101>,23
9,14,|00011010>,7
9,14,|10010100>,13
9,14,|11011111>,36
9,14,|10100001>,22
9,14,|11100000>,41
9,14,|11101011>,36
9,14,|10101101>,19
9,14,|00110101>,2
9,14,|00010011>,20
9,14,|10110011>,17
9,14,|00000110>,20
9,14,|10101011>,19
9,14,|01001111>,1
9,14,|01111101>,4
9,14,|11100101>,42
9,14,|00011111>,9
9,14,|11000011>,36
9,14,|00010010>,11
9,14,|01110111>,5
9,14,|01111110>,4
9,14,|11101001>,44
9,14,|00100011>,5
9,14,|10000011>,7
9,14,|11101101>,48
9,14,|10010001>,10
9,14,|11001010>,33
9,14,|00110001>,5
9,14,|00100100>,7
9,14,|00001100>,17
9,14,|11110000>,42
9,14,|10111101>,22
9,14,|00100001>,8
9,14,|10110010>,24
9,14,|10111001>,23
9,14,|11001101>,28
9,14,|11010011>,34
9,14,|11010001>,31
9,14,|11100111>,45
9,14,|10100111>,24
9,14,|00011000>,12
9,14,|11011110>,36
9,14,|00010001>,13
9,14,|00000111>,16
9,14,|11100110>,47
9,14,|10111011>,22
9,14,|10010111>,13
9,14,|01111100>,4
9,14,|10100110>,11
9,14,|11111100>,53
9,14,|10010010>,16
9,14,|00000010>,13
9,14,|00111111>,2
9,14,|11110101>,42
9,14,|10001111>,12
9,14,|10011001>,15
9,14,|11101110>,37
9,14,|10110101>,24
9,14,|10010101>,9
9,14,|00000101>,17
9,14,|01111010>,4
9,14,|11010101>,33
9,14,|11001110>,30
9,14,|10011100>,16
9,14,|10001010>,10
9,14,|10101111>,13
9,14,|11000010>,23
9,14,|00000001>,20
9,14,|10101010>,15
9,14,|10000010>,3
9,14,|11001001>,33
9,14,|00100110>,5
9,14,|00010101>,9
9,14,|01101010>,1
9,14,|00010111>,17
9,14,|00111011>,3
9,14,|00000000>,14
9,14,|00111000>,4
9,14,|00110110>,3
9,14,|01101000>,2
9,14,|11110001>,31
9,14,|00010100>,9
9,14,|00111001>,5
9,14,|10100000>,15
9,14,|01110110>,6
9,14,|10000110>,9
9,14,|00110010>,2
9,14,|00101011>,8
9,14,|10110110>,21
9,14,|11010111>,46
9,14,|00000100>,18
9,14,|10101000>,15
9,14,|10010000>,10
9,14,|10001000>,7
9,14,|10110001>,27
9,14,|10001001>,11
9,14,|00010000>,11
9,14,|00011110>,4
9,14,|00010110>,9
9,14,|10011011>,10
9,14,|00011011>,5
9,14,|00011001>,6
9,14,|01101001>,2
9,14,|00000011>,10
9,14,|01100100>,1
9,14,|00111010>,2
9,14,|01000011>,1
9,14,|10000100>,4
9,14,|10001101>,10
9,14,|10000101>,7
9,14,|10001011>,3
9,14,|00110111>,2
9,14,|00011100>,10
9,14,|10000111>,4
9,14,|00001111>,16
9,14,|10010110>,8
9,14,|01111000>,1
9,14,|00100010>,5
9,14,|10001110>,5
9,14,|00101000>,6
9,14,|10000000>,9
9,14,|01101011>,2
9,14,|00101100>,5
9,14,|11000110>,21
9,14,|01111001>,3
9,14,|01100011>,1
9,14,|10001100>,6
9,14,|01111011>,5
9,14,|01110100>,2
9,14,|00101001>,3
9,14,|00111110>,2
9,14,|00011101>,7
9,14,|11000100>,21
9,14,|01100111>,1
9,14,|01000111>,2
9,14,|01100110>,1
9,14,|00101101>,3
9,14,|00100111>,5
9,14,|00111100>,2
9,14,|01110101>,2
9,14,|01110011>,3
9,14,|00100000>,4
9,14,|01101111>,1
9,14,|01110001>,1
9,14,|00110100>,4
9,14,|00101111>,3
9,14,|00110000>,1
9,14,|01110000>,1
9,14,|01000100>,1
9,14,|01100101>,1
9,14,|01100001>,1
9,14,|01000000>,1
9,14,|01101101>,1
9,15,|11011100>,42
9,15,|11000111>,45
9,15,|11110111>,48
9,15,|11101010>,42
9,15,|11111010>,44
9,15,|10110101>,27
9,15,|10001001>,9
9,15,|00011110>,8
9,15,|11100001>,37
9,15,|11000101>,31
9,15,|11010110>,30
9,15,|11101001>,53
9,15,|00100100>,8
9,15,|11001111>,30
9,15,|00011011>,10
9,15,|00001110>,14
9,15,|00001000>,14
9,15,|11100101>,41
9,15,|11001100>,40
9,15,|10101111>,25
9,15,|11111011>,64
9,15,|11111100>,43
9,15,|11010011>,28
9,15,|11111111>,56
9,15,|10111110>,27
9,15,|11001011>,40
9,15,|10010001>,10
9,15,|11111101>,49
9,15,|11110110>,57
9,15,|11010001>,38
9,15,|11101101>,48
9,15,|00100111>,6
9,15,|11111000>,50
9,15,|10110001>,11
9,15,|00010110>,14
9,15,|11000110>,22
9,15,|11101100>,48
9,15,|11110101>,47
9,15,|00001100>,14
9,15,|11100111>,50
9,15,|11011101>,45
9,15,|10101000>,29
9,15,|11010100>,31
9,15,|10111101>,26
9,15,|10011001>,13
9,15,|11110001>,50
9,15,|10010110>,16
9,15,|11001001>,34
9,15,|00000010>,13
9,15,|10010100>,12
9,15,|11110100>,40
9,15,|00100101>,4
9,15,|11111110>,49
9,15,|00000100>,14
9,15,|10011110>,16
9,15,|10101100>,23
9,15,|11100100>,42
9,15,|11100000>,43
9,15,|10110110>,18
9,15,|00110101>,2
9,15,|10111111>,29
9,15,|00100110>,6
9,15,|00000101>,19
9,15,|11011011>,29
9,15,|00000001>,19
9,15,|00100010>,5
9,15,|11111001>,49
9,15,|00101001>,6
9,15,|11101110>,35
9,15,|10100101>,18
9,15,|11101011>,45
9,15,|11110010>,51
9,15,|11011000>,35
9,15,|10111011>,22
9,15,|00010111>,10
9,15,|11001000>,31
9,15,|10100000>,17
9,15,|11010000>,26
9,15,|10111001>,27
9,15,|00010100>,10
9,15,|10101001>,24
9,15,|00010101>,9
9,15,|11000100>,31
9,15,|10111100>,29
9,15,|11010010>,37
9,15,|10110100>,24
9,15,|11011110>,47
9,15,|01101101>,2
9,15,|10101010>,14
9,15,|10010011>,9
9,15,|10111000>,26
9,15,|00001010>,9
9,15,|11001110>,46
9,15,|10100001>,14
9,15,|10110000>,22
9,15,|11010111>,37
9,15,|00000000>,15
9,15,|11101111>,39
9,15,|11110011>,44
9,15,|11110000>,42
9,15,|11000001>,33
9,15,|11000010>,26
9,15,|10101110>,24
9,15,|11000000>,22
9,15,|11001010>,31
9,15,|10011011>,13
9,15,|10011100>,17
9,15,|00111100>,6
9,15,|10010000>,10
9,15,|00100001>,5
9,15,|00001111>,11
9,15,|10010111>,11
9,15,|11100110>,43
9,15,|11011001>,39
9,15,|11010101>,29
9,15,|00001101>,9
9,15,|11001101>,32
9,15,|10010101>,6
9,15,|00010000>,11
9,15,|10100100>,20
9,15,|10110010>,23
9,15,|10001010>,9
9,15,|11011111>,33
9,15,|10110011>,19
9,15,|00101011>,5
9,15,|10011010>,9
9,15,|11100010>,36
9,15,|10111010>,21
9,15,|11011010>,25
9,15,|00101110>,3
9,15,|10001110>,10
9,15,|00111000>,6
9,15,|11101000>,45
9,15,|10101011>,23
9,15,|11100011>,34
9,15,|00001011>,8
9,15,|00000011>,11
9,15,|00011101>,11
9,15,|10000001>,7
9,15,|01101001>,2
9,15,|10000011>,6
9,15,|10000110>,4
9,15,|10001111>,12
9,15,|10000010>,4
9,15,|00101100>,3
9,15,|01110110>,1
9,15,|10100011>,15
9,15,|11000011>,37
9,15,|10000111>,5
9,15,|00000110>,13
9,15,|10010010>,9
9,15,|10011101>,16
9,15,|10100010>,19
9,15,|00101010>,10
9,15,|10011000>,8
9,15,|10001101>,12
9,15,|01111111>,3
9,15,|10110111>,21
9,15,|00011001>,8
9,15,|00110001>,4
9,15,|10100111>,24
9,15,|00010011>,12
9,15,|00111011>,2
9,15,|00011100>,10
9,15,|01111001>,4
9,15,|10001100>,7
9,15,|01001011>,1
9,15,|10101101>,24
9,15,|01000111>,3
9,15,|01111100>,4
9,15,|01110100>,3
9,15,|10001000>,7
9,15,|00001001>,11
9,15,|01110010>,2
9,15,|01111010>,4
9,15,|00110010>,3
9,15,|10011111>,14
9,15,|00011010>,6
9,15,|10100110>,11
9,15,|00010010>,9
9,15,|00100011>,6
9,15,|01000000>,2
9,15,|01110111>,3
9,15,|00110111>,3
9,15,|10000000>,5
9,15,|00101000>,6
9,15,|10000101>,8
9,15,|00100000>,9
9,15,|01000011>,2
9,15,|00111010>,2
9,15,|00101101>,5
9,15,|00011000>,6
9,15,|00010001>,5
9,15,|01110001>,3
9,15,|10001011>,6
9,15,|01111011>,3
9,15,|00101111>,5
9,15,|10000100>,2
9,15,|01110011>,3
9,15,|01110101>,3
9,15,|01111000>,5
9,15,|01111101>,2
9,15,|00000111>,12
9,15,|00111101>,4
9,15,|00011111>,5
9,15,|01111110>,3
9,15,|01101110>,1
9,15,|01101111>,3
9,15,|01000010>,1
9,15,|01100111>,2
9,15,|01101011>,1
9,15,|00111111>,2
9,15,|01110000>,2
9,15,|01011101>,1
9,15,|00110011>,1
9,15,|00110100>,3
9,15,|01101000>,1
9,15,|00110110>,1
9,15,|00110000>,1
9,16,|11100100>,34
9,16,|10110010>,30
9,16,|00011110>,10
9,16,|00100101>,5
9,16,|10110111>,28
9,16,|11010111>,38
9,16,|11111100>,48
9,16,|11100010>,47
9,16,|11001000>,34
9,16,|10010000>,7
9,16,|11111001>,41
9,16,|10101010>,22
9,16,|10001011>,4
9,16,|10100110>,17
9,16,|00011000>,10
9,16,|11000100>,36
9,16,|10111110>,13
9,16,|11011111>,38
9,16,|10111011>,26
9,16,|11110001>,43
9,16,|10111111>,25
9,16,|11001101>,30
9,16,|10011110>,13
9,16,|00111000>,4
9,16,|11101110>,45
9,16,|11111111>,45
9,16,|10110011>,25
9,16,|00100100>,10
9,16,|11101001>,45
9,16,|11110100>,53
9,16,|11101100>,55
9,16,|11111101>,52
9,16,|11001111>,26
9,16,|11000001>,25
9,16,|11100111>,47
9,16,|11100110>,50
9,16,|11000011>,31
9,16,|10101001>,17
9,16,|11010101>,40
9,16,|10110101>,21
9,16,|11000110>,29
9,16,|10100101>,17
9,16,|00010110>,10
9,16,|11001100>,37
9,16,|11011101>,42
9,16,|11011000>,25
9,16,|11111110>,44
9,16,|11010010>,35
9,16,|11001010>,34
9,16,|00001010>,14
9,16,|00000010>,16
9,16,|10101101>,13
9,16,|10111100>,23
9,16,|11110011>,49
9,16,|11111010>,42
9,16,|11111000>,54
9,16,|11111011>,61
9,16,|11110111>,62
9,16,|00101111>,4
9,16,|11100101>,35
9,16,|10110100>,20
9,16,|00000000>,17
9,16,|11110010>,35
9,16,|10111000>,28
9,16,|00100111>,7
9,16,|00000110>,14
9,16,|11101000>,39
9,16,|10101111>,21
9,16,|10011111>,8
9,16,|11101010>,44
9,16,|11100000>,44
9,16,|11011010>,35
9,16,|00010010>,13
9,16,|00001001>,23
9,16,|10111101>,28
9,16,|10000000>,3
9,16,|11101111>,53
9,16,|11001110>,36
9,16,|11010000>,43
9,16,|11110101>,48
9,16,|10100111>,17
9,16,|10011001>,9
9,16,|11001011>,26
9,16,|00000101>,15
9,16,|10100011>,16
9,16,|11110000>,51
9,16,|11000111>,33
9,16,|11011011>,46
9,16,|10011100>,10
9,16,|11100011>,50
9,16,|11101011>,49
9,16,|10101000>,17
9,16,|11010001>,29
9,16,|11000101>,32
9,16,|10111001>,19
9,16,|11010011>,37
9,16,|11011001>,32
9,16,|11001001>,42
9,16,|10110001>,21
9,16,|00000100>,18
9,16,|00011111>,13
9,16,|01111100>,3
9,16,|00001111>,6
9,16,|00001100>,13
9,16,|11010110>,33
9,16,|10010111>,12
9,16,|10011010>,18
9,16,|11011110>,38
9,16,|10110000>,18
9,16,|11000010>,30
9,16,|11100001>,51
9,16,|10101011>,16
9,16,|00011001>,9
9,16,|01101001>,1
9,16,|10111010>,26
9,16,|11101101>,42
9,16,|10010100>,10
9,16,|11110110>,47
9,16,|10001111>,7
9,16,|01111101>,9
9,16,|01110110>,2
9,16,|10011011>,9
9,16,|01000111>,1
9,16,|10011000>,12
9,16,|00001011>,16
9,16,|10001101>,3
9,16,|00010101>,16
9,16,|10001000>,7
9,16,|11011100>,45
9,16,|00011011>,9
9,16,|11010100>,35
9,16,|00010001>,12
9,16,|11000000>,20
9,16,|01100111>,1
9,16,|10110110>,16
9,16,|10000011>,6
9,16,|00001110>,14
9,16,|10010010>,18
9,16,|10001100>,6
9,16,|00100011>,12
9,16,|10010110>,10
9,16,|10001001>,9
9,16,|01110001>,2
9,16,|10000010>,4
9,16,|00000001>,12
9,16,|01101011>,3
9,16,|10101110>,27
9,16,|00010111>,10
9,16,|10101100>,20
9,16,|01110011>,2
9,16,|00000011>,14
9,16,|10011101>,5
9,16,|10010101>,5
9,16,|00100010>,10
9,16,|00110011>,2
9,16,|01110111>,4
9,16,|00001000>,10
9,16,|00110111>,4
9,16,|01111011>,3
9,16,|01110101>,5
9,16,|10010011>,10
9,16,|10000110>,9
9,16,|10100001>,9
9,16,|00101100>,4
9,16,|00110010>,4
9,16,|00101010>,4
9,16,|00010000>,17
9,16,|10010001>,7
9,16,|00011100>,10
9,16,|10100000>,19
9,16,|00101001>,4
9,16,|00111100>,1
9,16,|00010100>,11
9,16,|00101000>,6
9,16,|01101100>,2
9,16,|10001010>,11
9,16,|01000010>,2
9,16,|00011101>,10
9,16,|10100010>,13
9,16,|01000011>,2
9,16,|00101101>,4
9,16,|00110000>,6
9,16,|01111000>,2
9,16,|00100001>,4
9,16,|01101110>,1
9,16,|10000101>,9
9,16,|01000101>,2
9,16,|10000111>,6
9,16,|00001101>,8
9,16,|10000100>,7
9,16,|01100011>,2
9,16,|00101011>,3
9,16,|00000111>,11
9,16,|00100000>,3
9,16,|00101110>,7
9,16,|10100100>,10
9,16,|00010011>,9
9,16,|00111001>,5
9,16,|00100110>,4
9,16,|00111111>,4
9,16,|10001110>,8
9,16,|01111111>,3
9,16,|01110000>,2
9,16,|00110001>,4
9,16,|01111110>,1
9,16,|01101111>,1
9,16,|01111010>,1
9,16,|10000001>,3
9,16,|00011010>,3
9,16,|01000000>,3
9,16,|01001110>,1
9,16,|01100101>,1
9,16,|00110110>,2
9,16,|01100100>,1
9,16,|01000001>,1
9,16,|01111001>,2
9,16,|00111010>,2
9,16,|00111110>,2
9,16,|00110101>,1
9,16,|01100110>,1
9,16,|01110100>,1
9,16,|01000110>,1
9,16,|01101101>,1
9,16,|01110010>,1
